{
    "1": {
        "n_train": 37884,
        "n_features_in": 2968,
        "n_features": 30,
        "n_classes": 75,
        "scale": false,
        "normalize": false,
        "train_accuracy": 0.6992133882377785,
        "train_f1_micro": 0.6992133882377785,
        "train_f1_macro": 0.5390139890014289,
        "train_f1_weighted": 0.6891457522596929,
        "train_ROC": 0.9883460881690879,
        "n_test": 37885,
        "test_accuracy": 0.6837798601029431,
        "test_f1_micro": 0.6837798601029431,
        "test_f1_macro": 0.5021152064171136,
        "test_f1_weighted": 0.672803573077113,
        "test_ROC": 0.9859123520166068,
        "solution": [170, 182, 334, 412, 418, 662, 682, 885, 973, 979, 1063, 1301, 1391, 1553, 1603, 1685, 1761, 1821, 1853, 1939, 2021, 2124, 2135, 2139, 2408, 2689, 2738, 2751, 2754, 2961]
    },
    "2": {
        "n_train": 37884,
        "n_features_in": 2968,
        "n_features": 54,
        "n_classes": 75,
        "scale": false,
        "normalize": false,
        "train_accuracy": 0.7897001372611129,
        "train_f1_micro": 0.789700137261113,
        "train_f1_macro": 0.6795194579131306,
        "train_f1_weighted": 0.7859899675252487,
        "train_ROC": 0.99498737598525,
        "n_test": 37885,
        "test_accuracy": 0.7658440015837402,
        "test_f1_micro": 0.7658440015837401,
        "test_f1_macro": 0.613306662406454,
        "test_f1_weighted": 0.7611340292040868,
        "test_ROC": 0.9918105156201193,
        "solution": [37, 46, 49, 170, 182, 231, 334, 371, 372, 412, 418, 662, 682, 685, 775, 885, 973, 974, 979, 981, 1063, 1124, 1264, 1301, 1320, 1358, 1377, 1391, 1540, 1553, 1555, 1603, 1685, 1761, 1821, 1846, 1853, 1906, 1939, 2021, 2124, 2135, 2139, 2350, 2408, 2643, 2689, 2704, 2734, 2738, 2751, 2754, 2897, 2961]
    },
    "3": {
        "n_train": 37884,
        "n_features_in": 2968,
        "n_features": 77,
        "n_classes": 75,
        "scale": false,
        "normalize": false,
        "train_accuracy": 0.8274733396684616,
        "train_f1_micro": 0.8274733396684616,
        "train_f1_macro": 0.7399036529649474,
        "train_f1_weighted": 0.8251661137569442,
        "train_ROC": 0.9966732992794609,
        "n_test": 37885,
        "test_accuracy": 0.7922396726936782,
        "test_f1_micro": 0.7922396726936782,
        "test_f1_macro": 0.6549169235584331,
        "test_f1_weighted": 0.7892881322138046,
        "test_ROC": 0.9932844607404451,
        "solution": [37, 46, 49, 166, 170, 182, 231, 234, 320, 334, 371, 372, 412, 418, 662, 682, 685, 775, 812, 850, 872, 885, 973, 974, 979, 981, 1010, 1063, 1065, 1124, 1148, 1197, 1264, 1301, 1320, 1358, 1377, 1391, 1540, 1553, 1555, 1603, 1683, 1685, 1761, 1821, 1846, 1853, 1906, 1939, 1952, 2021, 2056, 2071, 2124, 2125, 2133, 2135, 2139, 2239, 2301, 2350, 2408, 2423, 2463, 2497, 2579, 2643, 2689, 2704, 2714, 2734, 2738, 2751, 2754, 2897, 2961]
    },
    "4": {
        "n_train": 37884,
        "n_features_in": 2968,
        "n_features": 102,
        "n_classes": 75,
        "scale": false,
        "normalize": false,
        "train_accuracy": 0.8608647450110865,
        "train_f1_micro": 0.8608647450110865,
        "train_f1_macro": 0.8002692848471826,
        "train_f1_weighted": 0.8595779264224109,
        "train_ROC": 0.9978382156284206,
        "n_test": 37885,
        "test_accuracy": 0.8111125775372839,
        "test_f1_micro": 0.8111125775372839,
        "test_f1_macro": 0.6753356405830419,
        "test_f1_weighted": 0.8091185653860551,
        "test_ROC": 0.9941803423306843,
        "solution": [37, 46, 49, 83, 166, 167, 170, 182, 231, 234, 243, 303, 320, 334, 371, 372, 412, 418, 514, 662, 682, 685, 686, 775, 812, 850, 872, 885, 960, 966, 973, 974, 979, 981, 1010, 1062, 1063, 1065, 1124, 1148, 1197, 1223, 1253, 1264, 1301, 1320, 1358, 1377, 1391, 1400, 1468, 1497, 1540, 1553, 1555, 1603, 1624, 1660, 1683, 1685, 1718, 1743, 1761, 1821, 1846, 1853, 1906, 1939, 1952, 2021, 2056, 2071, 2124, 2125, 2133, 2135, 2139, 2230, 2239, 2288, 2301, 2302, 2350, 2408, 2423, 2463, 2497, 2579, 2583, 2597, 2643, 2689, 2704, 2714, 2734, 2738, 2751, 2754, 2896, 2897, 2961, 2964]
    },
    "5": {
        "n_train": 37884,
        "n_features_in": 2968,
        "n_features": 121,
        "n_classes": 75,
        "scale": false,
        "normalize": false,
        "train_accuracy": 0.8833808467954809,
        "train_f1_micro": 0.8833808467954809,
        "train_f1_macro": 0.8418917334081174,
        "train_f1_weighted": 0.8825056061389687,
        "train_ROC": 0.9984651752230511,
        "n_test": 37885,
        "test_accuracy": 0.821723637323479,
        "test_f1_micro": 0.8217236373234789,
        "test_f1_macro": 0.6902526778282779,
        "test_f1_weighted": 0.8203956232919138,
        "test_ROC": 0.9947183038513449,
        "solution": [37, 46, 49, 83, 166, 167, 169, 170, 182, 231, 234, 243, 303, 320, 334, 371, 372, 404, 412, 418, 446, 514, 662, 682, 685, 686, 775, 792, 812, 850, 872, 885, 960, 966, 973, 974, 979, 981, 993, 1010, 1058, 1062, 1063, 1065, 1079, 1108, 1124, 1148, 1151, 1197, 1223, 1253, 1264, 1288, 1301, 1320, 1358, 1377, 1391, 1400, 1468, 1497, 1540, 1553, 1555, 1597, 1603, 1624, 1660, 1683, 1685, 1718, 1743, 1761, 1821, 1826, 1846, 1853, 1863, 1906, 1939, 1952, 1965, 2021, 2041, 2056, 2071, 2124, 2125, 2133, 2135, 2139, 2152, 2206, 2230, 2239, 2288, 2301, 2302, 2350, 2408, 2423, 2463, 2497, 2507, 2579, 2583, 2597, 2643, 2689, 2698, 2704, 2714, 2734, 2738, 2751, 2754, 2896, 2897, 2961, 2964]
    },
    "6": {
        "n_train": 37884,
        "n_features_in": 2968,
        "n_features": 145,
        "n_classes": 75,
        "scale": false,
        "normalize": false,
        "train_accuracy": 0.9029405553795797,
        "train_f1_micro": 0.9029405553795797,
        "train_f1_macro": 0.8767769759549454,
        "train_f1_weighted": 0.9024045147606937,
        "train_ROC": 0.9989580756771037,
        "n_test": 37885,
        "test_accuracy": 0.828929655536492,
        "test_f1_micro": 0.828929655536492,
        "test_f1_macro": 0.6945544048943111,
        "test_f1_weighted": 0.8279195325918183,
        "test_ROC": 0.9949642200171125,
        "solution": [37, 46, 49, 83, 142, 164, 166, 167, 169, 170, 182, 231, 234, 243, 260, 294, 303, 318, 320, 334, 371, 372, 404, 412, 418, 446, 487, 514, 525, 548, 599, 662, 682, 685, 686, 687, 775, 792, 802, 812, 850, 872, 885, 960, 965, 966, 973, 974, 979, 981, 993, 1010, 1058, 1062, 1063, 1065, 1079, 1108, 1124, 1148, 1151, 1197, 1223, 1253, 1264, 1288, 1301, 1320, 1358, 1377, 1391, 1400, 1468, 1497, 1540, 1553, 1555, 1597, 1603, 1624, 1630, 1660, 1683, 1685, 1689, 1718, 1743, 1761, 1821, 1826, 1835, 1842, 1846, 1853, 1863, 1896, 1905, 1906, 1939, 1952, 1965, 2021, 2041, 2056, 2071, 2124, 2125, 2133, 2135, 2139, 2152, 2206, 2230, 2239, 2288, 2301, 2302, 2350, 2408, 2423, 2463, 2497, 2507, 2525, 2579, 2583, 2597, 2643, 2689, 2698, 2704, 2708, 2714, 2734, 2738, 2751, 2754, 2819, 2866, 2893, 2896, 2897, 2961, 2964, 2966]
    },
    "7": {
        "n_train": 37884,
        "n_features_in": 2968,
        "n_features": 180,
        "n_classes": 75,
        "scale": false,
        "normalize": false,
        "train_accuracy": 0.9242952169781438,
        "train_f1_micro": 0.9242952169781438,
        "train_f1_macro": 0.9157959310672931,
        "train_f1_weighted": 0.9240088898896222,
        "train_ROC": 0.9993386601365106,
        "n_test": 37885,
        "test_accuracy": 0.8335225023096212,
        "test_f1_micro": 0.8335225023096212,
        "test_f1_macro": 0.6981279696448766,
        "test_f1_weighted": 0.8327474524308693,
        "test_ROC": 0.9950494647149255,