{
    "1": {
        "n_train": 37884,
        "n_features_in": 2968,
        "n_features": 30,
        "n_classes": 75,
        "scale": false,
        "normalize": false,
        "train_accuracy": 0.6302924717558864,
        "train_f1_micro": 0.6302924717558864,
        "train_f1_macro": 0.43445676874066635,
        "train_f1_weighted": 0.6143635962581971,
        "train_ROC": 0.9832598837588387,
        "n_test": 37885,
        "test_accuracy": 0.6228850468523163,
        "test_f1_micro": 0.6228850468523163,
        "test_f1_macro": 0.40016775838758045,
        "test_f1_weighted": 0.6056808669252861,
        "test_ROC": 0.980153788466003,
        "solution": [37, 49, 170, 234, 412, 682, 872, 979, 980, 981, 1063, 1148, 1264, 1301, 1377, 1553, 1555, 1597, 1689, 1761, 1765, 1821, 1846, 1939, 2239, 2350, 2423, 2792, 2897, 2961]
    },
    "2": {
        "n_train": 37884,
        "n_features_in": 2968,
        "n_features": 54,
        "n_classes": 75,
        "scale": false,
        "normalize": false,
        "train_accuracy": 0.7256889452011404,
        "train_f1_micro": 0.7256889452011404,
        "train_f1_macro": 0.59567918172893,
        "train_f1_weighted": 0.7188755477219093,
        "train_ROC": 0.991487437901258,
        "n_test": 37885,
        "test_accuracy": 0.702969512999868,
        "test_f1_micro": 0.702969512999868,
        "test_f1_macro": 0.5268010438692167,
        "test_f1_weighted": 0.6947585236507452,
        "test_ROC": 0.9877859325843237,
        "solution": [37, 49, 56, 167, 170, 234, 412, 682, 775, 780, 849, 872, 960, 973, 979, 980, 981, 992, 1063, 1148, 1264, 1301, 1377, 1449, 1553, 1555, 1597, 1624, 1689, 1690, 1761, 1765, 1821, 1842, 1846, 1863, 1906, 1907, 1939, 1952, 2021, 2031, 2124, 2239, 2288, 2350, 2408, 2423, 2544, 2583, 2792, 2897, 2960, 2961]
    },
    "3": {
        "n_train": 37884,
        "n_features_in": 2968,
        "n_features": 77,
        "n_classes": 75,
        "scale": false,
        "normalize": false,
        "train_accuracy": 0.7693749340090803,
        "train_f1_micro": 0.7693749340090803,
        "train_f1_macro": 0.6713359104787349,
        "train_f1_weighted": 0.7650563016491507,
        "train_ROC": 0.9940639979336237,
        "n_test": 37885,
        "test_accuracy": 0.7324006862874488,
        "test_f1_micro": 0.7324006862874487,
        "test_f1_macro": 0.561178854910983,
        "test_f1_weighted": 0.7266741609623762,
        "test_ROC": 0.9896020165032258,
        "solution": [37, 49, 56, 83, 84, 167, 170, 171, 182, 234, 334, 412, 682, 775, 776, 780, 849, 872, 960, 973, 979, 980, 981, 983, 992, 993, 1063, 1148, 1159, 1197, 1264, 1301, 1377, 1391, 1449, 1468, 1553, 1555, 1597, 1624, 1636, 1689, 1690, 1761, 1765, 1821, 1842, 1846, 1860, 1863, 1865, 1906, 1907, 1939, 1952, 2019, 2021, 2031, 2124, 2239, 2288, 2331, 2350, 2408, 2423, 2427, 2507, 2544, 2572, 2583, 2737, 2792, 2893, 2897, 2929, 2960, 2961]
    },
    "4": {
        "n_train": 37884,
        "n_features_in": 2968,
        "n_features": 102,
        "n_classes": 75,
        "scale": false,
        "normalize": false,
        "train_accuracy": 0.8079400274522226,
        "train_f1_micro": 0.8079400274522226,
        "train_f1_macro": 0.7389196239319056,
        "train_f1_weighted": 0.8055842264396347,
        "train_ROC": 0.9959130009161996,
        "n_test": 37885,
        "test_accuracy": 0.7598257885706744,
        "test_f1_micro": 0.7598257885706743,
        "test_f1_macro": 0.5980019594304781,
        "test_f1_weighted": 0.7560348167830471,
        "test_ROC": 0.9911201400081986,
        "solution": [37, 49, 56, 83, 84, 167, 170, 171, 179, 182, 223, 234, 303, 334, 380, 412, 447, 682, 775, 776, 780, 849, 872, 960, 966, 973, 974, 979, 980, 981, 982, 983, 992, 993, 1062, 1063, 1079, 1148, 1159, 1197, 1264, 1301, 1336, 1358, 1377, 1391, 1449, 1468, 1553, 1555, 1597, 1624, 1636, 1689, 1690, 1761, 1765, 1821, 1842, 1846, 1860, 1863, 1865, 1906, 1907, 1920, 1939, 1952, 2019, 2021, 2031, 2056, 2124, 2125, 2138, 2207, 2239, 2288, 2302, 2331, 2350, 2408, 2423, 2425, 2427, 2497, 2507, 2544, 2563, 2572, 2583, 2594, 2599, 2643, 2737, 2792, 2893, 2897, 2929, 2943, 2960, 2961]
    },
    "5": {
        "n_train": 37884,
        "n_features_in": 2968,
        "n_features": 121,
        "n_classes": 75,
        "scale": false,
        "normalize": false,
        "train_accuracy": 0.838718192376729,
        "train_f1_micro": 0.838718192376729,
        "train_f1_macro": 0.7876586626086174,
        "train_f1_weighted": 0.8371940177289283,
        "train_ROC": 0.9972339855243956,
        "n_test": 37885,
        "test_accuracy": 0.783845849280718,
        "test_f1_micro": 0.7838458492807181,
        "test_f1_macro": 0.6336104188084871,
        "test_f1_weighted": 0.7809386752883811,
        "test_ROC": 0.9924836652067902,
        "solution": [37, 49, 56, 83, 84, 109, 137, 167, 170, 171, 179, 182, 223, 233, 234, 260, 267, 294, 303, 334, 371, 380, 412, 418, 419, 447, 592, 682, 775, 776, 780, 849, 872, 960, 966, 973, 974, 979, 980, 981, 982, 983, 992, 993, 1062, 1063, 1079, 1148, 1159, 1172, 1197, 1253, 1264, 1301, 1336, 1358, 1377, 1391, 1449, 1468, 1497, 1553, 1555, 1597, 1624, 1636, 1689, 1690, 1761, 1765, 1821, 1832, 1842, 1846, 1860, 1863, 1865, 1906, 1907, 1909, 1920, 1939, 1952, 1965, 2019, 2021, 2031, 2056, 2124, 2125, 2138, 2207, 2239, 2288, 2302, 2331, 2350, 2408, 2410, 2423, 2425, 2427, 2497, 2507, 2544, 2555, 2563, 2572, 2583, 2594, 2599, 2643, 2704, 2737, 2792, 2893, 2897, 2929, 2943, 2960, 2961]
    },
    "6": {
        "n_train": 37884,
        "n_features_in": 2968,
        "n_features": 145,
        "n_classes": 75,
        "scale": false,
        "normalize": false,
        "train_accuracy": 0.8613398796325625,
        "train_f1_micro": 0.8613398796325625,
        "train_f1_macro": 0.8313136637302585,
        "train_f1_weighted": 0.8603181596762746,
        "train_ROC": 0.9979187078170851,
        "n_test": 37885,
        "test_accuracy": 0.7912894285337204,
        "test_f1_micro": 0.7912894285337204,
        "test_f1_macro": 0.6406888955225564,
        "test_f1_weighted": 0.7888105948256485,
        "test_ROC": 0.9928685910852569,
        "solution": [37, 49, 56, 83, 84, 109, 132, 137, 163, 166, 167, 168, 170, 171, 179, 182, 223, 233, 234, 260, 267, 294, 303, 334, 344, 371, 380, 412, 418, 419, 429, 447, 592, 682, 775, 776, 780, 817, 849, 872, 913, 960, 966, 973, 974, 979, 980, 981, 982, 983, 992, 993, 1058, 1062, 1063, 1079, 1148, 1159, 1172, 1197, 1253, 1264, 1301, 1336, 1358, 1377, 1391, 1449, 1468, 1497, 1553, 1555, 1560, 1564, 1584, 1597, 1624, 1636, 1689, 1690, 1741, 1761, 1765, 1791, 1821, 1832, 1842, 1846, 1860, 1863, 1865, 1906, 1907, 1909, 1920, 1939, 1952, 1965, 2017, 2019, 2021, 2031, 2056, 2124, 2125, 2138, 2178, 2207, 2239, 2288, 2301, 2302, 2331, 2350, 2408, 2410, 2423, 2425, 2427, 2471, 2497, 2498, 2507, 2544, 2555, 2563, 2572, 2583, 2594, 2599, 2643, 2698, 2704, 2737, 2738, 2761, 2792, 2880, 2893, 2897, 2929, 2939, 2943, 2960, 2961]
    },
    "7": {
        "n_train": 37884,
        "n_features_in": 2968,
        "n_features": 180,
        "n_classes": 75,
        "scale": false,
        "normalize": false,
        "train_accuracy": 0.8902702988068841,
        "train_f1_micro": 0.8902702988068841,
        "train_f1_macro": 0.8744865621766964,
        "train_f1_weighted": 0.8896399749840315,
        "train_ROC": 0.9986608165514792,
        "n_test": 37885,
        "test_accuracy": 0.8054111125775373,
        "test_f1_micro": 0.8054111125775373,
        "test_f1_macro": 0.6563690072904728,
        "test_f1_weighted": 0.8034630348137496,
        "test_ROC": 0.9932278652462742,