{
    "1": {
        "n_features": 53,
        "phenotypes": 75,
        "n_features_in": 2968,
        "JS": 0.23317821668904315,
        "entropy": 0.23505745958719193,
        "pearson": 0.8575724451675761,
        "deconvolution": [0.01633222629107959, 0.011483590383165938, 0.0038923561632559925, 0.0, 0.040073412291125036, 0.005175578735015179, 0.005633062705701633, 0.01312292640803963, 0.008010024879585279, 0.002797779153470613, 0.00828204481708005, 0.016796013982462124, 0.0, 0.0017027847593154366, 0.0, 0.0023960517178645818, 0.0, 0.006486241661574339, 0.055357768579393445, 0.03571716824110897, 0.0033405185364625612, 0.014656060957322446, 0.026864644353616282, 0.06240260491899569, 0.016733692918857526, 0.0, 0.0, 0.0011466300513827076, 0.004782604248698938, 0.008726717590294378, 0.0002823389286842282, 0.017626496905969007, 0.02181583366509314, 0.016839050326566463, 0.01653487944084001, 0.0, 0.008583221450666347, 0.01265469114377839, 0.007804439871325305, 0.006215571425653889, 0.01163535935554667, 0.019699144934348507, 0.0, 0.01021068526497008, 0.01602655955532683, 0.009225419844686193, 0.0, 0.014895730901449872, 0.020558884528108282, 0.01403713761662178, 0.019006148415654855, 0.060150134521770426, 0.0331774831205606, 0.0014986350196410096, 0.009230694481912598, 0.0004673409073553632, 0.01481711850191252, 0.040034186305553665, 0.017804298399711302, 0.016055562719894067, 0.014280003044298308, 0.0011191404041457449, 0.01934537933468145, 0.0, 0.013651789633837431, 0.0076078101703461855, 0.005128779466030129, 0.0036046607495735443, 0.020828396195659692, 0.0, 0.01424361633989879, 0.01966645483590548, 0.043913400509272976, 0.019234951118842627, 0.008576066299037887],
        "solution": [33, 164, 185, 192, 194, 209, 231, 286, 320, 371, 404, 473, 552, 562, 592, 662, 717, 775, 791, 812, 820, 850, 965, 966, 985, 1231, 1415, 1449, 1537, 1540, 1603, 1631, 1685, 1853, 1935, 2066, 2070, 2071, 2174, 2207, 2230, 2408, 2471, 2579, 2594, 2638, 2714, 2734, 2738, 2751, 2804, 2866, 2961]
    },
    "2": {
        "n_features": 92,
        "phenotypes": 75,
        "n_features_in": 2968,
        "JS": 0.192298512910858,
        "entropy": 0.14378980419897885,
        "pearson": 0.9460152178735695,
        "deconvolution": [0.0016468357701310227, 0.006991333252198167, 0.0, 0.003605679633807326, 0.042878028024233676, 0.0, 0.009970284761376208, 0.013224998337375988, 0.011373239921971862, 0.0027472816368020957, 0.0, 0.019735463642265413, 0.0032933015565013873, 0.010047914984211353, 0.0022300625830149238, 0.010377687902064331, 0.0034501772345991136, 0.0, 0.05126629297647021, 0.04300120323152948, 0.008885155184453862, 0.008486816317804834, 0.016730472328894123, 0.057343636408760924, 0.010380446012621655, 0.0, 0.002738937158135789, 0.009314383347345934, 0.006073669235031742, 0.0, 0.01936815637834029, 0.06149240571672255, 0.02515612622458852, 0.010289488738799967, 0.00792674673599814, 0.0, 0.008253980892199272, 0.0006586441414671276, 0.0, 0.009192340630434935, 0.018914666762977404, 0.021171407305968473, 0.0, 0.011478057464339168, 0.01924238851361599, 0.006192182688689517, 0.002917290271935545, 0.012159005412823951, 0.020697677187193047, 0.018050218901469038, 0.025892690553632428, 0.0579850400103948, 0.016748816738815068, 0.0016502665561869854, 0.002114547184750686, 0.008538025064261991, 0.005285742544762278, 0.041017651211452795, 0.02045043281338744, 0.017436769886657967, 0.014799463043169635, 0.0, 0.016468552871656564, 0.0, 0.014030335048217258, 0.004946693074184806, 0.0032309210599827504, 0.0020657530870775934, 0.0011859069775546208, 0.02032179986582909, 0.021700099191097187, 0.013356421932240027, 0.0420861770849658, 0.016291945129081054, 0.003441863661476719],
        "solution": [33, 34, 35, 58, 164, 185, 192, 194, 208, 209, 231, 286, 320, 370, 371, 372, 404, 446, 473, 494, 552, 562, 592, 662, 682, 686, 717, 741, 775, 791, 792, 812, 820, 840, 843, 850, 869, 965, 966, 967, 985, 1063, 1231, 1327, 1391, 1393, 1415, 1449, 1537, 1540, 1597, 1603, 1631, 1683, 1685, 1763, 1843, 1853, 1907, 1935, 2056, 2066, 2070, 2071, 2124, 2130, 2174, 2207, 2230, 2236, 2239, 2408, 2423, 2467, 2471, 2507, 2579, 2594, 2638, 2640, 2714, 2734, 2738, 2751, 2757, 2781, 2792, 2804, 2866, 2896, 2960, 2961]
    },
    "3": {
        "n_features": 124,
        "phenotypes": 75,
        "n_features_in": 2968,
        "JS": 0.17913607246438112,
        "entropy": 0.1274471998017348,
        "pearson": 0.9544556944501961,
        "deconvolution": [0.0, 0.012255299923471552, 0.004786531025114563, 0.0020224795051038192, 0.0488462640018812, 0.0, 0.0037754220794791967, 0.00319829336726392, 0.0063586889487591575, 0.0006088702109003046, 0.0, 0.016667906891429916, 0.004030910341016249, 0.009755291915715858, 0.0033019790187238467, 0.010463156323323416, 0.0049107861384928035, 0.006300379874956496, 0.05282254499905221, 0.04553973452491592, 0.008426930651719993, 0.0052239827368736145, 0.020231853830641702, 0.06331207947892233, 0.011304280159559319, 0.0, 0.018016885015807668, 0.00517331799556376, 0.004206875447064122, 0.0, 0.013577061325444973, 0.05525746017645995, 0.023959150421750522, 0.014481231501787638, 0.00799973195221375, 0.006940247806656349, 0.012693073245704541, 0.0055191127362752305, 0.0, 0.005694545368469883, 0.019462186402812102, 0.016663707119950237, 0.0, 0.01189256667415042, 0.014072640529172216, 0.00864619954444429, 0.0, 0.012384849479822366, 0.02258607285521581, 0.01736439419873218, 0.021935563304188048, 0.06044235783879877, 0.01749971759482255, 0.0007680532058427314, 0.009089275128741853, 0.0, 0.01353594285702571, 0.04095384835316078, 0.02316959460257743, 0.019825907231033387, 0.012662896486570213, 0.0, 0.005338768242915886, 0.0, 0.01149720186976179, 0.0058280080021833915, 0.0018260379514060923, 0.001831084018424976, 0.01000437654254661, 0.01360932362139746, 0.02012952377188078, 0.00992410140015952, 0.044236661889564585, 0.007850509737467874, 0.007306270604714128],
        "solution": [33, 34, 35, 58, 137, 142, 164, 168, 185, 192, 194, 208, 209, 231, 286, 313, 320, 358, 370, 371, 372, 379, 380, 404, 446, 473, 494, 509, 552, 562, 592, 662, 682, 686, 717, 741, 775, 791, 792, 812, 820, 840, 843, 850, 869, 913, 965, 966, 967, 969, 982, 984, 985, 1063, 1151, 1223, 1231, 1264, 1320, 1327, 1391, 1393, 1400, 1415, 1449, 1456, 1537, 1540, 1597, 1603, 1631, 1647, 1660, 1683, 1685, 1729, 1743, 1763, 1843, 1852, 1853, 1907, 1935, 2056, 2066, 2070, 2071, 2124, 2130, 2174, 2207, 2230, 2236, 2239, 2350, 2408, 2410, 2423, 2467, 2471, 2497, 2507, 2530, 2579, 2594, 2638, 2640, 2656, 2714, 2716, 2734, 2738, 2751, 2757, 2768, 2781, 2792, 2804, 2866, 2896, 2927, 2937, 2960, 2961]
    },
    "4": {
        "n_features": 164,
        "phenotypes": 75,
        "n_features_in": 2968,
        "JS": 0.16721962726468662,
        "entropy": 0.11091596216573416,
        "pearson": 0.9531778221105801,