{
    "1": {
        "n_train": 37884,
        "n_features_in": 2968,
        "n_features": 53,
        "n_classes": 75,
        "scale": false,
        "normalize": false,
        "train_accuracy": 0.6018371872030409,
        "train_f1_micro": 0.6018371872030409,
        "train_f1_macro": 0.46475453555986895,
        "train_f1_weighted": 0.5872974454011959,
        "train_ROC": 0.9845280325647032,
        "n_test": 37885,
        "test_accuracy": 0.5866701860894813,
        "test_f1_micro": 0.5866701860894813,
        "test_f1_macro": 0.42223930035406576,
        "test_f1_weighted": 0.5702659514343206,
        "test_ROC": 0.9794189929852667,
        "solution": [33, 164, 185, 192, 194, 209, 231, 286, 320, 371, 404, 473, 552, 562, 592, 662, 717, 775, 791, 812, 820, 850, 965, 966, 985, 1231, 1415, 1449, 1537, 1540, 1603, 1631, 1685, 1853, 1935, 2066, 2070, 2071, 2174, 2207, 2230, 2408, 2471, 2579, 2594, 2638, 2714, 2734, 2738, 2751, 2804, 2866, 2961]
    },
    "2": {
        "n_train": 37884,
        "n_features_in": 2968,
        "n_features": 92,
        "n_classes": 75,
        "scale": false,
        "normalize": false,
        "train_accuracy": 0.7029880688417274,
        "train_f1_micro": 0.7029880688417274,
        "train_f1_macro": 0.5900188368069824,
        "train_f1_weighted": 0.6951988677280407,
        "train_ROC": 0.9910192523118877,
        "n_test": 37885,
        "test_accuracy": 0.6636927543882803,
        "test_f1_micro": 0.6636927543882803,
        "test_f1_macro": 0.49323373807136034,
        "test_f1_weighted": 0.6527464883403327,
        "test_ROC": 0.9856730580339371,
        "solution": [33, 34, 35, 58, 164, 185, 192, 194, 208, 209, 231, 286, 320, 370, 371, 372, 404, 446, 473, 494, 552, 562, 592, 662, 682, 686, 717, 741, 775, 791, 792, 812, 820, 840, 843, 850, 869, 965, 966, 967, 985, 1063, 1231, 1327, 1391, 1393, 1415, 1449, 1537, 1540, 1597, 1603, 1631, 1683, 1685, 1763, 1843, 1853, 1907, 1935, 2056, 2066, 2070, 2071, 2124, 2130, 2174, 2207, 2230, 2236, 2239, 2408, 2423, 2467, 2471, 2507, 2579, 2594, 2638, 2640, 2714, 2734, 2738, 2751, 2757, 2781, 2792, 2804, 2866, 2896, 2960, 2961]
    },
    "3": {
        "n_train": 37884,
        "n_features_in": 2968,
        "n_features": 124,
        "n_classes": 75,
        "scale": false,
        "normalize": false,
        "train_accuracy": 0.7585788195544293,
        "train_f1_micro": 0.7585788195544293,
        "train_f1_macro": 0.6809409360954938,
        "train_f1_weighted": 0.7547130650271403,
        "train_ROC": 0.9940718790708203,
        "n_test": 37885,
        "test_accuracy": 0.7050283753464431,
        "test_f1_micro": 0.7050283753464431,
        "test_f1_macro": 0.5485760329576307,
        "test_f1_weighted": 0.6986715821811722,
        "test_ROC": 0.988361772230224,
        "solution": [33, 34, 35, 58, 137, 142, 164, 168, 185, 192, 194, 208, 209, 231, 286, 313, 320, 358, 370, 371, 372, 379, 380, 404, 446, 473, 494, 509, 552, 562, 592, 662, 682, 686, 717, 741, 775, 791, 792, 812, 820, 840, 843, 850, 869, 913, 965, 966, 967, 969, 982, 984, 985, 1063, 1151, 1223, 1231, 1264, 1320, 1327, 1391, 1393, 1400, 1415, 1449, 1456, 1537, 1540, 1597, 1603, 1631, 1647, 1660, 1683, 1685, 1729, 1743, 1763, 1843, 1852, 1853, 1907, 1935, 2056, 2066, 2070, 2071, 2124, 2130, 2174, 2207, 2230, 2236, 2239, 2350, 2408, 2410, 2423, 2467, 2471, 2497, 2507, 2530, 2579, 2594, 2638, 2640, 2656, 2714, 2716, 2734, 2738, 2751, 2757, 2768, 2781, 2792, 2804, 2866, 2896, 2927, 2937, 2960, 2961]
    },
    "4": {
        "n_train": 37884,
        "n_features_in": 2968,
        "n_features": 164,
        "n_classes": 75,
        "scale": false,
        "normalize": false,
        "train_accuracy": 0.8147766867279063,
        "train_f1_micro": 0.8147766867279064,
        "train_f1_macro": 0.7612564816552959,
        "train_f1_weighted": 0.8126191385639472,
        "train_ROC": 0.9964446798703379,
        "n_test": 37885,
        "test_accuracy": 0.7435924508380626,
        "test_f1_micro": 0.7435924508380627,
        "test_f1_macro": 0.5925807772902193,
        "test_f1_weighted": 0.7392181652813509,
        "test_ROC": 0.990632421821601,
        "solution": [4, 33, 34, 35, 38, 58, 137, 142, 164, 168, 169, 184, 185, 192, 194, 208, 209, 218, 224, 231, 233, 255, 286, 313, 314, 320, 358, 370, 371, 372, 379, 380, 404, 446, 472, 473, 494, 509, 514, 517, 552, 562, 592, 662, 682, 686, 717, 741, 755, 775, 791, 792, 812, 820, 840, 843, 850, 869, 872, 908, 913, 917, 965, 966, 967, 969, 979, 982, 984, 985, 1029, 1062, 1063, 1151, 1197, 1223, 1231, 1264, 1320, 1327, 1355, 1391, 1393, 1400, 1415, 1449, 1456, 1537, 1540, 1544, 1597, 1600, 1603, 1630, 1631, 1645, 1647, 1660, 1683, 1685, 1689, 1729, 1743, 1761, 1763, 1821, 1843, 1852, 1853, 1907, 1909, 1935, 1939, 1954, 2047, 2056, 2066, 2070, 2071, 2124, 2125, 2130, 2152, 2174, 2207, 2230, 2236, 2239, 2350, 2408, 2410, 2423, 2425, 2467, 2471, 2497, 2507, 2530, 2549, 2579, 2591, 2594, 2638, 2640, 2656, 2714, 2716, 2734, 2738, 2751, 2757, 2768, 2781, 2792, 2802, 2804, 2823, 2866, 2896, 2927, 2937, 2960, 2961, 2963]
    },
    "5": {
        "n_train": 37884,
        "n_features_in": 2968,
        "n_features": 192,
        "n_classes": 75,
        "scale": false,
        "normalize": false,
        "train_accuracy": 0.8403019744483159,
        "train_f1_micro": 0.8403019744483159,
        "train_f1_macro": 0.7999937723723582,
        "train_f1_weighted": 0.8387545988916647,
        "train_ROC": 0.9973156871758768,
        "n_test": 37885,
        "test_accuracy": 0.7552329417975452,
        "test_f1_micro": 0.7552329417975451,
        "test_f1_macro": 0.6005229867151161,
        "test_f1_weighted": 0.7515593552654146,
        "test_ROC": 0.9910679749052539,
        "solution": [4, 24, 33, 34, 35, 38, 58, 137, 142, 164, 168, 169, 184, 185, 192, 194, 208, 209, 218, 224, 231, 233, 255, 286, 313, 314, 320, 336, 358, 370, 371, 372, 378, 379, 380, 404, 412, 446, 472, 473, 494, 509, 514, 517, 552, 555, 562, 592, 598, 662, 682, 683, 686, 717, 741, 755, 775, 791, 792, 812, 820, 840, 843, 850, 868, 869, 872, 877, 908, 913, 917, 965, 966, 967, 969, 979, 982, 984, 985, 1027, 1029, 1042, 1062, 1063, 1078, 1151, 1159, 1177, 1197, 1223, 1231, 1264, 1320, 1327, 1355, 1363, 1391, 1393, 1400, 1415, 1449, 1456, 1457, 1537, 1540, 1544, 1595, 1597, 1600, 1602, 1603, 1630, 1631, 1645, 1647, 1660, 1683, 1685, 1689, 1729, 1743, 1761, 1763, 1821, 1840, 1843, 1845, 1850, 1852, 1853, 1906, 1907, 1909, 1935, 1939, 1954, 2031, 2047, 2056, 2066, 2070, 2071, 2124, 2125, 2130, 2138, 2152, 2174, 2207, 2230, 2236, 2239, 2350, 2408, 2410, 2423, 2424, 2425, 2467, 2471, 2497, 2507, 2530, 2536, 2549, 2579, 2591, 2594, 2597, 2638, 2640, 2644, 2656, 2714, 2716, 2734, 2738, 2751, 2757, 2768, 2781, 2792, 2802, 2804, 2823, 2866, 2896, 2927, 2937, 2960, 2961, 2963]
    },
    "6": {
        "n_train": 37884,
        "n_features_in": 2968,
        "n_features": 220,
        "n_classes": 75,
        "scale": false,
        "normalize": false,
        "train_accuracy": 0.8561661915320452,
        "train_f1_micro": 0.8561661915320452,
        "train_f1_macro": 0.8277205940366941,
        "train_f1_weighted": 0.8549960828332861,
        "train_ROC": 0.9978476042932853,
        "n_test": 37885,
        "test_accuracy": 0.7598257885706744,
        "test_f1_micro": 0.7598257885706743,
        "test_f1_macro": 0.6066804727909338,
        "test_f1_weighted": 0.7571142906930896,
        "test_ROC": 0.9911590500099178,