{
    "1": {
        "n_train": 37884,
        "n_features_in": 2968,
        "n_features": 30,
        "n_classes": 75,
        "scale": false,
        "normalize": false,
        "train_accuracy": 0.5435540069686411,
        "train_f1_micro": 0.5435540069686411,
        "train_f1_macro": 0.3896816629365786,
        "train_f1_weighted": 0.5162423882820718,
        "train_ROC": 0.9796597461923767,
        "n_test": 37885,
        "test_accuracy": 0.5304474066253134,
        "test_f1_micro": 0.5304474066253134,
        "test_f1_macro": 0.3591718868869011,
        "test_f1_weighted": 0.5008554837753245,
        "test_ROC": 0.9757505686678997,
        "solution": [775, 1603, 1555, 1540, 981, 966, 1843, 2408, 979, 662, 2738, 2423, 1689, 2056, 969, 1600, 2471, 682, 1062, 194, 850, 1415, 2804, 2174, 982, 371, 2410, 1685, 1939, 2961]
    },
    "2": {
        "n_train": 37884,
        "n_features_in": 2968,
        "n_features": 54,
        "n_classes": 75,
        "scale": false,
        "normalize": false,
        "train_accuracy": 0.6636310843627917,
        "train_f1_micro": 0.6636310843627917,
        "train_f1_macro": 0.566236890490815,
        "train_f1_weighted": 0.6531209448063806,
        "train_ROC": 0.9891722358327841,
        "n_test": 37885,
        "test_accuracy": 0.6392239672693678,
        "test_f1_micro": 0.6392239672693678,
        "test_f1_macro": 0.5039533317925107,
        "test_f1_weighted": 0.6268091547822472,
        "test_ROC": 0.9853708386645424,
        "solution": [1603, 1540, 850, 775, 212, 981, 717, 412, 982, 1415, 2866, 2056, 1843, 966, 2471, 980, 992, 2961, 2230, 2408, 1906, 1846, 1555, 2424, 552, 1939, 979, 380, 2792, 791, 372, 993, 1761, 1224, 1062, 2410, 1907, 1223, 2738, 1729, 1689, 2207, 2960, 973, 1517, 371, 662, 2423, 2125, 1264, 2350, 2751, 792, 1853]
    },
    "3": {
        "n_train": 37884,
        "n_features_in": 2968,
        "n_features": 77,
        "n_classes": 75,
        "scale": false,
        "normalize": false,
        "train_accuracy": 0.730097138633724,
        "train_f1_micro": 0.730097138633724,
        "train_f1_macro": 0.6598355613925933,
        "train_f1_weighted": 0.7250216830588359,
        "train_ROC": 0.9932583454028554,
        "n_test": 37885,
        "test_accuracy": 0.6932559060314109,
        "test_f1_micro": 0.6932559060314109,
        "test_f1_macro": 0.5645128372240958,
        "test_f1_weighted": 0.6864536363127199,
        "test_ROC": 0.9890663198445022,
        "solution": [775, 850, 965, 791, 1603, 2071, 1853, 2507, 231, 1540, 412, 1846, 516, 2866, 966, 371, 1761, 982, 2525, 1840, 973, 2230, 1062, 1415, 717, 981, 1843, 473, 212, 517, 2056, 1939, 552, 2041, 2961, 1223, 1028, 1264, 980, 974, 1301, 992, 1555, 1689, 185, 979, 1906, 380, 2927, 209, 1907, 2408, 2792, 1826, 2897, 2239, 2471, 1690, 2960, 2410, 2350, 1224, 1377, 49, 993, 372, 2139, 843, 2124, 208, 2423, 2704, 1206, 662, 2738, 1851, 1172]
    },
    "4": {
        "n_train": 37884,
        "n_features_in": 2968,
        "n_features": 102,
        "n_classes": 75,
        "scale": false,
        "normalize": false,
        "train_accuracy": 0.7923925667828107,
        "train_f1_micro": 0.7923925667828107,
        "train_f1_macro": 0.7490009205201074,
        "train_f1_weighted": 0.7901210924123526,
        "train_ROC": 0.9958008550643943,
        "n_test": 37885,
        "test_accuracy": 0.7424310413092253,
        "test_f1_micro": 0.7424310413092253,
        "test_f1_macro": 0.617661591680599,
        "test_f1_weighted": 0.7386399486057255,
        "test_ROC": 0.9906478081541993,
        "solution": [965, 231, 2525, 2071, 1853, 371, 775, 791, 185, 2927, 1843, 412, 516, 517, 2507, 966, 973, 1846, 212, 2139, 1062, 1840, 815, 1852, 473, 1259, 2408, 2041, 717, 372, 850, 2230, 2704, 1028, 974, 1939, 1540, 168, 1057, 1826, 182, 788, 169, 555, 1301, 1206, 981, 578, 1630, 1851, 334, 1952, 2333, 2056, 2804, 2961, 2110, 49, 184, 1264, 1761, 980, 1729, 380, 1555, 913, 1906, 612, 137, 792, 2579, 1223, 2207, 41, 552, 2471, 2897, 2819, 992, 1078, 2424, 1415, 2696, 1145, 843, 1537, 170, 1079, 780, 982, 979, 2423, 472, 2014, 885, 1377, 1907, 2866, 1603, 662, 2125, 2643]
    },
    "5": {
        "n_train": 37884,
        "n_features_in": 2968,
        "n_features": 121,
        "n_classes": 75,
        "scale": false,
        "normalize": false,
        "train_accuracy": 0.799387604265653,
        "train_f1_micro": 0.799387604265653,
        "train_f1_macro": 0.7722646369579954,
        "train_f1_weighted": 0.7975732625720322,
        "train_ROC": 0.9961713787135238,
        "n_test": 37885,
        "test_accuracy": 0.7398442655404514,
        "test_f1_micro": 0.7398442655404514,
        "test_f1_macro": 0.6182423932378103,
        "test_f1_weighted": 0.7363832329059986,
        "test_ROC": 0.9899182114728399,
        "solution": [371, 2071, 231, 2525, 965, 791, 473, 1843, 1259, 2408, 517, 372, 775, 1852, 966, 1630, 788, 2579, 1826, 516, 1853, 185, 2507, 1851, 792, 2927, 1840, 412, 1846, 2804, 472, 2041, 815, 1062, 212, 2704, 2139, 2110, 578, 1540, 973, 1028, 1206, 1505, 717, 2230, 184, 209, 2410, 1027, 981, 850, 1939, 168, 555, 612, 2424, 1301, 182, 974, 1057, 2471, 169, 2450, 2300, 2056, 1952, 1743, 980, 885, 2070, 137, 552, 334, 2331, 1078, 1305, 41, 877, 380, 49, 778, 2333, 2897, 208, 56, 1823, 1906, 1729, 992, 2252, 2129, 2124, 1555, 884, 2961, 2925, 2696, 979, 419, 913, 1537, 1376, 2207, 170, 843, 993, 1415, 1145, 1264, 982, 189, 2819, 2551, 1605, 1761, 2118, 662, 780, 2423, 748]
    },
    "6": {
        "n_train": 37884,
        "n_features_in": 2968,
        "n_features": 145,
        "n_classes": 75,
        "scale": false,
        "normalize": false,
        "train_accuracy": 0.8249392883539225,
        "train_f1_micro": 0.8249392883539226,
        "train_f1_macro": 0.8180832592446278,
        "train_f1_weighted": 0.8238529256491187,
        "train_ROC": 0.9971659281376708,
        "n_test": 37885,
        "test_accuracy": 0.7467599313712551,
        "test_f1_micro": 0.7467599313712552,
        "test_f1_macro": 0.6192316548658678,
        "test_f1_weighted": 0.7441962340488926,
        "test_ROC": 0.9911475980304889,
        "solution": [965, 1853, 2927, 231, 412, 1939, 973, 1540, 2071, 2525, 791, 371, 555, 1843, 552, 815, 966, 212, 1846, 334, 516, 517, 2139, 1062, 2041, 2230, 1952, 2704, 974, 182, 473, 1028, 2333, 1259, 1852, 1301, 1145, 2408, 775, 1206, 1057, 2643, 2424, 185, 294, 788, 850, 2014, 1826, 168, 1840, 2507, 2019, 578, 717, 913, 1327, 1412, 1027, 1761, 128, 1630, 2450, 981, 2804, 372, 189, 2258, 767, 1729, 169, 1231, 472, 1079, 1945, 1078, 1021, 2110, 885, 964, 49, 2579, 980, 184, 2551, 780, 2794, 170, 1851, 41, 1535, 2925, 2897, 137, 992, 65, 926, 2875, 792, 56, 2288, 2597, 612, 380, 2042, 1005, 1906, 884, 2059, 1376, 251, 1537, 1306, 2754, 419, 2056, 33, 1936, 1861, 979, 698, 820, 877, 2331, 917, 1377, 2701, 993, 1831, 51, 1743, 2290, 680, 423, 2819, 2471, 2047, 232, 2961, 2667, 662, 843, 1264, 2607, 1402]
    },
    "7": {
        "n_train": 37884,
        "n_features_in": 2968,
        "n_features": 180,
        "n_classes": 75,
        "scale": false,
        "normalize": false,
        "train_accuracy": 0.8473762010347377,
        "train_f1_micro": 0.8473762010347377,
        "train_f1_macro": 0.8563873868167536,
        "train_f1_weighted": 0.8465595720224973,
        "train_ROC": 0.9977640645777054,
        "n_test": 37885,
        "test_accuracy": 0.7466015573445954,
        "test_f1_micro": 0.7466015573445954,
        "test_f1_macro": 0.6181200617154702,
        "test_f1_weighted": 0.7446109643458423,
        "test_ROC": 0.9899102788662429,