{
    "B": 0.0055952615920983,
    "Basal": 0.0423993391086082,
    "Club": 0.0214271065608528,
    "DC_Mature": 0.0085475619718114,
    "Fibroblast": 0.0555461620557196,
    "Macrophage_Alveolar": 7.806229252880284e-05,
    "Myofibroblast": 0.044926395022544,
    "NK": 5.058665778121174e-07,
    "SMC": 0.040505080292078,
    "T": 1.1893181668865985e-07,
    "T_Regulatory": 1.5880714616352732e-08,
    "VE_Venous": 0.0375372137825215,
    "cDC1": 0.0929744382419454,
    "cDC2": 0.0390593698411006,
    "cMonocyte": 1.0529183483897737e-05,
    "ncMonocyte": 0.1101746473844264,
    "pDC": 0.0605626090198345
}