{
    "B": 0.0092144494897419,
    "Club": 0.0020624301570171,
    "DC_Mature": 0.0014034256828558,
    "Fibroblast": 0.0192654734060159,
    "Goblet": 0.0816372944771455,
    "Lymphatic": 0.0139248076485695,
    "Macrophage_Alveolar": 0.0055362807512829,
    "Mast": 0.0774550739836017,
    "NK": 2.430755507218864e-07,
    "SMC": 0.009212221038358,
    "T": 2.9886528913434444e-07,
    "T_Regulatory": 0.00028118505907284925,
    "VE_Venous": 0.1065093177861486,
    "cDC1": 0.0256403791003226,
    "cDC2": 0.0063891672453995,
    "cMonocyte": 0.0015989152116501,
    "ncMonocyte": 0.1041449266411063,
    "pDC": 0.0604579639365306
}