{
    "4": {
        "n_train": 1502,
        "n_features_in": 16484,
        "n_classes": 7,
        "filter_genes": true,
        "normalize": true,
        "log": true,
        "scale": true,
        "high_var": false,
        "ordered": true,
        "rho": 0.3333333333333333,
        "alpha": 0.0002426595486532395,
        "rs": 1000,
        "min_coverage": 4.0132568925619125,
        "solution": [2524, 1968, 3382, 3472, 687, 369, 2631, 1302, 1814, 10173, 3633, 1585, 1837, 1272, 2059, 4101, 3085],
        "n_features": 17
    },
    "9": {
        "n_train": 1502,
        "n_features_in": 16484,
        "n_classes": 7,
        "filter_genes": true,
        "normalize": true,
        "log": true,
        "scale": true,
        "high_var": false,
        "ordered": true,
        "rho": 0.25,
        "alpha": 0.0005459839844697889,
        "rs": 1000,
        "min_coverage": 9.108012293465436,
        "solution": [7505, 3529, 1890, 4520, 1837, 3442, 1063, 1475, 1233, 1823, 1985, 1280, 714, 2525, 1186, 1889, 1306, 3110, 3184, 3140, 4269, 192, 1585, 258, 1880, 1377, 3276, 2652, 331, 4413, 7057, 12903, 4494, 1881],
        "n_features": 34
    },
    "14": {
        "n_train": 1502,
        "n_features_in": 16484,
        "n_classes": 7,
        "filter_genes": true,
        "normalize": true,
        "log": true,
        "scale": true,
        "high_var": false,
        "ordered": true,
        "rho": 0.2222222222222222,
        "alpha": 0.0008493084202863383,
        "rs": 1000,
        "min_coverage": 14.012639016844332,
        "solution": [11894, 8904, 8818, 1369, 3442, 4122, 106, 1290, 3226, 3992, 7, 4444, 1837, 3296, 2550, 1893, 369, 3579, 102, 104, 4507, 1854, 1368, 1345, 1580, 1656, 3292, 2059, 1852, 1990, 474, 1178, 3395, 3818, 1571, 1876, 12124, 2258, 3421, 3309, 4391, 1239, 1845, 2709, 16476, 1892, 2525, 2966, 1248],
        "n_features": 49
    },
    "19": {
        "n_train": 1502,
        "n_features_in": 16484,
        "n_classes": 7,
        "filter_genes": true,
        "normalize": true,
        "log": true,
        "scale": true,
        "high_var": false,
        "ordered": true,
        "rho": 0.18181818181818182,
        "alpha": 0.0011526328561028876,
        "rs": 1000,
        "min_coverage": 19.104002265259624,
        "solution": [9691, 5821, 13511, 4411, 6272, 10558, 2030, 12927, 5470, 3357, 1025, 3128, 1355, 2550, 3579, 1433, 3296, 2678, 1866, 12903, 21, 1968, 4563, 1588, 1837, 4154, 1581, 13944, 2639, 1216, 3903, 570, 2529, 1436, 1201, 16254, 12124, 2685, 10135, 877, 3323, 3594, 714, 1345, 1604, 2033, 2956, 1591, 474, 102, 3854, 4566, 373, 1371, 2206, 4194, 1151, 6459, 14981, 3433, 8102, 3039, 8, 1289, 1287, 11310, 16479, 2059, 4187, 3284, 1698],
        "n_features": 71
    },
    "24": {
        "n_train": 1502,
        "n_features_in": 16484,
        "n_classes": 7,
        "filter_genes": true,
        "normalize": true,
        "log": true,
        "scale": true,
        "high_var": false,
        "ordered": true,
        "rho": 0.15384615384615385,
        "alpha": 0.001455957291919437,
        "rs": 1000,
        "min_coverage": 24.02410530950874,
        "solution": [1512, 4844, 11794, 8046, 3807, 7240, 14523, 7726, 4282, 15632, 15909, 6337, 6291, 11383, 1250, 15465, 13498, 1291, 58, 12026, 3573, 1331, 1800, 3423, 1248, 3062, 1379, 1265, 2524, 2685, 2075, 3290, 590, 1140, 93, 3001, 3295, 7498, 1968, 2825, 4603, 4194, 86, 1585, 4906, 1571, 743, 3757, 1854, 1889, 3395, 87, 2983, 1581, 1369, 1985, 4398, 1393, 4549, 4520, 4529, 2982, 89, 1656, 4391, 1287, 10173, 1823, 1111, 1990, 3318, 1775, 15, 16473, 45, 3039, 3579, 441, 15708, 3590, 8, 27, 9813, 1399, 4514, 15548, 9447, 16478, 2600, 14546, 2922, 2206, 14927],
        "n_features": 93
    },
    "29": {
        "n_train": 1502,
        "n_features_in": 16484,
        "n_classes": 7,
        "filter_genes": true,
        "normalize": true,
        "log": true,
        "scale": true,
        "high_var": false,
        "ordered": true,
        "rho": 0.14285714285714285,
        "alpha": 0.0017592817277359864,
        "rs": 1000,
        "min_coverage": 29.01854006201029,
        "solution": [14727, 7688, 1223, 5724, 4764, 10851, 4368, 2215, 1155, 13558, 6986, 10016, 6400, 9882, 4194, 560, 1985, 659, 3230, 14875, 1374, 1175, 53, 1998, 1176, 2678, 2935, 3586, 1475, 3428, 4566, 1864, 2825, 1132, 1823, 2653, 3886, 601, 3411, 3790, 12124, 1845, 1230, 3272, 4526, 995, 2045, 3442, 1371, 743, 106, 379, 4177, 1890, 4122, 3955, 3438, 3114, 2819, 3028, 4269, 1955, 1202, 2835, 1604, 2732, 1696, 3854, 3311, 1224, 1800, 3633, 3291, 2524, 4520, 4521, 1237, 1291, 2716, 1586, 1306, 16254, 3091, 3293, 4390, 1481, 105, 20, 628, 5660, 4401, 3454, 14171, 2551, 4414, 2052, 2709, 2606, 3560, 2496, 14671, 2688],
        "n_features": 102
    },
    "34": {
        "n_train": 1502,
        "n_features_in": 16484,
        "n_classes": 7,
        "filter_genes": true,
        "normalize": true,
        "log": true,
        "scale": true,
        "high_var": false,
        "ordered": true,
        "rho": 0.125,
        "alpha": 0.002062606163552536,
        "rs": 1000,
        "min_coverage": 34.01503554133524,
        "solution": [9611, 5179, 15584, 12685, 14732, 7668, 4279, 3528, 10497, 11228, 9215, 12322, 5396, 13206, 5757, 4674, 7472, 327, 8672, 13509, 6985, 18, 1096, 10739, 12732, 14560, 4751, 3510, 16091, 7168, 8729, 1031, 15855, 1141, 6456, 3969, 3045, 14215, 1062, 14810, 13170, 1925, 6990, 13313, 463, 5333, 1223, 2629, 1998, 9727, 3323, 2410, 3428, 1346, 2648, 558, 1629, 1202, 2712, 2033, 1131, 3023, 4109, 3287, 1148, 19, 1805, 1803, 2653, 16226, 12124, 4150, 1985, 347, 4563, 16455, 7675, 3583, 14927, 1175, 3081, 1162, 3850, 1868, 5815, 601, 15778, 1267, 1478, 53, 2966, 2943, 1063, 1845, 4608, 1405, 1224, 12944, 681, 4526, 2524, 2522, 4444, 3417, 1217, 1299, 710, 1585, 1893, 3598, 749, 2639, 3372, 3412, 4393, 3810, 1580, 1369, 4506, 356, 320, 2401, 10080, 3146, 4107, 2922, 13739, 1648, 3438, 995, 3854, 1028, 10013, 86, 1260, 1481, 1698, 563, 3156, 4290, 2059, 16472, 16458, 2688, 4567, 4366, 15631, 16352, 16473, 16482, 1277],
        "n_features": 151
    },
    "39": {
        "n_train": 1502,
        "n_features_in": 16484,
        "n_classes": 7,
        "filter_genes": true,
        "normalize": true,
        "log": true,
        "scale": true,
        "high_var": false,
        "ordered": true,
        "rho": 0.1111111111111111,
        "alpha": 0.002365930599369085,
        "rs": 1000,
        "min_coverage": 39.0356676375377,
        "solution": [6361, 3741, 15518, 13419, 3801, 3826, 2131, 10768, 2916, 12981, 1590, 15617, 10757, 8597, 10434, 3922, 10565, 11046, 15167, 15586, 10535, 1880, 7635, 4846, 12009, 13431, 5294, 4137, 6326, 10819, 10281, 11579, 5835, 6659, 11888, 11639, 14551, 15524, 10607, 15830, 4887, 7881, 2483, 12343, 10125, 15584, 14, 4118, 4121, 9064, 4984, 2264, 15850, 5797, 5701, 7919, 2393, 5146, 3169, 12146, 5937, 16359, 11170, 11958, 3110, 1233, 1324, 6151, 1331, 1355, 1629, 6964, 1591, 2456, 3595, 93, 1576, 4188, 103, 2983, 199, 4537, 102, 15778, 5363, 2780, 1223, 3369, 1588, 1892, 2525, 331, 106, 2611, 1374, 12944, 1390, 3226, 4558, 4507, 2019, 4395, 1852, 87, 1361, 3588, 2998, 991, 3379, 1201, 4414, 3633, 3001, 16458, 3423, 3011, 4625, 1889, 1205, 10135, 1584, 3442, 3861, 603, 2551, 4517, 4167, 1016, 12628, 405, 1186, 4567, 3008, 2716, 4270, 306, 1076, 4506, 1248, 4102, 2794, 1968, 1955, 3586, 1302, 3301, 4969, 2473, 2557, 1151, 3224, 14727, 1280, 3571, 9434, 3810, 12113, 661, 1854, 4978, 1366, 560, 2497, 3146, 1179, 11257, 7019, 1200, 3139, 952, 1441, 1884, 3440, 14092, 1216, 3276, 537, 2084, 108, 2966, 10836, 2095, 2601],
        "n_features": 183
    }
}