{
    "1": {
        "n_train": 37884,
        "n_features_in": 2968,
        "n_features": 30,
        "n_classes": 75,
        "scale": false,
        "normalize": false,
        "train_accuracy": 0.6924823144335339,
        "train_f1_micro": 0.6924823144335339,
        "train_f1_macro": 0.520098866119667,
        "train_f1_weighted": 0.6807247318977873,
        "train_ROC": 0.9879114113306936,
        "n_test": 37885,
        "test_accuracy": 0.6810611059786195,
        "test_f1_micro": 0.6810611059786195,
        "test_f1_macro": 0.49360081858600957,
        "test_f1_weighted": 0.6688095844365076,
        "test_ROC": 0.9856703621736157,
        "solution": [170, 182, 334, 412, 662, 682, 885, 973, 979, 1063, 1301, 1320, 1391, 1553, 1603, 1685, 1821, 1853, 1906, 1939, 2021, 2124, 2135, 2139, 2408, 2689, 2738, 2751, 2754, 2961]
    },
    "2": {
        "n_train": 37884,
        "n_features_in": 2968,
        "n_features": 54,
        "n_classes": 75,
        "scale": false,
        "normalize": false,
        "train_accuracy": 0.7830218561925879,
        "train_f1_micro": 0.7830218561925879,
        "train_f1_macro": 0.6644912318147259,
        "train_f1_weighted": 0.7783396931647084,
        "train_ROC": 0.9943464958736282,
        "n_test": 37885,
        "test_accuracy": 0.7577141348818793,
        "test_f1_micro": 0.7577141348818792,
        "test_f1_macro": 0.6094737726933622,
        "test_f1_weighted": 0.7524214038166516,
        "test_ROC": 0.9915554043006873,
        "solution": [46, 49, 167, 170, 182, 231, 320, 334, 371, 412, 418, 662, 682, 685, 885, 973, 974, 979, 1063, 1124, 1264, 1301, 1320, 1391, 1400, 1553, 1555, 1603, 1683, 1685, 1761, 1821, 1853, 1906, 1939, 1952, 2021, 2056, 2124, 2135, 2139, 2301, 2350, 2408, 2471, 2536, 2689, 2734, 2738, 2751, 2754, 2792, 2897, 2961]
    },
    "3": {
        "n_train": 37884,
        "n_features_in": 2968,
        "n_features": 77,
        "n_classes": 75,
        "scale": false,
        "normalize": false,
        "train_accuracy": 0.8261799176433323,
        "train_f1_micro": 0.8261799176433323,
        "train_f1_macro": 0.7390848863173284,
        "train_f1_weighted": 0.8236116124736741,
        "train_ROC": 0.9964565978310217,
        "n_test": 37885,
        "test_accuracy": 0.7919493203114689,
        "test_f1_micro": 0.7919493203114689,
        "test_f1_macro": 0.65287131611212,
        "test_f1_weighted": 0.7885490870031536,
        "test_ROC": 0.9935101268045375,
        "solution": [37, 46, 49, 167, 170, 182, 231, 320, 334, 371, 372, 404, 412, 418, 662, 682, 685, 775, 780, 812, 885, 973, 974, 979, 1010, 1058, 1063, 1065, 1124, 1264, 1301, 1320, 1358, 1377, 1391, 1400, 1540, 1553, 1555, 1597, 1603, 1683, 1685, 1761, 1821, 1852, 1853, 1906, 1939, 1952, 2021, 2056, 2071, 2124, 2125, 2133, 2135, 2139, 2152, 2239, 2301, 2350, 2408, 2471, 2536, 2579, 2583, 2689, 2704, 2714, 2734, 2738, 2751, 2754, 2792, 2897, 2961]
    },
    "4": {
        "n_train": 37884,
        "n_features_in": 2968,
        "n_features": 102,
        "n_classes": 75,
        "scale": false,
        "normalize": false,
        "train_accuracy": 0.8612342941611234,
        "train_f1_micro": 0.8612342941611234,
        "train_f1_macro": 0.8003232744063028,
        "train_f1_weighted": 0.8596128755870538,
        "train_ROC": 0.997739100575782,
        "n_test": 37885,
        "test_accuracy": 0.8125907351194405,
        "test_f1_micro": 0.8125907351194404,
        "test_f1_macro": 0.6777881584010806,
        "test_f1_weighted": 0.8103250524218706,
        "test_ROC": 0.9944154511088107,
        "solution": [37, 46, 49, 166, 167, 170, 182, 231, 320, 334, 371, 372, 404, 412, 418, 514, 662, 682, 685, 775, 780, 812, 850, 885, 913, 973, 974, 979, 981, 992, 1010, 1058, 1062, 1063, 1065, 1079, 1124, 1148, 1223, 1264, 1301, 1320, 1358, 1377, 1391, 1400, 1449, 1468, 1540, 1553, 1555, 1597, 1603, 1683, 1685, 1743, 1761, 1821, 1835, 1842, 1852, 1853, 1906, 1939, 1952, 2008, 2014, 2021, 2056, 2071, 2124, 2125, 2133, 2135, 2139, 2152, 2207, 2239, 2301, 2350, 2408, 2423, 2425, 2463, 2471, 2536, 2579, 2583, 2597, 2643, 2689, 2704, 2714, 2734, 2738, 2751, 2754, 2792, 2804, 2897, 2961, 2965]
    },
    "5": {
        "n_train": 37884,
        "n_features_in": 2968,
        "n_features": 121,
        "n_classes": 75,
        "scale": false,
        "normalize": false,
        "train_accuracy": 0.8797117516629712,
        "train_f1_micro": 0.8797117516629713,
        "train_f1_macro": 0.834216029022082,
        "train_f1_weighted": 0.878649677237305,
        "train_ROC": 0.9984056003716358,
        "n_test": 37885,
        "test_accuracy": 0.8215388676257094,
        "test_f1_micro": 0.8215388676257094,
        "test_f1_macro": 0.6910467815533179,
        "test_f1_weighted": 0.8201444413800958,
        "test_ROC": 0.9949016208885019,
        "solution": [37, 46, 49, 163, 166, 167, 170, 182, 231, 234, 243, 303, 317, 320, 334, 371, 372, 380, 404, 412, 418, 514, 548, 662, 682, 685, 775, 780, 791, 812, 849, 850, 885, 913, 966, 973, 974, 979, 981, 992, 1010, 1058, 1062, 1063, 1065, 1079, 1081, 1124, 1148, 1151, 1223, 1253, 1264, 1301, 1320, 1358, 1377, 1391, 1400, 1449, 1468, 1540, 1553, 1555, 1597, 1603, 1651, 1683, 1685, 1718, 1743, 1761, 1821, 1835, 1842, 1846, 1852, 1853, 1906, 1939, 1952, 2008, 2014, 2021, 2026, 2056, 2071, 2124, 2125, 2133, 2135, 2139, 2152, 2207, 2239, 2301, 2350, 2408, 2423, 2425, 2463, 2471, 2536, 2579, 2583, 2597, 2643, 2689, 2698, 2704, 2714, 2734, 2738, 2751, 2754, 2792, 2804, 2866, 2897, 2961, 2965]
    },
    "6": {
        "n_train": 37884,
        "n_features_in": 2968,
        "n_features": 145,
        "n_classes": 75,
        "scale": false,
        "normalize": false,
        "train_accuracy": 0.9043131665082884,
        "train_f1_micro": 0.9043131665082884,
        "train_f1_macro": 0.877160446345319,
        "train_f1_weighted": 0.9037087678879143,
        "train_ROC": 0.9989640997363283,
        "n_test": 37885,
        "test_accuracy": 0.82980071268312,
        "test_f1_micro": 0.82980071268312,
        "test_f1_macro": 0.6954890300541233,
        "test_f1_weighted": 0.8288514222928135,
        "test_ROC": 0.9951870722328048,
        "solution": [37, 46, 49, 56, 163, 166, 167, 169, 170, 182, 231, 232, 234, 243, 303, 317, 318, 320, 334, 371, 372, 380, 404, 412, 418, 514, 548, 662, 682, 685, 741, 775, 780, 791, 792, 812, 849, 850, 856, 885, 913, 960, 965, 966, 973, 974, 979, 981, 992, 1010, 1058, 1062, 1063, 1065, 1079, 1081, 1108, 1124, 1148, 1151, 1223, 1253, 1264, 1301, 1320, 1358, 1377, 1391, 1400, 1416, 1449, 1468, 1540, 1553, 1555, 1597, 1603, 1624, 1651, 1683, 1685, 1718, 1741, 1743, 1761, 1821, 1835, 1842, 1846, 1848, 1852, 1853, 1863, 1906, 1909, 1939, 1952, 2008, 2014, 2021, 2026, 2041, 2056, 2071, 2124, 2125, 2133, 2135, 2139, 2152, 2207, 2239, 2301, 2302, 2350, 2408, 2410, 2423, 2425, 2438, 2463, 2471, 2507, 2536, 2579, 2583, 2597, 2643, 2678, 2689, 2698, 2704, 2714, 2734, 2738, 2751, 2754, 2792, 2804, 2866, 2897, 2961, 2964, 2965, 2966]
    },
    "7": {
        "n_train": 37884,
        "n_features_in": 2968,
        "n_features": 180,
        "n_classes": 75,
        "scale": false,
        "normalize": false,
        "train_accuracy": 0.9262221518319079,
        "train_f1_micro": 0.9262221518319079,
        "train_f1_macro": 0.9189608127913035,
        "train_f1_weighted": 0.9259964834663088,
        "train_ROC": 0.9993887120833896,
        "n_test": 37885,
        "test_accuracy": 0.8388016365316088,
        "test_f1_micro": 0.8388016365316088,
        "test_f1_macro": 0.7117156494749352,
        "test_f1_weighted": 0.8382878956254098,
        "test_ROC": 0.9954717557845902,