{
    "1": {
        "n_train": 37884,
        "n_features_in": 2968,
        "n_features": 30,
        "n_classes": 75,
        "scale": false,
        "normalize": false,
        "train_accuracy": 0.6976823989019111,
        "train_f1_micro": 0.6976823989019111,
        "train_f1_macro": 0.5255169218194979,
        "train_f1_weighted": 0.6868820578869226,
        "train_ROC": 0.9882824078912285,
        "n_test": 37885,
        "test_accuracy": 0.6826448462452158,
        "test_f1_micro": 0.6826448462452158,
        "test_f1_macro": 0.4938443558968127,
        "test_f1_weighted": 0.6708549533416982,
        "test_ROC": 0.9862147538760928,
        "solution": [170, 182, 334, 412, 418, 682, 885, 973, 979, 1063, 1301, 1320, 1391, 1553, 1603, 1685, 1821, 1853, 1906, 1939, 2021, 2124, 2135, 2139, 2408, 2689, 2738, 2751, 2897, 2961]
    },
    "2": {
        "n_train": 37884,
        "n_features_in": 2968,
        "n_features": 54,
        "n_classes": 75,
        "scale": false,
        "normalize": false,
        "train_accuracy": 0.7851599619892303,
        "train_f1_micro": 0.7851599619892303,
        "train_f1_macro": 0.67062739818352,
        "train_f1_weighted": 0.7809960106081099,
        "train_ROC": 0.9941535623287456,
        "n_test": 37885,
        "test_accuracy": 0.7563943513263824,
        "test_f1_micro": 0.7563943513263824,
        "test_f1_macro": 0.5989132005891262,
        "test_f1_weighted": 0.75085315904164,
        "test_ROC": 0.9917755606154329,
        "solution": [46, 49, 166, 170, 182, 334, 371, 412, 418, 662, 682, 885, 973, 974, 979, 1010, 1063, 1124, 1264, 1301, 1320, 1358, 1391, 1540, 1553, 1555, 1597, 1603, 1683, 1685, 1761, 1821, 1846, 1853, 1906, 1939, 1952, 2021, 2056, 2124, 2133, 2135, 2139, 2350, 2408, 2423, 2579, 2689, 2704, 2738, 2751, 2754, 2897, 2961]
    },
    "3": {
        "n_train": 37884,
        "n_features_in": 2968,
        "n_features": 77,
        "n_classes": 75,
        "scale": false,
        "normalize": false,
        "train_accuracy": 0.83372927885123,
        "train_f1_micro": 0.8337292788512299,
        "train_f1_macro": 0.7528853185091018,
        "train_f1_weighted": 0.8315940077395989,
        "train_ROC": 0.9968039887351907,
        "n_test": 37885,
        "test_accuracy": 0.795327966213541,
        "test_f1_micro": 0.795327966213541,
        "test_f1_macro": 0.6534916675233272,
        "test_f1_weighted": 0.7923442872624953,
        "test_ROC": 0.9942028043040293,
        "solution": [37, 46, 49, 166, 169, 170, 182, 231, 320, 334, 371, 412, 418, 662, 682, 780, 812, 850, 885, 973, 974, 979, 1010, 1063, 1124, 1264, 1301, 1320, 1358, 1377, 1391, 1540, 1553, 1555, 1597, 1603, 1683, 1685, 1689, 1743, 1761, 1821, 1846, 1852, 1853, 1906, 1939, 1952, 2021, 2056, 2071, 2124, 2125, 2133, 2135, 2139, 2152, 2239, 2301, 2350, 2408, 2423, 2425, 2579, 2583, 2597, 2643, 2689, 2704, 2714, 2734, 2738, 2751, 2754, 2897, 2961, 2965]
    },
    "4": {
        "n_train": 37884,
        "n_features_in": 2968,
        "n_features": 102,
        "n_classes": 75,
        "scale": false,
        "normalize": false,
        "train_accuracy": 0.8638211382113821,
        "train_f1_micro": 0.8638211382113821,
        "train_f1_macro": 0.8029823774083621,
        "train_f1_weighted": 0.8624346215699019,
        "train_ROC": 0.9978719214878261,
        "n_test": 37885,
        "test_accuracy": 0.8145968061237957,
        "test_f1_micro": 0.8145968061237957,
        "test_f1_macro": 0.6815965995959138,
        "test_f1_weighted": 0.8126271761918233,
        "test_ROC": 0.9950062958643552,
        "solution": [37, 46, 49, 164, 166, 167, 169, 170, 182, 231, 294, 303, 317, 320, 334, 371, 372, 380, 412, 418, 662, 681, 682, 775, 780, 812, 849, 850, 885, 966, 973, 974, 979, 981, 1010, 1058, 1063, 1065, 1079, 1081, 1124, 1197, 1264, 1301, 1320, 1358, 1377, 1391, 1400, 1468, 1497, 1540, 1553, 1555, 1597, 1603, 1624, 1683, 1685, 1689, 1743, 1761, 1821, 1846, 1852, 1853, 1906, 1939, 1952, 2021, 2056, 2071, 2124, 2125, 2133, 2135, 2139, 2152, 2239, 2301, 2350, 2408, 2423, 2425, 2463, 2507, 2525, 2579, 2583, 2597, 2643, 2689, 2704, 2714, 2734, 2738, 2751, 2754, 2792, 2897, 2961, 2965]
    },
    "5": {
        "n_train": 37884,
        "n_features_in": 2968,
        "n_features": 121,
        "n_classes": 75,
        "scale": false,
        "normalize": false,
        "train_accuracy": 0.882773730334706,
        "train_f1_micro": 0.8827737303347061,
        "train_f1_macro": 0.8386521649099586,
        "train_f1_weighted": 0.8818457956576805,
        "train_ROC": 0.9984649598210134,
        "n_test": 37885,
        "test_accuracy": 0.8238880823544938,
        "test_f1_micro": 0.8238880823544938,
        "test_f1_macro": 0.692854106669513,
        "test_f1_weighted": 0.822245441488874,
        "test_ROC": 0.9953664569875164,
        "solution": [37, 46, 49, 164, 166, 167, 169, 170, 182, 231, 234, 243, 260, 294, 303, 317, 318, 320, 334, 371, 372, 380, 412, 418, 662, 681, 682, 775, 780, 812, 849, 850, 885, 913, 960, 966, 973, 974, 979, 981, 993, 1010, 1058, 1062, 1063, 1065, 1079, 1081, 1124, 1151, 1197, 1253, 1264, 1301, 1320, 1358, 1377, 1391, 1400, 1449, 1468, 1497, 1540, 1553, 1555, 1597, 1603, 1624, 1660, 1683, 1685, 1689, 1718, 1743, 1761, 1821, 1846, 1852, 1853, 1906, 1909, 1939, 1952, 2007, 2014, 2021, 2056, 2071, 2124, 2125, 2133, 2135, 2139, 2152, 2239, 2301, 2350, 2408, 2423, 2425, 2463, 2507, 2525, 2579, 2583, 2597, 2643, 2689, 2698, 2704, 2714, 2734, 2738, 2751, 2754, 2792, 2804, 2896, 2897, 2961, 2965]
    },
    "6": {
        "n_train": 37884,
        "n_features_in": 2968,
        "n_features": 145,
        "n_classes": 75,
        "scale": false,
        "normalize": false,
        "train_accuracy": 0.9053162284869601,
        "train_f1_micro": 0.9053162284869601,
        "train_f1_macro": 0.8768750363823989,
        "train_f1_weighted": 0.9047822295749357,
        "train_ROC": 0.9989720340263365,
        "n_test": 37885,
        "test_accuracy": 0.8324138841230039,
        "test_f1_micro": 0.8324138841230038,
        "test_f1_macro": 0.7013134588967002,
        "test_f1_weighted": 0.8311110824665319,
        "test_ROC": 0.9957143947839516,
        "solution": [37, 46, 49, 164, 166, 167, 169, 170, 182, 231, 234, 243, 260, 294, 303, 317, 318, 320, 334, 371, 372, 380, 404, 412, 418, 514, 516, 548, 662, 681, 682, 775, 780, 792, 793, 812, 849, 850, 885, 913, 960, 966, 973, 974, 979, 981, 993, 1010, 1058, 1062, 1063, 1065, 1079, 1081, 1124, 1151, 1197, 1253, 1264, 1301, 1320, 1358, 1377, 1391, 1393, 1400, 1449, 1468, 1497, 1540, 1553, 1555, 1597, 1603, 1624, 1636, 1651, 1660, 1683, 1685, 1689, 1718, 1743, 1761, 1821, 1826, 1842, 1846, 1852, 1853, 1863, 1905, 1906, 1909, 1939, 1952, 1965, 2007, 2014, 2021, 2031, 2041, 2056, 2071, 2124, 2125, 2133, 2135, 2139, 2152, 2230, 2239, 2301, 2302, 2350, 2408, 2423, 2425, 2463, 2507, 2525, 2536, 2544, 2579, 2583, 2594, 2597, 2643, 2678, 2689, 2698, 2704, 2714, 2734, 2738, 2751, 2754, 2792, 2804, 2896, 2897, 2961, 2964, 2965, 2966]
    },
    "7": {
        "n_train": 37884,
        "n_features_in": 2968,
        "n_features": 180,
        "n_classes": 75,
        "scale": false,
        "normalize": false,
        "train_accuracy": 0.9286242213071482,
        "train_f1_micro": 0.9286242213071482,
        "train_f1_macro": 0.9210438374336597,
        "train_f1_weighted": 0.9284139163705918,
        "train_ROC": 0.9993852228220009,
        "n_test": 37885,
        "test_accuracy": 0.8352646166028771,
        "test_f1_micro": 0.8352646166028771,
        "test_f1_macro": 0.7050404871020093,
        "test_f1_weighted": 0.8344426339890315,
        "test_ROC": 0.9958156380120878,