{
    "1": {
        "n_train": 37884,
        "n_features_in": 2968,
        "n_features": 30,
        "n_classes": 75,
        "scale": false,
        "normalize": false,
        "train_accuracy": 0.6551314539119417,
        "train_f1_micro": 0.6551314539119417,
        "train_f1_macro": 0.5173770609405739,
        "train_f1_weighted": 0.6456441921332498,
        "train_ROC": 0.986911717845791,
        "n_test": 37885,
        "test_accuracy": 0.6384320971360696,
        "test_f1_micro": 0.6384320971360696,
        "test_f1_macro": 0.4800682099469904,
        "test_f1_weighted": 0.6284709445372021,
        "test_ROC": 0.9844622322332865,
        "solution": [2408, 371, 2410, 973, 981, 334, 2754, 2056, 2698, 775, 2579, 979, 2643, 2897, 1449, 170, 974, 885, 1761, 418, 966, 1939, 1301, 412, 1063, 49, 1907, 1062, 2239, 2124]
    },
    "2": {
        "n_train": 37884,
        "n_features_in": 2968,
        "n_features": 54,
        "n_classes": 75,
        "scale": false,
        "normalize": false,
        "train_accuracy": 0.7374617252666034,
        "train_f1_micro": 0.7374617252666034,
        "train_f1_macro": 0.638919347534355,
        "train_f1_weighted": 0.7331878908935494,
        "train_ROC": 0.9923800863871585,
        "n_test": 37885,
        "test_accuracy": 0.7122079978883463,
        "test_f1_micro": 0.7122079978883463,
        "test_f1_macro": 0.5717819629467175,
        "test_f1_weighted": 0.707342413379375,
        "test_ROC": 0.9897379381752945,
        "solution": [2410, 973, 2579, 2408, 792, 2139, 334, 2643, 1952, 371, 2897, 974, 412, 2804, 2698, 981, 2754, 1264, 775, 2689, 965, 170, 2704, 166, 1468, 2239, 1853, 1301, 83, 2819, 885, 1630, 1253, 294, 380, 2583, 980, 992, 979, 2133, 1835, 49, 966, 1761, 1907, 418, 849, 791, 2071, 1564, 562, 37, 372, 1906]
    },
    "3": {
        "n_train": 37884,
        "n_features_in": 2968,
        "n_features": 77,
        "n_classes": 75,
        "scale": false,
        "normalize": false,
        "train_accuracy": 0.7931316650828846,
        "train_f1_micro": 0.7931316650828846,
        "train_f1_macro": 0.7229571633149273,
        "train_f1_weighted": 0.79062483433048,
        "train_ROC": 0.9957299094891628,
        "n_test": 37885,
        "test_accuracy": 0.7519862742510228,
        "test_f1_micro": 0.7519862742510228,
        "test_f1_macro": 0.6277220587091127,
        "test_f1_weighted": 0.7494959314691417,
        "test_ROC": 0.9925870664274202,
        "solution": [2410, 973, 334, 2698, 2579, 1264, 2071, 2754, 1853, 1952, 792, 2139, 2804, 2643, 2819, 2704, 775, 516, 2152, 2925, 371, 992, 2689, 380, 2014, 418, 1468, 83, 981, 885, 974, 170, 1835, 182, 965, 2408, 525, 166, 562, 1564, 294, 723, 2696, 231, 966, 791, 412, 1630, 2007, 2133, 2008, 1743, 1062, 2897, 1253, 2583, 979, 1301, 1761, 49, 1624, 849, 685, 260, 303, 2239, 2301, 1377, 980, 169, 993, 1189, 404, 1478, 1358, 2423, 2507]
    },
    "4": {
        "n_train": 37884,
        "n_features_in": 2968,
        "n_features": 102,
        "n_classes": 75,
        "scale": false,
        "normalize": false,
        "train_accuracy": 0.8319607222046247,
        "train_f1_micro": 0.8319607222046247,
        "train_f1_macro": 0.7805514843591078,
        "train_f1_weighted": 0.8304800817084099,
        "train_ROC": 0.997089361111507,
        "n_test": 37885,
        "test_accuracy": 0.7734987462056223,
        "test_f1_micro": 0.7734987462056223,
        "test_f1_macro": 0.6412282947068102,
        "test_f1_weighted": 0.771271742455299,
        "test_ROC": 0.9938159599074944,
        "solution": [562, 83, 1564, 2754, 182, 2819, 1253, 1264, 2689, 723, 1743, 2579, 992, 973, 2071, 1468, 775, 792, 516, 418, 2139, 46, 334, 2408, 2133, 2507, 184, 2152, 974, 2206, 1952, 2410, 380, 2525, 2014, 885, 2804, 1835, 170, 2696, 1853, 2698, 2925, 294, 2301, 2643, 2704, 849, 166, 2008, 371, 1078, 1624, 1945, 231, 525, 1363, 981, 966, 317, 2007, 791, 412, 234, 1079, 1062, 2583, 1065, 1301, 303, 578, 2897, 2818, 49, 2041, 979, 685, 1863, 799, 260, 993, 1843, 2299, 167, 419, 1377, 815, 1761, 2019, 1189, 2239, 1896, 965, 2672, 1821, 1553, 1842, 169, 980, 2302, 1358, 1630]
    },
    "5": {
        "n_train": 37884,
        "n_features_in": 2968,
        "n_features": 121,
        "n_classes": 75,
        "scale": false,
        "normalize": false,
        "train_accuracy": 0.8472970119311583,
        "train_f1_micro": 0.8472970119311583,
        "train_f1_macro": 0.815114578248777,
        "train_f1_weighted": 0.8462552190416426,
        "train_ROC": 0.9976706575501869,
        "n_test": 37885,
        "test_accuracy": 0.7805991817341956,
        "test_f1_micro": 0.7805991817341956,
        "test_f1_macro": 0.647389478564781,
        "test_f1_weighted": 0.7789789068155,
        "test_ROC": 0.9938752870782921,
        "solution": [973, 2579, 2698, 2410, 2071, 334, 2139, 1743, 2689, 2819, 1853, 1468, 2301, 2152, 2754, 2925, 792, 2704, 2206, 182, 46, 1863, 775, 184, 2643, 317, 516, 885, 974, 2008, 418, 1835, 2014, 2696, 371, 525, 2007, 380, 1952, 83, 1189, 294, 2408, 2897, 1363, 286, 2525, 2804, 260, 1078, 1079, 2133, 166, 815, 1253, 992, 2672, 404, 1945, 25, 2507, 1264, 2583, 1678, 49, 723, 163, 1058, 1624, 966, 1301, 1149, 1062, 1065, 1098, 254, 303, 981, 2026, 231, 993, 1761, 685, 509, 170, 2299, 223, 914, 1905, 1842, 1821, 903, 979, 849, 419, 234, 1081, 169, 2781, 1377, 791, 2019, 87, 412, 2943, 904, 2302, 1597, 1564, 1099, 415, 1100, 1224, 578, 2423, 2239, 168, 1478, 1537, 1614, 1630]
    },
    "6": {
        "n_train": 37884,
        "n_features_in": 2968,
        "n_features": 145,
        "n_classes": 75,
        "scale": false,
        "normalize": false,
        "train_accuracy": 0.8696283391405343,
        "train_f1_micro": 0.8696283391405343,
        "train_f1_macro": 0.8506393811830523,
        "train_f1_weighted": 0.8690169207624244,
        "train_ROC": 0.9983194723830823,
        "n_test": 37885,
        "test_accuracy": 0.788042760987198,
        "test_f1_micro": 0.788042760987198,
        "test_f1_macro": 0.655634863340682,
        "test_f1_weighted": 0.7867546233956545,
        "test_ROC": 0.994069066819458,
        "solution": [334, 1853, 2698, 973, 2804, 792, 2925, 1468, 294, 2301, 2152, 1743, 1935, 525, 1678, 1835, 182, 2206, 418, 83, 2408, 2704, 974, 1952, 2008, 2689, 46, 580, 2139, 1363, 516, 1078, 1100, 303, 2672, 723, 2819, 1945, 2583, 1098, 49, 2754, 2014, 2525, 965, 1283, 2007, 885, 2300, 317, 2133, 231, 2897, 1377, 1264, 184, 791, 1863, 1614, 2818, 1301, 2579, 170, 509, 419, 166, 223, 380, 1065, 981, 2071, 815, 2696, 1224, 2643, 2299, 1023, 849, 2507, 2041, 775, 1253, 2410, 286, 1630, 1905, 685, 2781, 1741, 1079, 371, 1099, 404, 1058, 167, 1705, 2239, 992, 260, 1223, 25, 1821, 318, 1842, 2026, 212, 412, 1843, 1062, 578, 2019, 1624, 1081, 1189, 2080, 1660, 717, 993, 1149, 903, 979, 1761, 1465, 2423, 1323, 2943, 234, 687, 1402, 1231, 163, 1597, 1553, 169, 2302, 1497, 2466, 776, 415, 254, 799, 37, 168, 2737, 508]
    },
    "7": {
        "n_train": 37884,
        "n_features_in": 2968,
        "n_features": 180,
        "n_classes": 75,
        "scale": false,
        "normalize": false,
        "train_accuracy": 0.8905606588533418,
        "train_f1_micro": 0.8905606588533418,
        "train_f1_macro": 0.8872668908830781,
        "train_f1_weighted": 0.8902012221067133,
        "train_ROC": 0.9988045071261717,
        "n_test": 37885,
        "test_accuracy": 0.7946416787646826,
        "test_f1_micro": 0.7946416787646826,
        "test_f1_macro": 0.6658030705455182,
        "test_f1_weighted": 0.7935758967606875,
        "test_ROC": 0.9941396513173573,