{
    "1": {
        "n_features": 7,
        "phenotypes": 7,
        "n_features_in": 16484,
        "JS": 0.24685327590327477,
        "entropy": 0.2044339854399415,
        "pearson": 0.8428753858609643,
        "deconvolution": [0.059892575753053935, 0.0, 0.04761904883913506, 0.0, 0.4326229085454099, 0.23403364628588352, 0.2258318205765175],
        "solution": [708, 1176, 1629, 3379, 3866, 4269, 4570]
    },
    "2": {
        "n_features": 14,
        "phenotypes": 7,
        "n_features_in": 16484,
        "JS": 0.033613662063946566,
        "entropy": 0.004382216688313135,
        "pearson": 0.9951241488593505,
        "deconvolution": [0.07525676412680175, 0.06584582148163544, 0.09607338995654856, 0.021803559358654537, 0.29975357023992416, 0.30618026669985704, 0.13508662813657835],
        "solution": [689, 708, 1176, 1223, 1629, 1660, 3379, 3432, 3866, 3869, 4109, 4269, 4529, 4570]
    },
    "3": {
        "n_features": 21,
        "phenotypes": 7,
        "n_features_in": 16484,
        "JS": 0.030707749224645794,
        "entropy": 0.0036322957494580076,
        "pearson": 0.9987831091685458,
        "deconvolution": [0.07091962363707954, 0.06597518387374808, 0.09622917235133975, 0.022085945372877752, 0.29115477431594894, 0.31845107183526516, 0.1351842286137407],
        "solution": [330, 689, 708, 1176, 1223, 1355, 1629, 1660, 3072, 3287, 3379, 3432, 3866, 3869, 3871, 4109, 4169, 4269, 4529, 4568, 4570]
    },
    "4": {
        "n_features": 28,
        "phenotypes": 7,
        "n_features_in": 16484,
        "JS": 0.030362140613438632,
        "entropy": 0.0035614759446281957,
        "pearson": 0.9990803954248337,
        "deconvolution": [0.07320271481797572, 0.0633331079486875, 0.0936124930011395, 0.023262787601437043, 0.2803065815162631, 0.3282439026157032, 0.13803841249879406],
        "solution": [330, 689, 708, 1025, 1176, 1223, 1355, 1395, 1629, 1660, 2550, 3072, 3274, 3287, 3379, 3432, 3866, 3869, 3871, 3901, 4109, 4152, 4169, 4269, 4529, 4544, 4568, 4570]
    },
    "5": {
        "n_features": 35,
        "phenotypes": 7,
        "n_features_in": 16484,
        "JS": 0.02927451577555035,
        "entropy": 0.003304923986076909,
        "pearson": 0.998772679450629,
        "deconvolution": [0.07207434688573021, 0.06512900159392278, 0.09613185571234543, 0.02280710786289915, 0.2827692810346807, 0.3195721855469563, 0.14151622136346537],
        "solution": [330, 603, 689, 708, 1025, 1176, 1201, 1223, 1355, 1395, 1629, 1660, 2410, 2550, 3072, 3117, 3274, 3287, 3379, 3432, 3866, 3869, 3871, 3882, 3901, 4109, 4152, 4169, 4269, 4406, 4529, 4544, 4547, 4568, 4570]
    },
    "6": {
        "n_features": 42,
        "phenotypes": 7,
        "n_features_in": 16484,
        "JS": 0.03338765313727382,
        "entropy": 0.004238991591004278,
        "pearson": 0.9985603266618415,
        "deconvolution": [0.07179870872313365, 0.06599075086628435, 0.09712260973048599, 0.020365359849155978, 0.28490357425664636, 0.31823365858011027, 0.14158533799418346],
        "solution": [134, 330, 603, 689, 708, 1025, 1176, 1201, 1223, 1355, 1369, 1395, 1629, 1660, 1827, 2410, 2550, 3072, 3117, 3274, 3287, 3379, 3432, 3587, 3865, 3866, 3869, 3871, 3882, 3901, 4109, 4152, 4169, 4269, 4279, 4406, 4518, 4529, 4544, 4547, 4568, 4570]
    },
    "7": {
        "n_features": 49,
        "phenotypes": 7,
        "n_features_in": 16484,
        "JS": 0.020020609522315352,
        "entropy": 0.0015574946842653345,
        "pearson": 0.9992087907604512,
        "deconvolution": [0.07650908910190354, 0.06967347207453091, 0.0970196338205637, 0.025174995738743978, 0.2782481318089176, 0.3150254793586928, 0.13834919809664756],
        "solution": [134, 181, 330, 603, 689, 708, 1025, 1176, 1201, 1223, 1355, 1369, 1374, 1395, 1629, 1660, 1827, 2410, 2550, 3020, 3072, 3117, 3274, 3287, 3379, 3432, 3438, 3587, 3865, 3866, 3869, 3871, 3882, 3896, 3901, 4109, 4152, 4169, 4175, 4269, 4279, 4406, 4518, 4524, 4529, 4544, 4547, 4568, 4570]
    },
    "8": {
        "n_features": 56,
        "phenotypes": 7,
        "n_features_in": 16484,
        "JS": 0.02038080887917597,
        "entropy": 0.0015868666179795336,
        "pearson": 0.9992733470728024,
        "deconvolution": [0.07749580468453254, 0.07594851574236497, 0.09863997367181532, 0.02347108215735058, 0.2748826856172, 0.31266375828340287, 0.1368981798433337],
        "solution": [53, 134, 181, 330, 603, 689, 708, 1025, 1176, 1201, 1223, 1355, 1369, 1374, 1395, 1405, 1629, 1660, 1827, 2410, 2508, 2550, 3020, 3072, 3117, 3274, 3278, 3287, 3379, 3432, 3438, 3587, 3865, 3866, 3869, 3871, 3882, 3896, 3901, 3993, 4109, 4152, 4169, 4175, 4269, 4279, 4393, 4406, 4518, 4524, 4529, 4544, 4547, 4554, 4568, 4570]
    },
    "9": {
        "n_features": 63,
        "phenotypes": 7,
        "n_features_in": 16484,
        "JS": 0.021669093728662395,
        "entropy": 0.0017980397757341319,
        "pearson": 0.9989359432162349,
        "deconvolution": [0.07735598491385043, 0.07544936337805105, 0.09897473546539813, 0.023232836624656417, 0.2736828566879324, 0.3113850727432459, 0.13991915018686574],
        "solution": [53, 54, 134, 181, 330, 603, 689, 708, 1025, 1176, 1201, 1223, 1355, 1369, 1374, 1395, 1405, 1629, 1660, 1827, 2033, 2410, 2479, 2508, 2550, 3020, 3072, 3117, 3274, 3278, 3287, 3302, 3379, 3432, 3438, 3587, 3855, 3865, 3866, 3869, 3871, 3882, 3896, 3901, 3993, 4109, 4152, 4169, 4175, 4177, 4269, 4279, 4393, 4406, 4518, 4524, 4529, 4544, 4547, 4554, 4566, 4568, 4570]
    },
    "10": {
        "n_features": 70,
        "phenotypes": 7,
        "n_features_in": 16484,
        "JS": 0.01820839314935992,
        "entropy": 0.0012836944299696139,
        "pearson": 0.9991470462917657,
        "deconvolution": [0.07715438990637916, 0.07475201180919014, 0.09934619642122543, 0.024893266305143526, 0.27355595759342366, 0.3111873371371229, 0.1391108408275152],
        "solution": [53, 54, 134, 181, 330, 603, 659, 689, 708, 1025, 1176, 1201, 1202, 1223, 1355, 1369, 1374, 1395, 1405, 1629, 1660, 1827, 2033, 2410, 2419, 2479, 2508, 2550, 3020, 3072, 3117, 3274, 3278, 3287, 3302, 3308, 3379, 3432, 3438, 3587, 3845, 3855, 3865, 3866, 3869, 3871, 3882, 3896, 3901, 3993, 4109, 4152, 4169, 4175, 4177, 4256, 4269, 4279, 4393, 4406, 4518, 4524, 4529, 4538, 4544, 4547, 4554, 4566, 4568, 4570]
    },
    "11": {
        "n_features": 77,
        "phenotypes": 7,
        "n_features_in": 16484,
        "JS": 0.018103929569193888,
        "entropy": 0.00126566262179239,
        "pearson": 0.9992915217853425,
        "deconvolution": [0.07731085387451106, 0.0747432542360435, 0.09816891067067093, 0.024762210106979893, 0.2741467392901306, 0.3124951210555446, 0.13837291076611932],
        "solution": [53, 54, 134, 181, 192, 330, 603, 659, 689, 708, 1025, 1176, 1178, 1201, 1202, 1223, 1355, 1369, 1374, 1395, 1405, 1571, 1629, 1660, 1827, 2033, 2410, 2419, 2479, 2508, 2550, 3020, 3072, 3117, 3274, 3278, 3287, 3302, 3308, 3379, 3432, 3438, 3587, 3646, 3845, 3855, 3865, 3866, 3869, 3871, 3882, 3896, 3901, 3902, 3993, 4109, 4152, 4169, 4175, 4177, 4256, 4269, 4279, 4366, 4393, 4406, 4518, 4524, 4529, 4538, 4544, 4547, 4554, 4566, 4568, 4570, 4583]
    },
    "12": {
        "n_features": 84,
        "phenotypes": 7,
        "n_features_in": 16484,
        "JS": 0.01816252344270551,
        "entropy": 0.0012758819198665627,
        "pearson": 0.9991815644726969,
        "deconvolution": [0.07724703118851328, 0.07503511372436833, 0.09828321859521014, 0.024828386172459697, 0.274106379280014, 0.31125603949441255, 0.13924383154502207],