{
    "1": {
        "n_train": 37884,
        "n_features_in": 2968,
        "n_features": 30,
        "n_classes": 75,
        "scale": false,
        "normalize": false,
        "train_accuracy": 0.5928096293949953,
        "train_f1_micro": 0.5928096293949953,
        "train_f1_macro": 0.40510701189675413,
        "train_f1_weighted": 0.5634969161682951,
        "train_ROC": 0.9805765784194479,
        "n_test": 37885,
        "test_accuracy": 0.5805199947208658,
        "test_f1_micro": 0.5805199947208658,
        "test_f1_macro": 0.37928636348430306,
        "test_f1_weighted": 0.5488363964922754,
        "test_ROC": 0.9773712132904939,
        "solution": [194, 371, 412, 662, 682, 775, 969, 979, 981, 1063, 1449, 1540, 1555, 1597, 1603, 1685, 1689, 1853, 1906, 1939, 2056, 2066, 2125, 2408, 2550, 2734, 2738, 2751, 2866, 2961]
    },
    "2": {
        "n_train": 37884,
        "n_features_in": 2968,
        "n_features": 54,
        "n_classes": 75,
        "scale": false,
        "normalize": false,
        "train_accuracy": 0.6682504487382536,
        "train_f1_micro": 0.6682504487382536,
        "train_f1_macro": 0.5224015407630477,
        "train_f1_weighted": 0.6546096951674811,
        "train_ROC": 0.9878903649515132,
        "n_test": 37885,
        "test_accuracy": 0.6463507984690511,
        "test_f1_micro": 0.6463507984690511,
        "test_f1_macro": 0.46899596492684886,
        "test_f1_weighted": 0.6298083798529307,
        "test_ROC": 0.9838856419794859,
        "solution": [49, 194, 234, 314, 371, 404, 412, 662, 682, 775, 850, 969, 979, 981, 1063, 1177, 1256, 1391, 1449, 1537, 1540, 1555, 1597, 1600, 1603, 1685, 1689, 1761, 1853, 1906, 1907, 1939, 2031, 2056, 2066, 2124, 2125, 2239, 2350, 2408, 2423, 2471, 2550, 2640, 2734, 2738, 2751, 2768, 2792, 2804, 2866, 2896, 2897, 2961]
    },
    "3": {
        "n_train": 37884,
        "n_features_in": 2968,
        "n_features": 77,
        "n_classes": 75,
        "scale": false,
        "normalize": false,
        "train_accuracy": 0.7139425615035371,
        "train_f1_micro": 0.7139425615035371,
        "train_f1_macro": 0.5991814588383011,
        "train_f1_weighted": 0.7051227073025635,
        "train_ROC": 0.9911263931735325,
        "n_test": 37885,
        "test_accuracy": 0.6840966081562624,
        "test_f1_micro": 0.6840966081562624,
        "test_f1_macro": 0.5224211907549297,
        "test_f1_weighted": 0.6732433926443084,
        "test_ROC": 0.9865769089639114,
        "solution": [33, 35, 49, 168, 194, 234, 314, 371, 404, 412, 592, 662, 682, 775, 792, 850, 872, 967, 969, 979, 980, 981, 982, 1063, 1164, 1177, 1256, 1264, 1377, 1391, 1430, 1449, 1537, 1540, 1553, 1555, 1597, 1600, 1603, 1685, 1689, 1690, 1761, 1846, 1853, 1906, 1907, 1939, 2031, 2056, 2066, 2124, 2125, 2138, 2230, 2239, 2350, 2368, 2408, 2413, 2423, 2471, 2507, 2550, 2640, 2734, 2738, 2751, 2768, 2781, 2792, 2804, 2866, 2896, 2897, 2960, 2961]
    },
    "4": {
        "n_train": 37884,
        "n_features_in": 2968,
        "n_features": 102,
        "n_classes": 75,
        "scale": false,
        "normalize": false,
        "train_accuracy": 0.7627230493084152,
        "train_f1_micro": 0.7627230493084151,
        "train_f1_macro": 0.6731912597888103,
        "train_f1_weighted": 0.7574492783617119,
        "train_ROC": 0.993943814808195,
        "n_test": 37885,
        "test_accuracy": 0.7209713606968458,
        "test_f1_micro": 0.7209713606968458,
        "test_f1_macro": 0.564425900703818,
        "test_f1_weighted": 0.7136357172401836,
        "test_ROC": 0.9888689975103152,
        "solution": [18, 33, 34, 35, 49, 168, 169, 170, 185, 194, 234, 314, 371, 372, 404, 412, 494, 592, 662, 682, 683, 775, 792, 850, 872, 966, 967, 969, 979, 980, 981, 982, 992, 1063, 1159, 1164, 1172, 1177, 1256, 1264, 1377, 1391, 1393, 1415, 1430, 1449, 1468, 1537, 1540, 1553, 1555, 1595, 1597, 1600, 1602, 1603, 1630, 1685, 1689, 1690, 1761, 1821, 1842, 1846, 1853, 1906, 1907, 1939, 2031, 2056, 2066, 2124, 2125, 2138, 2207, 2230, 2239, 2350, 2368, 2408, 2410, 2413, 2423, 2471, 2507, 2550, 2579, 2640, 2714, 2734, 2738, 2751, 2757, 2768, 2781, 2792, 2804, 2866, 2896, 2897, 2960, 2961]
    },
    "5": {
        "n_train": 37884,
        "n_features_in": 2968,
        "n_features": 121,
        "n_classes": 75,
        "scale": false,
        "normalize": false,
        "train_accuracy": 0.7989652623798965,
        "train_f1_micro": 0.7989652623798965,
        "train_f1_macro": 0.7323158817963084,
        "train_f1_weighted": 0.7956209930196735,
        "train_ROC": 0.9956500032732807,
        "n_test": 37885,
        "test_accuracy": 0.7475518015045532,
        "test_f1_micro": 0.7475518015045531,
        "test_f1_macro": 0.6010091861394135,
        "test_f1_weighted": 0.7425052773110477,
        "test_ROC": 0.9908032036247842,
        "solution": [18, 33, 34, 35, 49, 137, 163, 168, 169, 170, 185, 194, 234, 314, 371, 372, 404, 412, 494, 514, 552, 592, 662, 682, 683, 775, 792, 850, 859, 872, 913, 966, 967, 969, 973, 979, 980, 981, 982, 992, 993, 1029, 1063, 1148, 1159, 1164, 1172, 1177, 1197, 1256, 1264, 1301, 1377, 1391, 1393, 1415, 1430, 1449, 1468, 1487, 1537, 1540, 1553, 1555, 1595, 1597, 1600, 1602, 1603, 1630, 1685, 1689, 1690, 1761, 1807, 1821, 1842, 1846, 1850, 1853, 1906, 1907, 1939, 2031, 2056, 2066, 2124, 2125, 2138, 2207, 2230, 2239, 2350, 2368, 2408, 2410, 2413, 2423, 2425, 2471, 2482, 2507, 2550, 2577, 2579, 2640, 2714, 2734, 2737, 2738, 2751, 2757, 2768, 2781, 2792, 2804, 2866, 2896, 2897, 2960, 2961]
    },
    "6": {
        "n_train": 37884,
        "n_features_in": 2968,
        "n_features": 145,
        "n_classes": 75,
        "scale": false,
        "normalize": false,
        "train_accuracy": 0.8201879421391617,
        "train_f1_micro": 0.8201879421391617,
        "train_f1_macro": 0.7665603137783923,
        "train_f1_weighted": 0.8176053370269756,
        "train_ROC": 0.9965889372883614,
        "n_test": 37885,
        "test_accuracy": 0.756209581628613,
        "test_f1_micro": 0.756209581628613,
        "test_f1_macro": 0.6096604604707142,
        "test_f1_weighted": 0.7522790814185245,
        "test_ROC": 0.9913602934029215,
        "solution": [18, 33, 34, 35, 49, 83, 137, 163, 167, 168, 169, 170, 185, 194, 234, 314, 320, 371, 372, 404, 412, 494, 514, 552, 592, 662, 682, 683, 686, 717, 775, 792, 850, 859, 872, 913, 966, 967, 969, 973, 979, 980, 981, 982, 983, 992, 993, 1029, 1063, 1148, 1159, 1164, 1172, 1177, 1197, 1223, 1224, 1241, 1256, 1264, 1301, 1327, 1377, 1391, 1393, 1415, 1430, 1432, 1449, 1468, 1487, 1537, 1540, 1544, 1553, 1555, 1595, 1597, 1600, 1602, 1603, 1630, 1636, 1647, 1660, 1685, 1689, 1690, 1729, 1761, 1807, 1821, 1842, 1843, 1846, 1850, 1853, 1906, 1907, 1939, 2031, 2056, 2066, 2068, 2124, 2125, 2138, 2207, 2230, 2239, 2245, 2288, 2350, 2368, 2408, 2410, 2413, 2423, 2425, 2471, 2482, 2507, 2518, 2530, 2550, 2577, 2579, 2583, 2594, 2640, 2714, 2734, 2737, 2738, 2751, 2757, 2768, 2781, 2792, 2804, 2866, 2896, 2897, 2960, 2961]
    },
    "7": {
        "n_train": 37884,
        "n_features_in": 2968,
        "n_features": 180,
        "n_classes": 75,
        "scale": false,
        "normalize": false,
        "train_accuracy": 0.8626069052898321,
        "train_f1_micro": 0.8626069052898321,
        "train_f1_macro": 0.8328810144932519,
        "train_f1_weighted": 0.8614422055264751,
        "train_ROC": 0.997934717995934,
        "n_test": 37885,
        "test_accuracy": 0.7816286129074832,
        "test_f1_micro": 0.7816286129074832,
        "test_f1_macro": 0.6348018934082427,
        "test_f1_weighted": 0.7793434930567155,
        "test_ROC": 0.9927743710039003,