{
    "4": {
        "n_features": 17,
        "phenotypes": 7,
        "n_features_in": 16484,
        "JS": 0.06260870976739587,
        "entropy": 0.016247409534568706,
        "pearson": 0.9771562964631708,
        "deconvolution": [0.10050799304914604, 0.06385815987827384, 0.13662967662865586, 0.0388988064761948, 0.2393330773720037, 0.2940780559445308, 0.12669423065119495],
        "solution": [14381, 3838, 1355, 4196, 2678, 3292, 1176, 10767, 3579, 100, 612, 3276, 4591, 2243, 2410, 2594, 14355]
    },
    "9": {
        "n_features": 30,
        "phenotypes": 7,
        "n_features_in": 16484,
        "JS": 0.026258505667103933,
        "entropy": 0.0027521705408421193,
        "pearson": 0.9943713888675307,
        "deconvolution": [0.07765555372568962, 0.07358358773564025, 0.09524728650718225, 0.03847473755576187, 0.26461129600853883, 0.3346934901412621, 0.11573404832592517],
        "solution": [5319, 1167, 1025, 1297, 4520, 4368, 601, 2835, 2123, 1355, 1345, 3127, 3008, 369, 1864, 3646, 3854, 1985, 3284, 3442, 10836, 1785, 3114, 3043, 659, 2074, 1571, 2641, 3322, 2377]
    },
    "14": {
        "n_features": 48,
        "phenotypes": 7,
        "n_features_in": 16484,
        "JS": 0.02067822355487953,
        "entropy": 0.0017358367725555102,
        "pearson": 0.9986319884046531,
        "deconvolution": [0.08273774746684642, 0.07308805975910236, 0.10420641730377578, 0.038916686264787316, 0.2676968280028855, 0.30699717136790433, 0.1263570898346983],
        "solution": [8152, 991, 90, 1248, 3395, 1302, 1837, 2943, 1361, 1889, 16254, 1237, 181, 1776, 105, 4494, 1329, 2825, 3850, 3633, 3072, 10135, 1368, 2413, 373, 2884, 4529, 4417, 3184, 303, 1892, 2243, 4972, 2074, 4107, 3854, 3807, 33, 3640, 3441, 2641, 1870, 1182, 1353, 4176, 5858, 1706, 1852]
    },
    "19": {
        "n_features": 67,
        "phenotypes": 7,
        "n_features_in": 16484,
        "JS": 0.03528670415788018,
        "entropy": 0.005185841163003282,
        "pearson": 0.9969333578340979,
        "deconvolution": [0.07836704814269876, 0.06700154902215431, 0.10579075342705976, 0.04826654036500511, 0.26412998428438395, 0.2981398913827286, 0.1383042333759697],
        "solution": [15356, 13333, 4296, 1059, 15036, 2759, 9098, 1879, 1175, 3106, 1186, 1660, 1866, 4547, 2825, 627, 743, 2583, 4524, 3284, 1889, 1190, 1814, 192, 1629, 4109, 1776, 369, 7933, 1287, 1985, 575, 3646, 3572, 3863, 1179, 3325, 1585, 4526, 2685, 1991, 16254, 3713, 708, 3651, 1333, 4554, 45, 320, 3300, 12944, 1626, 203, 4307, 1146, 3128, 4347, 100, 9813, 2712, 3062, 4490, 1755, 4252, 1862, 1183, 661]
    },
    "24": {
        "n_features": 94,
        "phenotypes": 7,
        "n_features_in": 16484,
        "JS": 0.026172455046181438,
        "entropy": 0.0027389125730044005,
        "pearson": 0.9961489606952829,
        "deconvolution": [0.08122422431869551, 0.07126234319318456, 0.08865954521808743, 0.026425627282287315, 0.2734811377107489, 0.30785334909758716, 0.15109377317940906],
        "solution": [4638, 761, 12587, 10687, 9416, 43, 5339, 3876, 10623, 4981, 1691, 4414, 5953, 12947, 1974, 3954, 148, 4713, 3438, 1020, 5326, 12958, 1470, 3403, 10652, 9330, 1374, 1176, 714, 2653, 1475, 1890, 2525, 3072, 3140, 3076, 3596, 1606, 4180, 3284, 1287, 3066, 1233, 659, 409, 369, 3426, 689, 86, 1393, 1827, 2583, 1167, 1893, 1357, 11276, 3023, 1852, 3008, 316, 1216, 3024, 4395, 3039, 4172, 1894, 4508, 15548, 330, 1333, 3583, 7498, 2586, 2819, 4317, 3321, 1132, 11257, 3006, 4520, 745, 3724, 3646, 303, 4393, 3278, 3656, 1190, 1200, 2688, 3291, 4269, 3116, 1162]
    },
    "29": {
        "n_features": 112,
        "phenotypes": 7,
        "n_features_in": 16484,
        "JS": 0.025417584329118725,
        "entropy": 0.002630834707030217,
        "pearson": 0.9969496855313567,
        "deconvolution": [0.07935430879692607, 0.0708939715189073, 0.11438614286192725, 0.03706535263655333, 0.26511906525071316, 0.30505032876729443, 0.12813083016767846],
        "solution": [228, 12350, 2677, 4924, 12348, 14417, 4172, 3641, 13147, 9347, 6477, 4459, 11233, 9019, 11402, 8665, 4041, 9072, 6705, 2903, 14715, 11098, 1381, 12174, 1837, 2678, 93, 1893, 2550, 1629, 1955, 857, 1475, 1581, 134, 2525, 1868, 1420, 1355, 3840, 1025, 7, 1889, 1246, 1201, 1132, 1864, 4517, 2956, 6814, 3579, 1029, 1478, 3372, 3850, 991, 17, 4154, 2563, 1414, 1614, 45, 3869, 570, 2645, 3382, 4537, 2017, 12903, 2019, 15708, 3006, 1696, 33, 1900, 6109, 3107, 4385, 5327, 1146, 3454, 12944, 15778, 3128, 13739, 877, 3395, 3035, 4546, 4443, 16254, 1862, 1584, 2385, 3226, 3645, 116, 15631, 4269, 3132, 1173, 3590, 320, 1285, 1299, 10836, 3598, 6364, 3292, 1698, 1210, 5305]
    },
    "34": {
        "n_features": 144,
        "phenotypes": 7,
        "n_features_in": 16484,
        "JS": 0.03253174497611177,
        "entropy": 0.004168296505763012,
        "pearson": 0.9955927143703481,
        "deconvolution": [0.08392926924327557, 0.059522077640886066, 0.09054213131369916, 0.03976902219554373, 0.27473690340335666, 0.30936835802508594, 0.14213223817815296],
        "solution": [7146, 11073, 5668, 8961, 1986, 11827, 5299, 3708, 4204, 3413, 3990, 5261, 10031, 8188, 15150, 7977, 9522, 6174, 11812, 11933, 6310, 6533, 1655, 10086, 14600, 3940, 13627, 6754, 12253, 13497, 10022, 11646, 13639, 1219, 13968, 4340, 13820, 14091, 12192, 14507, 3622, 930, 1176, 6674, 1167, 2524, 1399, 8867, 1181, 3983, 3651, 93, 3110, 1063, 689, 3226, 2863, 560, 1827, 4143, 991, 1346, 1345, 2678, 877, 1581, 1475, 4514, 4483, 4252, 3039, 14524, 1366, 1355, 1876, 1696, 1591, 3713, 1186, 1629, 4296, 224, 2956, 1955, 1893, 405, 1132, 4268, 2052, 3379, 3116, 2584, 12919, 3633, 1805, 12944, 2425, 1618, 1282, 1985, 5824, 16226, 4349, 3038, 1269, 14981, 4172, 1776, 1253, 2835, 3626, 3850, 2522, 1543, 1433, 3377, 1746, 1333, 3151, 12251, 1148, 3278, 741, 512, 108, 3114, 3592, 2658, 1698, 7136, 7112, 3463, 4582, 1197, 8970, 10618, 1973, 621, 14727, 14171, 783, 2919, 4561, 3267]
    },
    "39": {
        "n_features": 171,
        "phenotypes": 7,
        "n_features_in": 16484,
        "JS": 0.014006840714471497,
        "entropy": 0.0007923582438457931,
        "pearson": 0.9997943766197709,
        "deconvolution": [0.08079143010976969, 0.07885445663573187, 0.10041109898624516, 0.03659839825149613, 0.26412168202439196, 0.30590146729101303, 0.13332146670135217],
        "solution": [6442, 7462, 15534, 14517, 3968, 5036, 14113, 6433, 5051, 7202, 8734, 2618, 15972, 11416, 2665, 7619, 3414, 7195, 542, 888, 5503, 8423, 3031, 4818, 5306, 4912, 12358, 287, 13973, 13143, 6018, 9628, 1307, 9443, 14141, 8231, 13103, 13788, 7629, 10229, 1704, 1682, 9128, 6836, 9738, 4983, 3497, 13067, 8137, 3909, 12519, 6663, 11885, 2943, 361, 12373, 3936, 1355, 1176, 106, 3590, 3259, 1405, 1178, 2033, 714, 3132, 1368, 1968, 102, 369, 1275, 560, 4526, 1837, 570, 1814, 2556, 3582, 10193, 3020, 3290, 2956, 2525, 4520, 1032, 1629, 1998, 3295, 2678, 4143, 1868, 1390, 3426, 3008, 3076, 105, 4570, 3404, 4563, 3116, 575, 1290, 1894, 3902, 1167, 3224, 2769, 3799, 3576, 13134, 3646, 15564, 373, 4357, 1581, 2413, 2075, 10135, 2258, 4514, 4106, 4173, 12919, 1585, 7, 11063, 745, 3861, 2522, 4291, 1649, 12124, 8102, 2074, 2668, 3091, 428, 8372, 2600, 1246, 2456, 1029, 1190, 3057, 741, 1267, 710, 215, 1177, 1656, 3549, 1152, 1411, 1413, 9813, 3557, 16477, 3422, 4263, 32, 3854, 4268, 4600, 1782, 3940, 8270, 2310, 10726, 10358, 13855]
    }
}