{
    "4": {
        "n_train": 1502,
        "n_features_in": 16484,
        "n_features": 17,
        "n_classes": 7,
        "scale": false,
        "normalize": false,
        "train_accuracy": 0.881491344873502,
        "train_f1_micro": 0.881491344873502,
        "train_f1_macro": 0.835703263069769,
        "train_f1_weighted": 0.8804103874479923,
        "train_ROC": 0.9839798234855479,
        "n_test": 1503,
        "test_accuracy": 0.8695941450432468,
        "test_f1_micro": 0.8695941450432468,
        "test_f1_macro": 0.8092551015310084,
        "test_f1_weighted": 0.8677481309986957,
        "test_ROC": 0.9769323395905799,
        "solution": [14381, 3838, 1355, 4196, 2678, 3292, 1176, 10767, 3579, 100, 612, 3276, 4591, 2243, 2410, 2594, 14355]
    },
    "9": {
        "n_train": 1502,
        "n_features_in": 16484,
        "n_features": 30,
        "n_classes": 7,
        "scale": false,
        "normalize": false,
        "train_accuracy": 0.9553928095872171,
        "train_f1_micro": 0.9553928095872171,
        "train_f1_macro": 0.9419272000381519,
        "train_f1_weighted": 0.9551930542804906,
        "train_ROC": 0.9965075241047886,
        "n_test": 1503,
        "test_accuracy": 0.9214903526280772,
        "test_f1_micro": 0.9214903526280772,
        "test_f1_macro": 0.8876292424531634,
        "test_f1_weighted": 0.9213569160781852,
        "test_ROC": 0.9920661249592035,
        "solution": [5319, 1167, 1025, 1297, 4520, 4368, 601, 2835, 2123, 1355, 1345, 3127, 3008, 369, 1864, 3646, 3854, 1985, 3284, 3442, 10836, 1785, 3114, 3043, 659, 2074, 1571, 2641, 3322, 2377]
    },
    "14": {
        "n_train": 1502,
        "n_features_in": 16484,
        "n_features": 48,
        "n_classes": 7,
        "scale": false,
        "normalize": false,
        "train_accuracy": 0.9880159786950732,
        "train_f1_micro": 0.9880159786950732,
        "train_f1_macro": 0.9879536425058619,
        "train_f1_weighted": 0.9880188229849509,
        "train_ROC": 0.9997572716194553,
        "n_test": 1503,
        "test_accuracy": 0.9194943446440452,
        "test_f1_micro": 0.9194943446440452,
        "test_f1_macro": 0.894083905606912,
        "test_f1_weighted": 0.9193456386970318,
        "test_ROC": 0.9918843351311656,
        "solution": [8152, 991, 90, 1248, 3395, 1302, 1837, 2943, 1361, 1889, 16254, 1237, 181, 1776, 105, 4494, 1329, 2825, 3850, 3633, 3072, 10135, 1368, 2413, 373, 2884, 4529, 4417, 3184, 303, 1892, 2243, 4972, 2074, 4107, 3854, 3807, 33, 3640, 3441, 2641, 1870, 1182, 1353, 4176, 5858, 1706, 1852]
    },
    "19": {
        "n_train": 1502,
        "n_features_in": 16484,
        "n_features": 67,
        "n_classes": 7,
        "scale": false,
        "normalize": false,
        "train_accuracy": 0.9993342210386151,
        "train_f1_micro": 0.9993342210386151,
        "train_f1_macro": 0.9994880207980055,
        "train_f1_weighted": 0.9993337370409583,
        "train_ROC": 0.9999985644534473,
        "n_test": 1503,
        "test_accuracy": 0.9454424484364604,
        "test_f1_micro": 0.9454424484364604,
        "test_f1_macro": 0.9258845689551765,
        "test_f1_weighted": 0.9451709837427075,
        "test_ROC": 0.9964455097276471,
        "solution": [15356, 13333, 4296, 1059, 15036, 2759, 9098, 1879, 1175, 3106, 1186, 1660, 1866, 4547, 2825, 627, 743, 2583, 4524, 3284, 1889, 1190, 1814, 192, 1629, 4109, 1776, 369, 7933, 1287, 1985, 575, 3646, 3572, 3863, 1179, 3325, 1585, 4526, 2685, 1991, 16254, 3713, 708, 3651, 1333, 4554, 45, 320, 3300, 12944, 1626, 203, 4307, 1146, 3128, 4347, 100, 9813, 2712, 3062, 4490, 1755, 4252, 1862, 1183, 661]
    },
    "24": {
        "n_train": 1502,
        "n_features_in": 16484,
        "n_features": 94,
        "n_classes": 7,
        "scale": false,
        "normalize": false,
        "train_accuracy": 0.9993342210386151,
        "train_f1_micro": 0.9993342210386151,
        "train_f1_macro": 0.9994880207980055,
        "train_f1_weighted": 0.9993337370409583,
        "train_ROC": 0.999989004483144,
        "n_test": 1503,
        "test_accuracy": 0.9434464404524284,
        "test_f1_micro": 0.9434464404524284,
        "test_f1_macro": 0.9228347106878626,
        "test_f1_weighted": 0.9434260740511552,
        "test_ROC": 0.9942702897907388,
        "solution": [4638, 761, 12587, 10687, 9416, 43, 5339, 3876, 10623, 4981, 1691, 4414, 5953, 12947, 1974, 3954, 148, 4713, 3438, 1020, 5326, 12958, 1470, 3403, 10652, 9330, 1374, 1176, 714, 2653, 1475, 1890, 2525, 3072, 3140, 3076, 3596, 1606, 4180, 3284, 1287, 3066, 1233, 659, 409, 369, 3426, 689, 86, 1393, 1827, 2583, 1167, 1893, 1357, 11276, 3023, 1852, 3008, 316, 1216, 3024, 4395, 3039, 4172, 1894, 4508, 15548, 330, 1333, 3583, 7498, 2586, 2819, 4317, 3321, 1132, 11257, 3006, 4520, 745, 3724, 3646, 303, 4393, 3278, 3656, 1190, 1200, 2688, 3291, 4269, 3116, 1162]
    },
    "29": {
        "n_train": 1502,
        "n_features_in": 16484,
        "n_features": 112,
        "n_classes": 7,
        "scale": false,
        "normalize": false,
        "train_accuracy": 1.0,
        "train_f1_micro": 1.0,
        "train_f1_macro": 1.0,
        "train_f1_weighted": 1.0,
        "train_ROC": 1.0,
        "n_test": 1503,
        "test_accuracy": 0.9467731204258151,
        "test_f1_micro": 0.9467731204258152,
        "test_f1_macro": 0.9318033766437942,
        "test_f1_weighted": 0.9464914006718079,
        "test_ROC": 0.996796558883105,
        "solution": [228, 12350, 2677, 4924, 12348, 14417, 4172, 3641, 13147, 9347, 6477, 4459, 11233, 9019, 11402, 8665, 4041, 9072, 6705, 2903, 14715, 11098, 1381, 12174, 1837, 2678, 93, 1893, 2550, 1629, 1955, 857, 1475, 1581, 134, 2525, 1868, 1420, 1355, 3840, 1025, 7, 1889, 1246, 1201, 1132, 1864, 4517, 2956, 6814, 3579, 1029, 1478, 3372, 3850, 991, 17, 4154, 2563, 1414, 1614, 45, 3869, 570, 2645, 3382, 4537, 2017, 12903, 2019, 15708, 3006, 1696, 33, 1900, 6109, 3107, 4385, 5327, 1146, 3454, 12944, 15778, 3128, 13739, 877, 3395, 3035, 4546, 4443, 16254, 1862, 1584, 2385, 3226, 3645, 116, 15631, 4269, 3132, 1173, 3590, 320, 1285, 1299, 10836, 3598, 6364, 3292, 1698, 1210, 5305]
    },
    "34": {
        "n_train": 1502,
        "n_features_in": 16484,
        "n_features": 144,
        "n_classes": 7,
        "scale": false,
        "normalize": false,
        "train_accuracy": 1.0,
        "train_f1_micro": 1.0,
        "train_f1_macro": 1.0,
        "train_f1_weighted": 1.0,
        "train_ROC": 1.0,
        "n_test": 1503,
        "test_accuracy": 0.9441117764471058,
        "test_f1_micro": 0.9441117764471059,
        "test_f1_macro": 0.918393993738138,
        "test_f1_weighted": 0.9437241339860146,
        "test_ROC": 0.9964897424025476,
        "solution": [7146, 11073, 5668, 8961, 1986, 11827, 5299, 3708, 4204, 3413, 3990, 5261, 10031, 8188, 15150, 7977, 9522, 6174, 11812, 11933, 6310, 6533, 1655, 10086, 14600, 3940, 13627, 6754, 12253, 13497, 10022, 11646, 13639, 1219, 13968, 4340, 13820, 14091, 12192, 14507, 3622, 930, 1176, 6674, 1167, 2524, 1399, 8867, 1181, 3983, 3651, 93, 3110, 1063, 689, 3226, 2863, 560, 1827, 4143, 991, 1346, 1345, 2678, 877, 1581, 1475, 4514, 4483, 4252, 3039, 14524, 1366, 1355, 1876, 1696, 1591, 3713, 1186, 1629, 4296, 224, 2956, 1955, 1893, 405, 1132, 4268, 2052, 3379, 3116, 2584, 12919, 3633, 1805, 12944, 2425, 1618, 1282, 1985, 5824, 16226, 4349, 3038, 1269, 14981, 4172, 1776, 1253, 2835, 3626, 3850, 2522, 1543, 1433, 3377, 1746, 1333, 3151, 12251, 1148, 3278, 741, 512, 108, 3114, 3592, 2658, 1698, 7136, 7112, 3463, 4582, 1197, 8970, 10618, 1973, 621, 14727, 14171, 783, 2919, 4561, 3267]
    },
    "39": {
        "n_train": 1502,
        "n_features_in": 16484,
        "n_features": 171,
        "n_classes": 7,
        "scale": false,
        "normalize": false,
        "train_accuracy": 1.0,
        "train_f1_micro": 1.0,
        "train_f1_macro": 1.0,
        "train_f1_weighted": 1.0,
        "train_ROC": 1.0,
        "n_test": 1503,