{
    "1": {
        "n_train": 37884,
        "n_features_in": 2968,
        "n_features": 23,
        "n_classes": 75,
        "scale": false,
        "normalize": false,
        "train_accuracy": 0.41006757470172106,
        "train_f1_micro": 0.41006757470172106,
        "train_f1_macro": 0.21569836473643733,
        "train_f1_weighted": 0.37468620017631515,
        "train_ROC": 0.9377240766549255,
        "n_test": 37885,
        "test_accuracy": 0.4070212485152435,
        "test_f1_micro": 0.4070212485152435,
        "test_f1_macro": 0.21004215277572966,
        "test_f1_weighted": 0.37161492494325316,
        "test_ROC": 0.9289119462498475,
        "solution": [380, 46, 1377, 2301, 1062, 376, 2139, 917, 925, 1391, 1418, 2929, 1480, 1107, 2014, 1306, 334, 422, 88, 1101, 1681, 732, 599]
    },
    "2": {
        "n_train": 37884,
        "n_features_in": 2968,
        "n_features": 36,
        "n_classes": 75,
        "scale": false,
        "normalize": false,
        "train_accuracy": 0.5843099989441453,
        "train_f1_micro": 0.5843099989441453,
        "train_f1_macro": 0.40990459364428805,
        "train_f1_weighted": 0.5680419171466985,
        "train_ROC": 0.9775608853396361,
        "n_test": 37885,
        "test_accuracy": 0.5727068760723242,
        "test_f1_micro": 0.5727068760723242,
        "test_f1_macro": 0.3743719893415824,
        "test_f1_weighted": 0.5549505080528657,
        "test_ROC": 0.9708560884508363,
        "solution": [2041, 973, 1391, 1408, 2643, 1952, 1672, 46, 2754, 2301, 2139, 2646, 1618, 1024, 1416, 698, 969, 2966, 1343, 2897, 525, 334, 507, 380, 37, 448, 599, 2021, 176, 2538, 418, 1101, 169, 1358, 775, 2632]
    },
    "3": {
        "n_train": 37884,
        "n_features_in": 2968,
        "n_features": 51,
        "n_classes": 75,
        "scale": false,
        "normalize": false,
        "train_accuracy": 0.6220040122479147,
        "train_f1_micro": 0.6220040122479147,
        "train_f1_macro": 0.4687634851058359,
        "train_f1_weighted": 0.6095194715827099,
        "train_ROC": 0.9821679673196729,
        "n_test": 37885,
        "test_accuracy": 0.5967797281245876,
        "test_f1_micro": 0.5967797281245876,
        "test_f1_macro": 0.4100621988864763,
        "test_f1_weighted": 0.5827505816136456,
        "test_ROC": 0.9749222380178039,
        "solution": [334, 925, 46, 753, 2139, 973, 380, 2301, 1288, 775, 86, 2754, 1922, 1835, 2041, 37, 39, 1672, 1391, 2643, 208, 1024, 212, 1661, 698, 1320, 2155, 2902, 182, 2736, 2023, 991, 1952, 614, 1036, 169, 2730, 1582, 1286, 2021, 83, 453, 992, 2717, 525, 1416, 600, 2694, 1826, 2646, 2448]
    },
    "4": {
        "n_train": 37884,
        "n_features_in": 2968,
        "n_features": 62,
        "n_classes": 75,
        "scale": false,
        "normalize": false,
        "train_accuracy": 0.6604635202196177,
        "train_f1_micro": 0.6604635202196177,
        "train_f1_macro": 0.5331471085470537,
        "train_f1_weighted": 0.6517657646366972,
        "train_ROC": 0.9870264841405327,
        "n_test": 37885,
        "test_accuracy": 0.6305661871453082,
        "test_f1_micro": 0.6305661871453082,
        "test_f1_macro": 0.45720907092684543,
        "test_f1_weighted": 0.6206496703307595,
        "test_ROC": 0.9794224139559939,
        "solution": [1416, 925, 334, 2041, 1835, 1065, 209, 2139, 2643, 182, 380, 224, 1062, 966, 294, 41, 212, 376, 973, 37, 1699, 2206, 166, 780, 2964, 2646, 206, 2327, 169, 104, 2326, 713, 2754, 1700, 1666, 1661, 2301, 1023, 1310, 2873, 1391, 2897, 1964, 2270, 1377, 2014, 1480, 980, 39, 2632, 2717, 935, 1101, 293, 1373, 998, 928, 453, 2478, 1301, 1794, 439]
    },
    "5": {
        "n_train": 37884,
        "n_features_in": 2968,
        "n_features": 75,
        "n_classes": 75,
        "scale": false,
        "normalize": false,
        "train_accuracy": 0.6962042023017633,
        "train_f1_micro": 0.6962042023017633,
        "train_f1_macro": 0.5931872561610506,
        "train_f1_weighted": 0.690574366328729,
        "train_ROC": 0.990470899191042,
        "n_test": 37885,
        "test_accuracy": 0.6571730236241257,
        "test_f1_micro": 0.6571730236241257,
        "test_f1_macro": 0.49789900643198715,
        "test_f1_weighted": 0.650354650340866,
        "test_ROC": 0.9835520743531311,
        "solution": [334, 973, 2041, 2014, 2643, 966, 412, 2139, 2736, 2300, 1391, 925, 41, 2470, 37, 698, 599, 723, 2763, 86, 376, 294, 380, 2299, 2754, 1741, 2689, 1661, 1286, 974, 785, 2734, 1065, 1288, 780, 2966, 14, 1023, 1416, 2544, 1922, 942, 1424, 659, 2270, 791, 206, 513, 969, 1672, 1952, 2786, 2569, 2206, 982, 2897, 448, 917, 182, 414, 1108, 674, 525, 1019, 2110, 2950, 1301, 687, 2501, 278, 1032, 1761, 940, 453, 998]
    },
    "6": {
        "n_train": 37884,
        "n_features_in": 2968,
        "n_features": 91,
        "n_classes": 75,
        "scale": false,
        "normalize": false,
        "train_accuracy": 0.7477827050997783,
        "train_f1_micro": 0.7477827050997783,
        "train_f1_macro": 0.6525994292053819,
        "train_f1_weighted": 0.7429930322741723,
        "train_ROC": 0.9935658179105253,
        "n_test": 37885,
        "test_accuracy": 0.6994060974000263,
        "test_f1_micro": 0.6994060974000263,
        "test_f1_macro": 0.5283208295966432,
        "test_f1_weighted": 0.6935322082803678,
        "test_ROC": 0.9869753267599845,
        "solution": [334, 2041, 775, 2299, 380, 209, 1672, 2139, 2301, 1301, 2897, 2754, 780, 925, 791, 376, 1661, 2110, 2470, 1286, 2847, 203, 169, 2643, 974, 1952, 935, 2270, 294, 83, 212, 849, 41, 1288, 1391, 1416, 1065, 170, 1032, 992, 46, 599, 717, 2704, 318, 422, 2873, 525, 206, 1424, 682, 1343, 1954, 1761, 1835, 2014, 1408, 129, 973, 412, 982, 1378, 2966, 2300, 2343, 1023, 1863, 2910, 3, 1133, 2872, 1894, 1358, 1154, 626, 2035, 822, 1899, 1597, 2555, 127, 1441, 174, 980, 1741, 39, 1027, 438, 2730, 37, 2884]
    },
    "7": {
        "n_train": 37884,
        "n_features_in": 2968,
        "n_features": 107,
        "n_classes": 75,
        "scale": false,
        "normalize": false,
        "train_accuracy": 0.7641748495407032,
        "train_f1_micro": 0.7641748495407031,
        "train_f1_macro": 0.6860883370532275,
        "train_f1_weighted": 0.7602930855619686,
        "train_ROC": 0.9945219266438846,
        "n_test": 37885,
        "test_accuracy": 0.7037613831331662,
        "test_f1_micro": 0.7037613831331662,
        "test_f1_macro": 0.5314737135385815,
        "test_f1_weighted": 0.6989502350713933,
        "test_ROC": 0.9874220037200339,
        "solution": [334, 380, 1852, 2041, 46, 925, 969, 2754, 775, 1065, 698, 2139, 2299, 209, 1835, 86, 2301, 212, 1223, 1377, 1408, 1416, 2300, 935, 2643, 1952, 169, 37, 1672, 1242, 83, 1846, 2014, 974, 1286, 376, 982, 843, 2620, 189, 2206, 2897, 1953, 170, 2618, 1826, 723, 2646, 41, 2470, 2438, 412, 753, 2730, 1288, 599, 927, 2120, 979, 182, 1252, 2965, 1821, 2174, 973, 78, 2736, 1772, 166, 1148, 1661, 1295, 1424, 772, 224, 1451, 1023, 429, 1062, 917, 1048, 1743, 1441, 2459, 1667, 2910, 2021, 2786, 415, 19, 525, 2826, 674, 1267, 422, 206, 1042, 1124, 1894, 104, 1041, 988, 1642, 1398, 60, 2270, 2567]
    },
    "8": {
        "n_train": 37884,
        "n_features_in": 2968,
        "n_features": 120,
        "n_classes": 75,
        "scale": false,
        "normalize": false,
        "train_accuracy": 0.7925245486221096,
        "train_f1_micro": 0.7925245486221096,
        "train_f1_macro": 0.7268195770749687,
        "train_f1_weighted": 0.7901404516713433,
        "train_ROC": 0.9957984573034039,
        "n_test": 37885,
        "test_accuracy": 0.7283885442787383,
        "test_f1_micro": 0.7283885442787383,
        "test_f1_macro": 0.5628663257244664,
        "test_f1_weighted": 0.7246380422410698,
        "test_ROC": 0.9896142629770073,