{
    "1": {
        "n_train": 37884,
        "n_features_in": 2968,
        "n_features": 30,
        "n_classes": 75,
        "scale": false,
        "normalize": false,
        "train_accuracy": 0.6069580825678387,
        "train_f1_micro": 0.6069580825678387,
        "train_f1_macro": 0.40144040262835673,
        "train_f1_weighted": 0.5854194859331636,
        "train_ROC": 0.9803734609748825,
        "n_test": 37885,
        "test_accuracy": 0.5962782103734987,
        "test_f1_micro": 0.5962782103734987,
        "test_f1_macro": 0.3804546986183145,
        "test_f1_weighted": 0.5733963474740121,
        "test_ROC": 0.9765040313482456,
        "solution": [49, 168, 169, 194, 412, 592, 682, 775, 969, 979, 981, 1063, 1264, 1555, 1597, 1685, 1689, 1761, 1853, 1906, 1907, 1939, 2350, 2423, 2734, 2738, 2751, 2768, 2897, 2961]
    },
    "2": {
        "n_train": 37884,
        "n_features_in": 2968,
        "n_features": 54,
        "n_classes": 75,
        "scale": false,
        "normalize": false,
        "train_accuracy": 0.6879157427937915,
        "train_f1_micro": 0.6879157427937915,
        "train_f1_macro": 0.5356625555033642,
        "train_f1_weighted": 0.676057905978485,
        "train_ROC": 0.9891360968618307,
        "n_test": 37885,
        "test_accuracy": 0.6634815890194008,
        "test_f1_micro": 0.6634815890194008,
        "test_f1_macro": 0.4825007683242518,
        "test_f1_weighted": 0.649639721222614,
        "test_ROC": 0.9849199193195477,
        "solution": [33, 49, 168, 169, 170, 194, 234, 371, 412, 592, 682, 775, 967, 969, 979, 980, 981, 982, 992, 1063, 1172, 1264, 1391, 1449, 1537, 1540, 1555, 1597, 1600, 1603, 1685, 1689, 1690, 1761, 1853, 1906, 1907, 1939, 2031, 2125, 2239, 2350, 2368, 2408, 2423, 2594, 2714, 2734, 2738, 2751, 2768, 2792, 2897, 2961]
    },
    "3": {
        "n_train": 37884,
        "n_features_in": 2968,
        "n_features": 77,
        "n_classes": 75,
        "scale": false,
        "normalize": false,
        "train_accuracy": 0.7274575018477457,
        "train_f1_micro": 0.7274575018477457,
        "train_f1_macro": 0.6005858959759752,
        "train_f1_weighted": 0.7192841556941426,
        "train_ROC": 0.9920301250644524,
        "n_test": 37885,
        "test_accuracy": 0.694496502573578,
        "test_f1_micro": 0.694496502573578,
        "test_f1_macro": 0.5252755099121823,
        "test_f1_weighted": 0.6848865941511357,
        "test_ROC": 0.9870741236810819,
        "solution": [33, 34, 35, 49, 167, 168, 169, 170, 194, 234, 371, 412, 592, 682, 775, 872, 967, 969, 979, 980, 981, 982, 983, 992, 1029, 1063, 1148, 1172, 1256, 1264, 1377, 1391, 1449, 1457, 1537, 1540, 1553, 1555, 1595, 1597, 1600, 1603, 1683, 1685, 1689, 1690, 1761, 1832, 1846, 1853, 1865, 1906, 1907, 1909, 1939, 2031, 2056, 2124, 2125, 2239, 2350, 2368, 2408, 2423, 2507, 2594, 2640, 2714, 2734, 2738, 2751, 2768, 2792, 2896, 2897, 2960, 2961]
    },
    "4": {
        "n_train": 37884,
        "n_features_in": 2968,
        "n_features": 102,
        "n_classes": 75,
        "scale": false,
        "normalize": false,
        "train_accuracy": 0.7723577235772358,
        "train_f1_micro": 0.7723577235772358,
        "train_f1_macro": 0.6777817181165103,
        "train_f1_weighted": 0.7678667748696061,
        "train_ROC": 0.9946216930691592,
        "n_test": 37885,
        "test_accuracy": 0.7281773789098588,
        "test_f1_micro": 0.7281773789098588,
        "test_f1_macro": 0.571828914045917,
        "test_f1_weighted": 0.7218475417881958,
        "test_ROC": 0.9893613452366927,
        "solution": [33, 34, 35, 49, 56, 167, 168, 169, 170, 185, 194, 234, 371, 372, 404, 412, 514, 592, 682, 686, 775, 776, 850, 872, 913, 966, 967, 969, 979, 980, 981, 982, 983, 992, 993, 1029, 1063, 1148, 1172, 1177, 1256, 1264, 1301, 1358, 1377, 1391, 1449, 1457, 1487, 1537, 1540, 1553, 1555, 1595, 1597, 1600, 1603, 1636, 1683, 1685, 1689, 1690, 1761, 1779, 1832, 1846, 1853, 1863, 1865, 1906, 1907, 1909, 1939, 2031, 2056, 2124, 2125, 2138, 2207, 2239, 2288, 2350, 2368, 2408, 2413, 2423, 2471, 2507, 2594, 2640, 2714, 2734, 2737, 2738, 2751, 2768, 2781, 2792, 2896, 2897, 2960, 2961]
    },
    "5": {
        "n_train": 37884,
        "n_features_in": 2968,
        "n_features": 121,
        "n_classes": 75,
        "scale": false,
        "normalize": false,
        "train_accuracy": 0.797698236722627,
        "train_f1_micro": 0.797698236722627,
        "train_f1_macro": 0.7178979212238704,
        "train_f1_weighted": 0.7944436707823455,
        "train_ROC": 0.9957521787934127,
        "n_test": 37885,
        "test_accuracy": 0.742563019664775,
        "test_f1_micro": 0.742563019664775,
        "test_f1_macro": 0.593011447736129,
        "test_f1_weighted": 0.7377107757232939,
        "test_ROC": 0.9904857434529003,
        "solution": [33, 34, 35, 37, 49, 56, 137, 163, 167, 168, 169, 170, 185, 194, 234, 371, 372, 404, 412, 514, 592, 682, 683, 686, 775, 776, 850, 872, 913, 966, 967, 969, 979, 980, 981, 982, 983, 992, 993, 1029, 1063, 1148, 1159, 1172, 1177, 1197, 1256, 1264, 1301, 1358, 1377, 1391, 1449, 1457, 1487, 1537, 1540, 1544, 1553, 1555, 1595, 1597, 1600, 1602, 1603, 1636, 1683, 1685, 1689, 1690, 1761, 1765, 1779, 1821, 1832, 1843, 1846, 1850, 1853, 1863, 1865, 1906, 1907, 1909, 1939, 1952, 2031, 2056, 2124, 2125, 2138, 2207, 2239, 2288, 2308, 2331, 2350, 2368, 2408, 2413, 2423, 2425, 2471, 2497, 2507, 2530, 2594, 2640, 2714, 2734, 2737, 2738, 2751, 2768, 2781, 2792, 2893, 2896, 2897, 2960, 2961]
    },
    "6": {
        "n_train": 37884,
        "n_features_in": 2968,
        "n_features": 145,
        "n_classes": 75,
        "scale": false,
        "normalize": false,
        "train_accuracy": 0.8329901805511561,
        "train_f1_micro": 0.8329901805511561,
        "train_f1_macro": 0.7799864333966913,
        "train_f1_weighted": 0.8308531237159489,
        "train_ROC": 0.9970509207308703,
        "n_test": 37885,
        "test_accuracy": 0.7650257357793322,
        "test_f1_micro": 0.7650257357793322,
        "test_f1_macro": 0.6182787620315499,
        "test_f1_weighted": 0.7611783114730402,
        "test_ROC": 0.9919027675355475,
        "solution": [33, 34, 35, 37, 49, 56, 137, 163, 164, 167, 168, 169, 170, 171, 185, 187, 194, 234, 314, 334, 371, 372, 404, 412, 429, 446, 494, 514, 552, 592, 682, 683, 686, 775, 776, 850, 868, 872, 913, 966, 967, 969, 973, 979, 980, 981, 982, 983, 992, 993, 1029, 1063, 1148, 1159, 1172, 1177, 1197, 1256, 1264, 1301, 1358, 1377, 1391, 1449, 1457, 1468, 1487, 1497, 1537, 1540, 1544, 1553, 1555, 1569, 1595, 1597, 1599, 1600, 1602, 1603, 1630, 1636, 1683, 1685, 1689, 1690, 1691, 1761, 1765, 1779, 1821, 1832, 1843, 1846, 1850, 1852, 1853, 1863, 1865, 1906, 1907, 1909, 1939, 1952, 2019, 2031, 2056, 2124, 2125, 2138, 2207, 2239, 2288, 2308, 2331, 2350, 2368, 2408, 2410, 2413, 2423, 2425, 2471, 2497, 2507, 2530, 2572, 2583, 2594, 2640, 2714, 2734, 2737, 2738, 2751, 2768, 2781, 2792, 2866, 2880, 2893, 2896, 2897, 2960, 2961]
    },
    "7": {
        "n_train": 37884,
        "n_features_in": 2968,
        "n_features": 180,
        "n_classes": 75,
        "scale": false,
        "normalize": false,
        "train_accuracy": 0.8675430260796114,
        "train_f1_micro": 0.8675430260796114,
        "train_f1_macro": 0.8399477529408576,
        "train_f1_weighted": 0.8663991893351372,
        "train_ROC": 0.9980901097065052,
        "n_test": 37885,
        "test_accuracy": 0.7857199419295235,
        "test_f1_micro": 0.7857199419295235,
        "test_f1_macro": 0.6415701845796712,
        "test_f1_weighted": 0.7833767679629401,
        "test_ROC": 0.9926648895421261,