{
    "1": {
        "n_train": 37884,
        "n_features_in": 2968,
        "n_features": 23,
        "n_classes": 75,
        "scale": false,
        "normalize": false,
        "train_accuracy": 0.39697497624326894,
        "train_f1_micro": 0.39697497624326894,
        "train_f1_macro": 0.2094797466193181,
        "train_f1_weighted": 0.3606556209619776,
        "train_ROC": 0.9339228839982273,
        "n_test": 37885,
        "test_accuracy": 0.39010162333377324,
        "test_f1_micro": 0.39010162333377324,
        "test_f1_macro": 0.19467970300526394,
        "test_f1_weighted": 0.35354483595044,
        "test_ROC": 0.9269511507830624,
        "solution": [1416, 376, 1672, 2139, 925, 334, 483, 2897, 998, 1667, 1253, 2026, 1863, 448, 928, 991, 41, 182, 415, 1226, 2754, 2690, 2478]
    },
    "2": {
        "n_train": 37884,
        "n_features_in": 2968,
        "n_features": 35,
        "n_classes": 75,
        "scale": false,
        "normalize": false,
        "train_accuracy": 0.5295111392672368,
        "train_f1_micro": 0.5295111392672368,
        "train_f1_macro": 0.36848254705586336,
        "train_f1_weighted": 0.5100049533258496,
        "train_ROC": 0.9711402858228343,
        "n_test": 37885,
        "test_accuracy": 0.5151643130526594,
        "test_f1_micro": 0.5151643130526594,
        "test_f1_macro": 0.3380825465650502,
        "test_f1_weighted": 0.49510446656836515,
        "test_ROC": 0.9654612800826832,
        "solution": [376, 334, 2300, 979, 380, 2139, 2014, 46, 418, 925, 1416, 182, 973, 206, 966, 229, 991, 1301, 1210, 799, 1835, 104, 1062, 924, 1341, 294, 1230, 243, 917, 1480, 1069, 818, 923, 301, 2786]
    },
    "3": {
        "n_train": 37884,
        "n_features_in": 2968,
        "n_features": 50,
        "n_classes": 75,
        "scale": false,
        "normalize": false,
        "train_accuracy": 0.6142434800971386,
        "train_f1_micro": 0.6142434800971386,
        "train_f1_macro": 0.4793046241186558,
        "train_f1_weighted": 0.6025582437768047,
        "train_ROC": 0.98378978064286,
        "n_test": 37885,
        "test_accuracy": 0.5856935462584136,
        "test_f1_micro": 0.5856935462584136,
        "test_f1_macro": 0.4129322587353098,
        "test_f1_weighted": 0.5723759125061207,
        "test_ROC": 0.9777388711461449,
        "solution": [2014, 1952, 46, 1416, 41, 966, 2139, 412, 2300, 166, 1835, 974, 1922, 525, 243, 380, 1288, 925, 599, 822, 1062, 782, 1761, 83, 1480, 928, 376, 278, 2124, 1932, 1672, 981, 730, 2301, 1667, 723, 415, 2310, 1831, 456, 2915, 1124, 799, 983, 1456, 1979, 1252, 2881, 2689, 2239]
    },
    "4": {
        "n_train": 37884,
        "n_features_in": 2968,
        "n_features": 59,
        "n_classes": 75,
        "scale": false,
        "normalize": false,
        "train_accuracy": 0.6585365853658537,
        "train_f1_micro": 0.6585365853658537,
        "train_f1_macro": 0.5410755630872068,
        "train_f1_weighted": 0.6500360537883121,
        "train_ROC": 0.9873532783357863,
        "n_test": 37885,
        "test_accuracy": 0.630223043420879,
        "test_f1_micro": 0.630223043420879,
        "test_f1_macro": 0.4661874149946568,
        "test_f1_weighted": 0.6204751491366325,
        "test_ROC": 0.9816750836898979,
        "solution": [599, 334, 966, 2139, 2014, 969, 380, 2300, 86, 294, 376, 925, 1416, 1672, 1288, 1286, 780, 698, 169, 1032, 418, 723, 415, 1065, 1952, 2643, 1953, 2754, 224, 243, 1905, 1108, 2301, 782, 1922, 1826, 1741, 1661, 1846, 1761, 182, 1042, 983, 82, 46, 799, 974, 2239, 2425, 525, 957, 843, 2604, 2784, 60, 1069, 822, 928, 849]
    },
    "5": {
        "n_train": 37884,
        "n_features_in": 2968,
        "n_features": 74,
        "n_classes": 75,
        "scale": false,
        "normalize": false,
        "train_accuracy": 0.7038591489811002,
        "train_f1_micro": 0.7038591489811002,
        "train_f1_macro": 0.6027210570042643,
        "train_f1_weighted": 0.6982731851525722,
        "train_ROC": 0.9907675986349557,
        "n_test": 37885,
        "test_accuracy": 0.6664906955259338,
        "test_f1_micro": 0.6664906955259338,
        "test_f1_macro": 0.4985947505896375,
        "test_f1_weighted": 0.6587561576530248,
        "test_ROC": 0.9846905384456888,
        "solution": [334, 376, 2643, 208, 2139, 380, 2300, 1062, 2041, 46, 1377, 925, 973, 1953, 1408, 37, 2438, 966, 979, 169, 2964, 1027, 2270, 2754, 2301, 2121, 525, 599, 1391, 1826, 2423, 1672, 2897, 2214, 483, 983, 1618, 843, 1835, 1630, 780, 2597, 2689, 166, 1424, 1041, 1795, 2227, 83, 626, 974, 698, 2448, 1894, 453, 802, 316, 94, 1667, 278, 1722, 1756, 212, 41, 927, 924, 182, 2636, 1004, 2558, 448, 1922, 60, 2052]
    },
    "6": {
        "n_train": 37884,
        "n_features_in": 2968,
        "n_features": 89,
        "n_classes": 75,
        "scale": false,
        "normalize": false,
        "train_accuracy": 0.7290412839193326,
        "train_f1_micro": 0.7290412839193326,
        "train_f1_macro": 0.6276655427949259,
        "train_f1_weighted": 0.7230507170007215,
        "train_ROC": 0.9921092194069033,
        "n_test": 37885,
        "test_accuracy": 0.6861026791606176,
        "test_f1_micro": 0.6861026791606176,
        "test_f1_macro": 0.5151085899727064,
        "test_f1_weighted": 0.6788289852945418,
        "test_ROC": 0.9850587238924582,
        "solution": [775, 209, 380, 334, 46, 376, 2041, 973, 966, 1416, 182, 2139, 791, 925, 169, 86, 1672, 1062, 698, 37, 2301, 1630, 83, 224, 2299, 1065, 1288, 682, 1032, 599, 2964, 412, 843, 2023, 1286, 2786, 917, 2754, 780, 41, 1108, 982, 294, 417, 957, 39, 2300, 1922, 2784, 799, 166, 1027, 2736, 1722, 1846, 849, 2618, 2419, 1248, 287, 992, 2270, 415, 418, 278, 625, 1661, 480, 104, 482, 979, 2950, 60, 94, 1936, 301, 974, 402, 2188, 125, 8, 87, 2704, 717, 2014, 2313, 26, 716, 2327]
    },
    "7": {
        "n_train": 37884,
        "n_features_in": 2968,
        "n_features": 105,
        "n_classes": 75,
        "scale": false,
        "normalize": false,
        "train_accuracy": 0.7739679020166825,
        "train_f1_micro": 0.7739679020166825,
        "train_f1_macro": 0.6846880802413395,
        "train_f1_weighted": 0.7699066952986228,
        "train_ROC": 0.9947147332804902,
        "n_test": 37885,
        "test_accuracy": 0.7165104922792662,
        "test_f1_micro": 0.7165104922792662,
        "test_f1_macro": 0.5419304948954685,
        "test_f1_weighted": 0.7109990203946016,
        "test_ROC": 0.9882549524712468,
        "solution": [775, 2301, 208, 966, 1288, 46, 182, 2897, 376, 925, 2270, 412, 1424, 1391, 170, 2576, 334, 2139, 2300, 2014, 2561, 2438, 1672, 1952, 2754, 973, 1286, 1065, 1846, 2041, 1343, 717, 1852, 1408, 483, 94, 593, 393, 682, 698, 169, 514, 1451, 1416, 599, 418, 2459, 380, 2872, 1376, 1661, 1591, 1905, 791, 417, 2549, 2082, 294, 78, 83, 86, 989, 254, 1894, 224, 1197, 982, 2618, 37, 1102, 799, 2689, 1032, 2310, 991, 980, 2463, 2698, 51, 923, 2110, 1402, 917, 2943, 1043, 979, 887, 255, 267, 1377, 243, 1357, 8, 843, 1872, 802, 2316, 2118, 669, 87, 2950, 14, 1301, 2966, 145]
    },
    "8": {
        "n_train": 37884,
        "n_features_in": 2968,
        "n_features": 117,
        "n_classes": 75,
        "scale": false,
        "normalize": false,
        "train_accuracy": 0.807280118255728,
        "train_f1_micro": 0.807280118255728,
        "train_f1_macro": 0.7435163787145413,
        "train_f1_weighted": 0.8046040055967686,
        "train_ROC": 0.99619736986751,
        "n_test": 37885,
        "test_accuracy": 0.7428269763758744,
        "test_f1_micro": 0.7428269763758744,
        "test_f1_macro": 0.5896994243128443,
        "test_f1_weighted": 0.7389517514440781,
        "test_ROC": 0.9901651893170104,