{
    "1": {
        "n_train": 37884,
        "n_features_in": 2968,
        "n_features": 30,
        "n_classes": 75,
        "scale": false,
        "normalize": false,
        "train_accuracy": 0.5182398901911097,
        "train_f1_micro": 0.5182398901911097,
        "train_f1_macro": 0.35324299311291807,
        "train_f1_weighted": 0.48998459938598116,
        "train_ROC": 0.977612502055008,
        "n_test": 37885,
        "test_accuracy": 0.5058994324930711,
        "test_f1_micro": 0.5058994324930711,
        "test_f1_macro": 0.3219500137720486,
        "test_f1_weighted": 0.4762249369480718,
        "test_ROC": 0.9738640979963857,
        "solution": [775, 1843, 1415, 412, 2408, 2961, 1555, 2738, 2410, 1761, 2423, 380, 446, 1062, 2804, 717, 966, 1224, 1906, 1603, 1689, 872, 1846, 1540, 2056, 194, 2471, 850, 662, 1842]
    },
    "2": {
        "n_train": 37884,
        "n_features_in": 2968,
        "n_features": 54,
        "n_classes": 75,
        "scale": false,
        "normalize": false,
        "train_accuracy": 0.6903442086368916,
        "train_f1_micro": 0.6903442086368916,
        "train_f1_macro": 0.580845998172393,
        "train_f1_weighted": 0.6834851096420628,
        "train_ROC": 0.990883513487438,
        "n_test": 37885,
        "test_accuracy": 0.6661211561303946,
        "test_f1_micro": 0.6661211561303946,
        "test_f1_macro": 0.5333745390804545,
        "test_f1_weighted": 0.6583356095747674,
        "test_ROC": 0.9872486571230223,
        "solution": [412, 555, 965, 791, 1852, 231, 1843, 371, 966, 717, 2525, 334, 1327, 973, 1223, 372, 1062, 1853, 1151, 788, 516, 850, 1415, 1259, 974, 1224, 1301, 418, 2139, 1907, 1826, 775, 1846, 2961, 981, 820, 380, 685, 370, 2124, 1660, 2738, 2230, 1555, 1761, 49, 2897, 2070, 2471, 1763, 2866, 2704, 376, 1842]
    },
    "3": {
        "n_train": 37884,
        "n_features_in": 2968,
        "n_features": 77,
        "n_classes": 75,
        "scale": false,
        "normalize": false,
        "train_accuracy": 0.740655685777637,
        "train_f1_micro": 0.740655685777637,
        "train_f1_macro": 0.6758940825065667,
        "train_f1_weighted": 0.7374495679985643,
        "train_ROC": 0.9940143290076364,
        "n_test": 37885,
        "test_accuracy": 0.7037613831331662,
        "test_f1_micro": 0.7037613831331662,
        "test_f1_macro": 0.585992672775738,
        "test_f1_weighted": 0.699234001620484,
        "test_ROC": 0.9898442787701275,
        "solution": [1853, 965, 412, 371, 555, 1939, 2071, 2638, 231, 372, 791, 1843, 1301, 1852, 2708, 334, 1062, 473, 1424, 966, 2152, 1952, 2525, 973, 2704, 1826, 2804, 1327, 1851, 1743, 2408, 2230, 1456, 1358, 974, 1846, 516, 1151, 1415, 2139, 170, 2041, 1264, 2424, 850, 1223, 815, 182, 788, 885, 717, 517, 2507, 1842, 294, 2215, 981, 1145, 109, 1078, 1763, 2471, 1761, 418, 2927, 775, 2597, 1206, 472, 1154, 1660, 56, 578, 820, 1540, 1259, 1603]
    },
    "4": {
        "n_train": 37884,
        "n_features_in": 2968,
        "n_features": 102,
        "n_classes": 75,
        "scale": false,
        "normalize": false,
        "train_accuracy": 0.7818076232710379,
        "train_f1_micro": 0.781807623271038,
        "train_f1_macro": 0.74328124755774,
        "train_f1_weighted": 0.7801292444370209,
        "train_ROC": 0.9960045935921209,
        "n_test": 37885,
        "test_accuracy": 0.7265144516299327,
        "test_f1_micro": 0.7265144516299327,
        "test_f1_macro": 0.6094166196525782,
        "test_f1_weighted": 0.7240136491427764,
        "test_ROC": 0.9910788597614946,
        "solution": [965, 1853, 412, 1843, 2927, 231, 1424, 2230, 2704, 1952, 1939, 334, 2638, 2576, 555, 473, 182, 1145, 2139, 371, 2152, 2708, 1062, 2071, 1301, 1456, 2333, 973, 966, 815, 791, 2908, 516, 1358, 372, 294, 2041, 1852, 717, 1743, 1154, 2215, 1826, 2424, 189, 2525, 1846, 974, 2082, 170, 889, 224, 109, 1028, 2643, 2754, 2597, 2014, 2804, 1761, 885, 1851, 517, 308, 137, 1842, 32, 1264, 884, 1845, 2875, 193, 1206, 418, 41, 1631, 2019, 578, 850, 960, 1079, 1161, 2236, 2408, 788, 2937, 562, 1936, 775, 639, 2636, 598, 1268, 981, 2507, 1223, 820, 212, 2471, 1327, 1078, 2498]
    },
    "5": {
        "n_train": 37884,
        "n_features_in": 2968,
        "n_features": 121,
        "n_classes": 75,
        "scale": false,
        "normalize": false,
        "train_accuracy": 0.8013673318551368,
        "train_f1_micro": 0.8013673318551369,
        "train_f1_macro": 0.7785658481705764,
        "train_f1_weighted": 0.8001886980323233,
        "train_ROC": 0.9967010595425163,
        "n_test": 37885,
        "test_accuracy": 0.737442259469447,
        "test_f1_micro": 0.737442259469447,
        "test_f1_macro": 0.6145924860659682,
        "test_f1_weighted": 0.7353286134898492,
        "test_ROC": 0.991246852284166,
        "solution": [1853, 2908, 2333, 2927, 2139, 182, 412, 965, 1845, 516, 1145, 2704, 1846, 966, 2638, 1936, 1424, 815, 371, 1843, 1952, 334, 555, 767, 2152, 1456, 2708, 2071, 913, 2041, 231, 1358, 1021, 473, 973, 2215, 885, 791, 1852, 2230, 2754, 1743, 1301, 2424, 224, 154, 1264, 1320, 1062, 2525, 418, 294, 192, 109, 1657, 372, 189, 717, 251, 734, 1028, 1535, 2014, 1826, 1161, 850, 974, 308, 1154, 889, 1878, 1939, 1894, 2597, 1639, 170, 2082, 32, 2576, 517, 1851, 1079, 1842, 981, 747, 2819, 1150, 2804, 2253, 137, 56, 1327, 193, 1631, 960, 992, 218, 2129, 562, 2937, 1722, 2450, 1027, 2236, 1761, 386, 578, 2965, 2643, 1206, 775, 2897, 1268, 820, 41, 1223, 2408, 1608, 1078, 968, 788]
    },
    "6": {
        "n_train": 37884,
        "n_features_in": 2968,
        "n_features": 145,
        "n_classes": 75,
        "scale": false,
        "normalize": false,
        "train_accuracy": 0.8220356878893464,
        "train_f1_micro": 0.8220356878893464,
        "train_f1_macro": 0.8141649466751931,
        "train_f1_weighted": 0.8211184470674896,
        "train_ROC": 0.9971856695412462,
        "n_test": 37885,
        "test_accuracy": 0.7441731556024812,
        "test_f1_micro": 0.7441731556024812,
        "test_f1_macro": 0.6149833045323967,
        "test_f1_weighted": 0.7425199848378756,
        "test_ROC": 0.9911858244137373,
        "solution": [308, 231, 1062, 2071, 517, 2754, 2525, 791, 965, 516, 555, 2597, 371, 56, 2471, 885, 1206, 1851, 639, 815, 974, 973, 2041, 1761, 372, 578, 1939, 1028, 1743, 1079, 2230, 473, 2450, 394, 1301, 2375, 1945, 992, 877, 1264, 1320, 981, 2925, 1223, 418, 884, 913, 1952, 2014, 2576, 2129, 820, 775, 1376, 734, 182, 1073, 2019, 2704, 2908, 1145, 667, 2875, 2152, 1021, 966, 680, 2333, 41, 137, 294, 1535, 1197, 3, 1159, 1268, 747, 192, 1843, 983, 2253, 1995, 2636, 982, 1657, 850, 1936, 1306, 420, 154, 1894, 2927, 2425, 1878, 1406, 132, 86, 2082, 218, 443, 325, 1150, 1027, 1845, 2647, 1377, 1154, 1826, 1630, 1853, 189, 2804, 1465, 2965, 562, 1722, 412, 251, 767, 2424, 1639, 2139, 2937, 2643, 960, 717, 1846, 109, 193, 32, 224, 2236, 334, 889, 1424, 1456, 1161, 2215, 2708, 1358, 2638, 512, 1852, 598, 1762]
    },
    "7": {
        "n_train": 37884,
        "n_features_in": 2968,
        "n_features": 180,
        "n_classes": 75,
        "scale": false,
        "normalize": false,
        "train_accuracy": 0.8690740154154788,
        "train_f1_micro": 0.8690740154154788,
        "train_f1_macro": 0.8683570217987306,
        "train_f1_weighted": 0.8686388803101878,
        "train_ROC": 0.9983477666591895,
        "n_test": 37885,
        "test_accuracy": 0.7713079055034975,
        "test_f1_micro": 0.7713079055034975,
        "test_f1_macro": 0.6357704786905004,
        "test_f1_weighted": 0.7702042690678051,
        "test_ROC": 0.9923521232404202,