{
    "1": {
        "n_train": 37884,
        "n_features_in": 2968,
        "n_features": 30,
        "n_classes": 75,
        "scale": false,
        "normalize": false,
        "train_accuracy": 0.6341727378312744,
        "train_f1_micro": 0.6341727378312744,
        "train_f1_macro": 0.4393858375597725,
        "train_f1_weighted": 0.6188055045981355,
        "train_ROC": 0.983869225966945,
        "n_test": 37885,
        "test_accuracy": 0.6251550745677709,
        "test_f1_micro": 0.6251550745677709,
        "test_f1_macro": 0.4133559988111071,
        "test_f1_weighted": 0.6093718962405318,
        "test_ROC": 0.9803639764974427,
        "solution": [37, 49, 170, 234, 412, 682, 780, 872, 979, 981, 1063, 1148, 1264, 1301, 1377, 1449, 1553, 1555, 1597, 1689, 1761, 1821, 1846, 1939, 2239, 2350, 2423, 2792, 2897, 2961]
    },
    "2": {
        "n_train": 37884,
        "n_features_in": 2968,
        "n_features": 54,
        "n_classes": 75,
        "scale": false,
        "normalize": false,
        "train_accuracy": 0.7279590328370816,
        "train_f1_micro": 0.7279590328370816,
        "train_f1_macro": 0.594139910893432,
        "train_f1_weighted": 0.7211409907851694,
        "train_ROC": 0.9913850845020425,
        "n_test": 37885,
        "test_accuracy": 0.7062161805463903,
        "test_f1_micro": 0.7062161805463903,
        "test_f1_macro": 0.5341681275189877,
        "test_f1_weighted": 0.6983471825891826,
        "test_ROC": 0.9876475275907327,
        "solution": [37, 49, 56, 167, 170, 234, 412, 682, 775, 780, 849, 872, 973, 979, 980, 981, 992, 1063, 1148, 1264, 1301, 1377, 1391, 1449, 1553, 1555, 1597, 1624, 1689, 1690, 1761, 1765, 1821, 1842, 1846, 1863, 1906, 1907, 1939, 1952, 2021, 2031, 2124, 2239, 2288, 2350, 2408, 2423, 2544, 2583, 2737, 2792, 2897, 2961]
    },
    "3": {
        "n_train": 37884,
        "n_features_in": 2968,
        "n_features": 77,
        "n_classes": 75,
        "scale": false,
        "normalize": false,
        "train_accuracy": 0.7674216027874564,
        "train_f1_micro": 0.7674216027874564,
        "train_f1_macro": 0.6641042255055208,
        "train_f1_weighted": 0.762985632373878,
        "train_ROC": 0.993863291264735,
        "n_test": 37885,
        "test_accuracy": 0.7316880031674805,
        "test_f1_micro": 0.7316880031674805,
        "test_f1_macro": 0.5659049497373864,
        "test_f1_weighted": 0.7260768730582333,
        "test_ROC": 0.9895557865853476,
        "solution": [37, 49, 56, 83, 167, 170, 171, 234, 334, 412, 682, 775, 776, 780, 849, 872, 960, 973, 979, 980, 981, 983, 992, 993, 1062, 1063, 1148, 1159, 1197, 1264, 1301, 1377, 1391, 1449, 1468, 1553, 1555, 1597, 1624, 1636, 1689, 1690, 1761, 1765, 1821, 1842, 1846, 1860, 1863, 1865, 1906, 1907, 1939, 1952, 2019, 2021, 2031, 2124, 2239, 2288, 2331, 2350, 2408, 2423, 2427, 2507, 2544, 2572, 2583, 2599, 2737, 2792, 2893, 2897, 2929, 2960, 2961]
    },
    "4": {
        "n_train": 37884,
        "n_features_in": 2968,
        "n_features": 102,
        "n_classes": 75,
        "scale": false,
        "normalize": false,
        "train_accuracy": 0.806910569105691,
        "train_f1_micro": 0.806910569105691,
        "train_f1_macro": 0.7328475860545992,
        "train_f1_weighted": 0.8044397204258108,
        "train_ROC": 0.9959000806945368,
        "n_test": 37885,
        "test_accuracy": 0.7587435660551669,
        "test_f1_micro": 0.758743566055167,
        "test_f1_macro": 0.6000038105744006,
        "test_f1_weighted": 0.7548196996671573,
        "test_ROC": 0.9913219458969307,
        "solution": [37, 49, 56, 83, 84, 167, 170, 171, 179, 182, 223, 233, 234, 260, 303, 334, 380, 412, 682, 775, 776, 780, 849, 872, 960, 966, 973, 974, 979, 980, 981, 982, 983, 992, 993, 1062, 1063, 1079, 1148, 1159, 1197, 1264, 1301, 1336, 1358, 1377, 1391, 1449, 1468, 1553, 1555, 1597, 1624, 1636, 1689, 1690, 1761, 1765, 1821, 1842, 1846, 1860, 1863, 1865, 1906, 1907, 1939, 1952, 2019, 2021, 2031, 2056, 2124, 2138, 2207, 2239, 2288, 2302, 2331, 2350, 2408, 2423, 2425, 2427, 2497, 2507, 2544, 2563, 2572, 2583, 2594, 2599, 2643, 2737, 2792, 2880, 2893, 2897, 2929, 2943, 2960, 2961]
    },
    "5": {
        "n_train": 37884,
        "n_features_in": 2968,
        "n_features": 121,
        "n_classes": 75,
        "scale": false,
        "normalize": false,
        "train_accuracy": 0.8334125224369127,
        "train_f1_micro": 0.8334125224369126,
        "train_f1_macro": 0.7784193979579473,
        "train_f1_weighted": 0.8317722390219221,
        "train_ROC": 0.9970389944055169,
        "n_test": 37885,
        "test_accuracy": 0.7731028111389732,
        "test_f1_micro": 0.7731028111389732,
        "test_f1_macro": 0.6182276173881062,
        "test_f1_weighted": 0.7706820733677059,
        "test_ROC": 0.9924893533508924,
        "solution": [37, 49, 56, 83, 84, 137, 167, 170, 171, 179, 182, 223, 233, 234, 260, 294, 303, 334, 371, 380, 412, 447, 592, 682, 775, 776, 780, 817, 849, 872, 960, 966, 973, 974, 979, 980, 981, 982, 983, 992, 993, 1062, 1063, 1079, 1148, 1159, 1172, 1197, 1253, 1264, 1301, 1336, 1358, 1377, 1391, 1449, 1468, 1497, 1553, 1555, 1597, 1624, 1636, 1689, 1690, 1761, 1765, 1791, 1821, 1832, 1842, 1846, 1860, 1863, 1865, 1906, 1907, 1909, 1920, 1939, 1952, 1965, 2017, 2019, 2021, 2031, 2056, 2124, 2125, 2138, 2207, 2239, 2288, 2302, 2331, 2350, 2408, 2410, 2423, 2425, 2427, 2497, 2507, 2544, 2555, 2563, 2572, 2583, 2594, 2599, 2643, 2737, 2738, 2792, 2880, 2893, 2897, 2929, 2943, 2960, 2961]
    },
    "6": {
        "n_train": 37884,
        "n_features_in": 2968,
        "n_features": 145,
        "n_classes": 75,
        "scale": false,
        "normalize": false,
        "train_accuracy": 0.8629500580720093,
        "train_f1_micro": 0.8629500580720093,
        "train_f1_macro": 0.8308982311958726,
        "train_f1_weighted": 0.8618495301804802,
        "train_ROC": 0.9979218156829025,
        "n_test": 37885,
        "test_accuracy": 0.7890721921604856,
        "test_f1_micro": 0.7890721921604856,
        "test_f1_macro": 0.6459215421850634,
        "test_f1_weighted": 0.7873794890277731,
        "test_ROC": 0.9932732411959074,
        "solution": [37, 49, 56, 83, 84, 109, 132, 137, 163, 166, 167, 168, 170, 171, 179, 182, 223, 233, 234, 260, 267, 294, 303, 334, 344, 371, 380, 412, 418, 419, 429, 447, 592, 682, 775, 776, 780, 817, 849, 872, 960, 966, 973, 974, 979, 980, 981, 982, 983, 992, 993, 1058, 1062, 1063, 1079, 1148, 1159, 1172, 1197, 1253, 1264, 1283, 1301, 1336, 1358, 1377, 1391, 1449, 1468, 1497, 1553, 1555, 1560, 1564, 1584, 1597, 1624, 1636, 1689, 1690, 1741, 1761, 1765, 1791, 1821, 1832, 1842, 1846, 1860, 1863, 1865, 1906, 1907, 1909, 1920, 1939, 1952, 1965, 2017, 2019, 2021, 2031, 2056, 2124, 2125, 2138, 2207, 2239, 2288, 2301, 2302, 2331, 2350, 2408, 2410, 2423, 2425, 2427, 2497, 2498, 2507, 2544, 2555, 2563, 2572, 2583, 2594, 2599, 2643, 2704, 2734, 2737, 2738, 2761, 2768, 2792, 2804, 2880, 2893, 2897, 2929, 2939, 2943, 2960, 2961]
    },
    "7": {
        "n_train": 37884,
        "n_features_in": 2968,
        "n_features": 180,
        "n_classes": 75,
        "scale": false,
        "normalize": false,
        "train_accuracy": 0.8909302080033787,
        "train_f1_micro": 0.8909302080033787,
        "train_f1_macro": 0.8735132296422986,
        "train_f1_weighted": 0.8902437455743769,
        "train_ROC": 0.9986404576161207,
        "n_test": 37885,
        "test_accuracy": 0.800844661475518,
        "test_f1_micro": 0.800844661475518,
        "test_f1_macro": 0.6560072506514041,
        "test_f1_weighted": 0.7999149744881103,
        "test_ROC": 0.9936330859243931,