{
    "1": {
        "n_train": 37884,
        "n_features_in": 2968,
        "n_features": 31,
        "n_classes": 75,
        "scale": false,
        "normalize": false,
        "train_accuracy": 0.6078291627072114,
        "train_f1_micro": 0.6078291627072114,
        "train_f1_macro": 0.45094078142080074,
        "train_f1_weighted": 0.5942419152845876,
        "train_ROC": 0.9822043201271797,
        "n_test": 37885,
        "test_accuracy": 0.5951959878579913,
        "test_f1_micro": 0.5951959878579913,
        "test_f1_macro": 0.4144448226445217,
        "test_f1_weighted": 0.5805451350333016,
        "test_ROC": 0.9780774921167084,
        "solution": [1761, 849, 966, 1079, 1264, 2804, 980, 334, 1391, 212, 2139, 780, 973, 231, 698, 86, 418, 1223, 31, 775, 37, 1197, 2206, 2014, 1553, 1795, 1843, 982, 380, 2301, 1845]
    },
    "2": {
        "n_train": 37884,
        "n_features_in": 2968,
        "n_features": 53,
        "n_classes": 75,
        "scale": false,
        "normalize": false,
        "train_accuracy": 0.7137313905606588,
        "train_f1_micro": 0.7137313905606588,
        "train_f1_macro": 0.6069595265788129,
        "train_f1_weighted": 0.7077688916483709,
        "train_ROC": 0.991382269323405,
        "n_test": 37885,
        "test_accuracy": 0.6916193744225947,
        "test_f1_micro": 0.6916193744225947,
        "test_f1_macro": 0.5428585957478451,
        "test_f1_weighted": 0.6843880506474427,
        "test_ROC": 0.9870237117850291,
        "solution": [1761, 1555, 966, 334, 1906, 982, 170, 974, 182, 372, 212, 2301, 885, 1264, 2689, 1223, 1062, 780, 294, 682, 1939, 2139, 493, 86, 2714, 1826, 2544, 1651, 209, 1079, 2056, 2636, 1846, 230, 2955, 2014, 2266, 2583, 2438, 376, 698, 2206, 325, 251, 980, 992, 380, 1080, 84, 1290, 2300, 1845, 393]
    },
    "3": {
        "n_train": 37884,
        "n_features_in": 2968,
        "n_features": 79,
        "n_classes": 75,
        "scale": false,
        "normalize": false,
        "train_accuracy": 0.7847376201034738,
        "train_f1_micro": 0.7847376201034737,
        "train_f1_macro": 0.7081743986773071,
        "train_f1_weighted": 0.7817704822825134,
        "train_ROC": 0.9951490689841042,
        "n_test": 37885,
        "test_accuracy": 0.747235053451234,
        "test_f1_micro": 0.747235053451234,
        "test_f1_macro": 0.6031996545242093,
        "test_f1_weighted": 0.743019664156544,
        "test_ROC": 0.9909697679585873,
        "solution": [1939, 1689, 1555, 2792, 37, 1301, 1906, 973, 966, 981, 2897, 182, 372, 2301, 334, 1826, 493, 212, 885, 1224, 2139, 46, 1264, 1062, 1151, 2410, 2152, 2466, 2734, 2883, 682, 2643, 2544, 755, 86, 1843, 128, 780, 982, 1197, 294, 376, 698, 2014, 548, 1223, 850, 2754, 208, 2056, 791, 1408, 1846, 404, 2576, 717, 251, 83, 209, 2636, 412, 2041, 1842, 109, 1268, 473, 723, 2023, 2019, 1377, 2714, 380, 974, 1080, 1290, 2174, 2300, 1845, 393]
    },
    "4": {
        "n_train": 37884,
        "n_features_in": 2968,
        "n_features": 97,
        "n_classes": 75,
        "scale": false,
        "normalize": false,
        "train_accuracy": 0.8131137155527399,
        "train_f1_micro": 0.8131137155527399,
        "train_f1_macro": 0.7482059443359138,
        "train_f1_weighted": 0.8110844541373018,
        "train_ROC": 0.9964084887471495,
        "n_test": 37885,
        "test_accuracy": 0.7632044344727464,
        "test_f1_micro": 0.7632044344727463,
        "test_f1_macro": 0.6189715967571551,
        "test_f1_weighted": 0.7606602669597268,
        "test_ROC": 0.9921964012041631,
        "solution": [1939, 1689, 2239, 1555, 981, 182, 2792, 493, 2583, 1301, 2897, 2031, 966, 973, 1062, 212, 1079, 780, 372, 2704, 2689, 1264, 2301, 1826, 791, 334, 2139, 2714, 1391, 2152, 2643, 885, 1223, 2014, 682, 2466, 294, 982, 974, 1843, 723, 1, 514, 2410, 698, 376, 86, 2425, 1651, 2041, 1041, 46, 404, 325, 224, 367, 1408, 850, 208, 1846, 2266, 2754, 255, 1151, 1672, 1065, 49, 792, 2576, 251, 83, 128, 2206, 209, 2636, 412, 1952, 33, 109, 446, 1268, 2023, 164, 775, 2019, 776, 1377, 859, 380, 1080, 1290, 2174, 2300, 279, 1845, 1795, 393]
    },
    "5": {
        "n_train": 37884,
        "n_features_in": 2968,
        "n_features": 121,
        "n_classes": 75,
        "scale": false,
        "normalize": false,
        "train_accuracy": 0.8479041283919333,
        "train_f1_micro": 0.8479041283919333,
        "train_f1_macro": 0.8003829960231952,
        "train_f1_weighted": 0.8466332053274198,
        "train_ROC": 0.9975205273895693,
        "n_test": 37885,
        "test_accuracy": 0.7857199419295235,
        "test_f1_micro": 0.7857199419295235,
        "test_f1_macro": 0.6474577997984835,
        "test_f1_weighted": 0.7838775182408462,
        "test_ROC": 0.9932896032723213,
        "solution": [1939, 1689, 2239, 1555, 981, 49, 682, 973, 982, 1906, 1301, 493, 182, 170, 2689, 966, 1063, 231, 1224, 2301, 212, 2897, 334, 372, 2704, 2965, 1826, 1062, 1264, 2410, 2139, 917, 974, 885, 46, 1151, 2152, 2466, 2014, 2883, 960, 1391, 791, 2643, 2714, 2041, 325, 723, 514, 755, 1400, 376, 1843, 2260, 1651, 1852, 2754, 2777, 404, 850, 86, 1223, 780, 1846, 1787, 775, 260, 1408, 298, 2056, 294, 41, 224, 2576, 318, 2266, 698, 442, 2424, 58, 208, 128, 1952, 83, 473, 509, 717, 908, 792, 2206, 209, 2174, 164, 2636, 412, 776, 992, 2138, 33, 1540, 2716, 109, 2300, 1845, 2438, 393, 2408, 2019, 1377, 168, 2124, 380, 2583, 2035, 1080, 1605, 1823, 1290, 1795, 1974, 2875]
    },
    "6": {
        "n_train": 37884,
        "n_features_in": 2968,
        "n_features": 145,
        "n_classes": 75,
        "scale": false,
        "normalize": false,
        "train_accuracy": 0.866144018583043,
        "train_f1_micro": 0.866144018583043,
        "train_f1_macro": 0.8340292158489404,
        "train_f1_weighted": 0.8652528739240668,
        "train_ROC": 0.9980928696522485,
        "n_test": 37885,
        "test_accuracy": 0.7922132770225683,
        "test_f1_micro": 0.7922132770225683,
        "test_f1_macro": 0.6492439198696671,
        "test_f1_weighted": 0.7905887016754735,
        "test_ROC": 0.993546007908024,
        "solution": [1939, 1761, 1689, 2239, 1555, 979, 1553, 682, 2792, 1906, 982, 849, 493, 1301, 973, 1063, 966, 2897, 182, 231, 1224, 2301, 212, 2689, 1062, 372, 2704, 780, 974, 1826, 2139, 334, 1264, 917, 1391, 2410, 46, 2152, 2466, 2014, 2714, 2965, 418, 775, 2643, 1660, 885, 791, 755, 1843, 2299, 2424, 325, 294, 723, 376, 2583, 1651, 514, 1, 404, 208, 1400, 2425, 1223, 698, 2544, 2777, 86, 2041, 850, 1787, 4, 185, 1846, 717, 166, 224, 128, 2266, 2804, 2754, 1408, 2576, 1041, 41, 2260, 298, 260, 2438, 2288, 412, 992, 1672, 209, 49, 792, 1540, 2206, 473, 318, 1945, 2636, 1454, 1952, 2716, 446, 83, 2023, 1065, 1259, 1750, 2110, 908, 2860, 1377, 2138, 33, 1058, 2668, 965, 267, 1645, 2300, 1845, 393, 316, 2019, 776, 2124, 380, 1860, 2035, 2700, 1080, 1605, 1823, 1290, 843, 509, 2174, 1795, 1974, 2646, 2875]
    },
    "7": {
        "n_train": 37884,
        "n_features_in": 2968,
        "n_features": 173,
        "n_classes": 75,
        "scale": false,
        "normalize": false,
        "train_accuracy": 0.8919596663499103,
        "train_f1_micro": 0.8919596663499103,
        "train_f1_macro": 0.8761850184327342,
        "train_f1_weighted": 0.8914338948117976,
        "train_ROC": 0.9987560464901655,
        "n_test": 37885,
        "test_accuracy": 0.8067045004619242,
        "test_f1_micro": 0.8067045004619242,
        "test_f1_macro": 0.6667275975719208,
        "test_f1_weighted": 0.8056039533208109,
        "test_ROC": 0.9939269729657925,