{
    "1": {
        "n_features": 7,
        "phenotypes": 7,
        "n_features_in": 16484,
        "JS": 0.23318427298443622,
        "entropy": 0.17874111049318248,
        "pearson": 0.8692511699197234,
        "deconvolution": [0.05697940554502553, 0.0, 0.0663154408684313, 0.0, 0.388788245584987, 0.2514615283814542, 0.236455379620102],
        "solution": [689, 1176, 1660, 3379, 3871, 4269, 4570]
    },
    "2": {
        "n_features": 14,
        "phenotypes": 7,
        "n_features_in": 16484,
        "JS": 0.027167036416654262,
        "entropy": 0.0029444006275026503,
        "pearson": 0.9941615644185072,
        "deconvolution": [0.07708936958018257, 0.07389973021082367, 0.09304294713908397, 0.025510829031328508, 0.2819956903018117, 0.296286820874452, 0.15217461286231745],
        "solution": [330, 689, 1176, 1355, 1629, 1660, 3287, 3379, 3845, 3871, 4269, 4406, 4547, 4570]
    },
    "3": {
        "n_features": 21,
        "phenotypes": 7,
        "n_features_in": 16484,
        "JS": 0.0492381435486021,
        "entropy": 0.009333939339018445,
        "pearson": 0.9903263772362985,
        "deconvolution": [0.07668813466721967, 0.05082184236613151, 0.09324918153990787, 0.02401593670932629, 0.29051416985119927, 0.3076429530415379, 0.15706778182467768],
        "solution": [330, 689, 708, 1176, 1223, 1355, 1629, 1660, 3072, 3287, 3379, 3432, 3845, 3855, 3871, 4109, 4269, 4406, 4547, 4562, 4570]
    },
    "4": {
        "n_features": 28,
        "phenotypes": 7,
        "n_features_in": 16484,
        "JS": 0.04062841368986781,
        "entropy": 0.006296214279516512,
        "pearson": 0.9966014080210571,
        "deconvolution": [0.0747277010234122, 0.0528895625956169, 0.09458634028905316, 0.02539538644418599, 0.29163134198797014, 0.32144906856311306, 0.1393205990966486],
        "solution": [181, 330, 689, 708, 1176, 1223, 1355, 1395, 1629, 1660, 2550, 3072, 3274, 3287, 3379, 3432, 3845, 3855, 3871, 3896, 4109, 4269, 4393, 4406, 4524, 4547, 4562, 4570]
    },
    "5": {
        "n_features": 35,
        "phenotypes": 7,
        "n_features_in": 16484,
        "JS": 0.038969527827618984,
        "entropy": 0.005771386016058386,
        "pearson": 0.9967718945447213,
        "deconvolution": [0.07441784912685352, 0.05244322524240789, 0.09688050490641241, 0.027554708865884854, 0.2883202543921856, 0.3230502881258606, 0.13733316934039516],
        "solution": [134, 181, 330, 689, 708, 1176, 1223, 1355, 1374, 1395, 1629, 1660, 1827, 2550, 3072, 3274, 3287, 3379, 3432, 3587, 3845, 3855, 3866, 3871, 3896, 4108, 4109, 4269, 4393, 4406, 4524, 4547, 4562, 4568, 4570]
    },
    "6": {
        "n_features": 42,
        "phenotypes": 7,
        "n_features_in": 16484,
        "JS": 0.0368487405517445,
        "entropy": 0.005155610100291417,
        "pearson": 0.9963934140502255,
        "deconvolution": [0.07715710394128845, 0.052927585888223085, 0.09562339416421416, 0.030192198729370966, 0.2873362585127664, 0.32002908828479837, 0.13673437047933854],
        "solution": [134, 181, 330, 689, 708, 1025, 1176, 1201, 1223, 1355, 1374, 1395, 1629, 1660, 1827, 2410, 2550, 3072, 3274, 3287, 3379, 3432, 3438, 3587, 3845, 3855, 3866, 3869, 3871, 3896, 4108, 4109, 4269, 4279, 4393, 4406, 4524, 4529, 4547, 4562, 4568, 4570]
    },
    "7": {
        "n_features": 49,
        "phenotypes": 7,
        "n_features_in": 16484,
        "JS": 0.036967898345331894,
        "entropy": 0.005187829157733091,
        "pearson": 0.9960681001552442,
        "deconvolution": [0.07610330088693812, 0.05277559931734554, 0.09524660377201856, 0.03209700621196965, 0.28996630989315697, 0.31867511353598615, 0.1351360663825849],
        "solution": [54, 134, 181, 330, 689, 708, 1025, 1176, 1201, 1223, 1355, 1369, 1374, 1395, 1629, 1660, 1827, 2410, 2550, 3020, 3072, 3117, 3274, 3287, 3379, 3432, 3438, 3587, 3845, 3855, 3865, 3866, 3869, 3871, 3896, 4108, 4109, 4152, 4269, 4279, 4393, 4406, 4518, 4524, 4529, 4547, 4562, 4568, 4570]
    },
    "8": {
        "n_features": 56,
        "phenotypes": 7,
        "n_features_in": 16484,
        "JS": 0.030586026091601184,
        "entropy": 0.0035908826443109007,
        "pearson": 0.9973102001519685,
        "deconvolution": [0.07555904972321636, 0.05701020833924688, 0.09472760663701835, 0.03188233464679309, 0.28808754361999656, 0.318814604469689, 0.1339186525640399],
        "solution": [54, 134, 181, 330, 603, 689, 708, 1025, 1176, 1201, 1202, 1223, 1355, 1369, 1374, 1395, 1629, 1660, 1827, 2410, 2508, 2550, 3020, 3072, 3117, 3274, 3287, 3379, 3404, 3432, 3438, 3587, 3804, 3845, 3855, 3865, 3866, 3869, 3871, 3896, 4108, 4109, 4152, 4177, 4269, 4279, 4393, 4406, 4518, 4524, 4529, 4547, 4558, 4562, 4568, 4570]
    },
    "9": {
        "n_features": 63,
        "phenotypes": 7,
        "n_features_in": 16484,
        "JS": 0.027748568060439963,
        "entropy": 0.0029848034562492357,
        "pearson": 0.9982773838194758,
        "deconvolution": [0.07701339794593479, 0.06103211019288682, 0.095479301993989, 0.02655966822043405, 0.2856048032692134, 0.3185257807220614, 0.1357849376554807],
        "solution": [54, 134, 181, 330, 347, 603, 689, 708, 1025, 1176, 1201, 1202, 1223, 1355, 1369, 1374, 1395, 1405, 1629, 1660, 1827, 2410, 2419, 2508, 2550, 3020, 3072, 3117, 3274, 3278, 3287, 3379, 3404, 3432, 3438, 3587, 3804, 3845, 3849, 3855, 3865, 3866, 3869, 3871, 3896, 4108, 4109, 4152, 4177, 4269, 4279, 4393, 4400, 4406, 4518, 4524, 4529, 4544, 4547, 4558, 4562, 4568, 4570]
    },
    "10": {
        "n_features": 70,
        "phenotypes": 7,
        "n_features_in": 16484,
        "JS": 0.02421129826408822,
        "entropy": 0.002279982598607038,
        "pearson": 0.998603452528104,
        "deconvolution": [0.07617655751454427, 0.06226803933194485, 0.09499026343787358, 0.02856316237707088, 0.28446107478834853, 0.31866682755639664, 0.13487407499382115],
        "solution": [54, 134, 181, 330, 347, 570, 603, 689, 708, 1025, 1176, 1201, 1202, 1223, 1355, 1369, 1374, 1395, 1405, 1629, 1660, 1827, 1998, 2033, 2410, 2419, 2508, 2550, 3020, 3072, 3117, 3274, 3278, 3287, 3379, 3404, 3432, 3438, 3587, 3646, 3804, 3845, 3849, 3855, 3865, 3866, 3869, 3871, 3896, 3901, 4108, 4109, 4152, 4175, 4177, 4269, 4279, 4393, 4400, 4406, 4518, 4524, 4529, 4538, 4544, 4547, 4558, 4562, 4568, 4570]
    },
    "11": {
        "n_features": 77,
        "phenotypes": 7,
        "n_features_in": 16484,
        "JS": 0.024716257418192278,
        "entropy": 0.0023759629433005385,
        "pearson": 0.9987604603143199,
        "deconvolution": [0.07617108687693909, 0.06216521512030715, 0.09474187326144051, 0.02822642468482973, 0.28395172823208326, 0.3210552248229929, 0.13368844700140725],
        "solution": [54, 134, 181, 330, 347, 570, 603, 689, 708, 1025, 1063, 1176, 1201, 1202, 1223, 1355, 1369, 1374, 1381, 1395, 1405, 1629, 1660, 1827, 1998, 2033, 2410, 2419, 2479, 2508, 2550, 3020, 3072, 3117, 3274, 3278, 3287, 3302, 3379, 3404, 3432, 3438, 3587, 3646, 3804, 3845, 3849, 3855, 3861, 3865, 3866, 3869, 3871, 3896, 3901, 4108, 4109, 4152, 4175, 4177, 4269, 4279, 4290, 4393, 4400, 4406, 4518, 4524, 4529, 4538, 4544, 4547, 4558, 4562, 4566, 4568, 4570]
    },
    "12": {
        "n_features": 84,
        "phenotypes": 7,
        "n_features_in": 16484,
        "JS": 0.02458945761312351,
        "entropy": 0.0023487152619596297,
        "pearson": 0.9984836665946595,
        "deconvolution": [0.0756428827372532, 0.06189819411809139, 0.10014835343267972, 0.028542887521434298, 0.2824582688798773, 0.3195285907068019, 0.13178082260386223],