{
    "1": {
        "n_features": 32,
        "phenotypes": 33,
        "n_features_in": 4443,
        "JS": 0.19565540598038458,
        "entropy": 0.21416482590866498,
        "pearson": 0.9710363295640327,
        "deconvolution": [0.003200113706856917, 0.00911697072477872, 0.010568531703786287, 0.0041933855265344, 0.00040931614766559124, 0.003759069454842536, 0.0018790276207923846, 0.000460011658796049, 0.004606001825850963, 0.0, 0.0, 0.00888193853063785, 0.007503129427867607, 0.37580013320752265, 0.23494749142704652, 0.0014478750380276198, 0.10798096783948782, 0.0, 0.02474642129834482, 0.0004689769749509336, 0.0390453297040492, 0.042116355937643866, 0.00386711649578886, 0.0, 0.0, 0.003981877527023368, 0.0012345179172304742, 0.0010279800973940008, 0.0014408220738846235, 0.010721748279177821, 0.060630356218065014, 0.035964533635953054, 0.0],
        "solution": [316, 505, 574, 575, 856, 1161, 1183, 1367, 1443, 1539, 1638, 1651, 1684, 1812, 1841, 2105, 2112, 2206, 2264, 2287, 2562, 2574, 3089, 3222, 3265, 3284, 3359, 3446, 3630, 4161, 4260, 4343]
    },
    "2": {
        "n_features": 63,
        "phenotypes": 33,
        "n_features_in": 4443,
        "JS": 0.11967154864065228,
        "entropy": 0.07352106402948419,
        "pearson": 0.9928840640129875,
        "deconvolution": [0.004260883294987456, 0.01852297470258444, 0.012260009969737853, 0.0031584924030423726, 0.0010936762818577472, 0.0077775295523642915, 0.0027564038606521565, 0.0009954603745671474, 0.006835875120010113, 0.0, 0.0, 0.005390950891006999, 0.00843511896286423, 0.3974385142129063, 0.24709975139069407, 0.0015467259005784587, 0.06129297321648134, 0.00048170001056497413, 0.028001702465326406, 0.0007480767057367546, 0.043052752445175646, 0.04207319434390094, 0.004988527264559136, 0.0006585365914672199, 0.0010824625180817927, 0.004166325247346652, 0.0006658276236267168, 0.0030621061564559296, 0.0023247720360645195, 0.011592589388144881, 0.0632710289922589, 0.01496505807695461, 0.0],
        "solution": [134, 136, 316, 378, 389, 505, 522, 574, 575, 648, 686, 856, 1161, 1164, 1183, 1203, 1205, 1299, 1341, 1367, 1410, 1443, 1462, 1539, 1638, 1651, 1652, 1684, 1780, 1785, 1812, 1841, 2026, 2105, 2112, 2169, 2206, 2231, 2264, 2287, 2370, 2459, 2562, 2574, 2643, 2780, 2875, 2986, 3089, 3222, 3265, 3284, 3359, 3446, 3459, 3630, 3657, 3778, 4011, 4024, 4161, 4260, 4343]
    },
    "3": {
        "n_features": 96,
        "phenotypes": 33,
        "n_features_in": 4443,
        "JS": 0.04851234438456815,
        "entropy": 0.01087878812197125,
        "pearson": 0.9995617388737128,
        "deconvolution": [0.004791034305024954, 0.02526186353024861, 0.012937314651743543, 0.0014885745474450044, 0.001033857841911882, 0.010710994938111104, 0.0033598490666989474, 0.0011690195795924225, 0.008429149430042667, 0.0006124156214858122, 0.0016074854696710588, 0.0028647387830222793, 0.009391835376573706, 0.41575860421865546, 0.24981799707316518, 0.0015590007991819893, 0.021665273588310878, 0.000985502573694058, 0.02738452949297272, 0.0007829075881516712, 0.0461610150779477, 0.0437301645436282, 0.0034294152924011743, 0.001765074059301326, 0.0010267079764889686, 0.004782493764424591, 0.0018434033798660591, 0.00217662866833145, 0.00214552185808936, 0.012303269500859849, 0.06528618823581447, 0.010591337266319565, 0.0031468319008233388],
        "solution": [134, 136, 316, 378, 389, 505, 522, 574, 575, 633, 648, 686, 780, 834, 856, 923, 1161, 1164, 1183, 1203, 1205, 1265, 1266, 1275, 1299, 1341, 1367, 1374, 1410, 1431, 1443, 1462, 1466, 1539, 1565, 1638, 1651, 1652, 1665, 1684, 1780, 1785, 1812, 1841, 2026, 2105, 2110, 2112, 2118, 2140, 2169, 2206, 2231, 2239, 2264, 2287, 2316, 2370, 2373, 2392, 2426, 2438, 2450, 2459, 2476, 2562, 2574, 2618, 2643, 2659, 2780, 2825, 2853, 2875, 2986, 3033, 3078, 3089, 3202, 3222, 3265, 3284, 3308, 3359, 3440, 3446, 3459, 3630, 3657, 3778, 3915, 4011, 4024, 4161, 4260, 4343]
    },
    "4": {
        "n_features": 128,
        "phenotypes": 33,
        "n_features_in": 4443,
        "JS": 0.07188698406091436,
        "entropy": 0.022549360084009377,
        "pearson": 0.9987178443478784,
        "deconvolution": [0.004112761062459044, 0.024166149709951353, 0.012761787930346009, 0.002989914447671567, 0.0011391220444194675, 0.009953733188365755, 0.003182913439366973, 0.0011594920026042977, 0.008085455393140489, 8.519110453860832e-05, 0.0, 0.003872363298809847, 0.009160973621873465, 0.41665582986372346, 0.2415983011373804, 0.0015932167986100116, 0.03255046191995269, 0.001452881490353788, 0.0275998707092141, 0.0009021846547631998, 0.04541949132404317, 0.04335277148175073, 0.0034146265448408487, 0.0028135027484817066, 0.0008511942980361516, 0.004875465781906581, 0.0018099883111837923, 0.0014417641833328108, 0.0020351583791015375, 0.012539825815695061, 0.06505124048443298, 0.012983295273037836, 0.00038907155661232064],
        "solution": [72, 134, 136, 316, 322, 378, 389, 472, 505, 522, 574, 575, 633, 648, 686, 715, 780, 806, 834, 856, 919, 923, 967, 1114, 1140, 1161, 1164, 1183, 1203, 1205, 1265, 1266, 1270, 1275, 1278, 1299, 1341, 1367, 1374, 1410, 1431, 1443, 1445, 1462, 1466, 1539, 1565, 1638, 1651, 1652, 1665, 1684, 1708, 1741, 1780, 1785, 1794, 1812, 1841, 1889, 1893, 2026, 2053, 2105, 2110, 2112, 2118, 2140, 2169, 2205, 2206, 2231, 2239, 2264, 2287, 2316, 2370, 2373, 2392, 2426, 2438, 2450, 2459, 2476, 2540, 2562, 2574, 2586, 2604, 2618, 2643, 2659, 2780, 2825, 2837, 2853, 2875, 2986, 3033, 3075, 3078, 3089, 3197, 3202, 3222, 3265, 3284, 3308, 3359, 3377, 3404, 3440, 3446, 3459, 3630, 3657, 3726, 3778, 3786, 3915, 4005, 4011, 4024, 4161, 4201, 4260, 4343, 4436]
    },
    "5": {
        "n_features": 155,
        "phenotypes": 33,
        "n_features_in": 4443,
        "JS": 0.055000071990557446,
        "entropy": 0.013390915595373951,
        "pearson": 0.9992365747020941,
        "deconvolution": [0.00430398684583061, 0.024332774394799948, 0.012829591162209305, 0.0030043702788181237, 0.001082464536573739, 0.010615339234680837, 0.0033201046260753478, 0.0012282334843694701, 0.007916516610214858, 0.0001755790635587947, 0.001542624349785058, 0.0028646627090143004, 0.00928738711097631, 0.4189898909758372, 0.2424701480782953, 0.001551716791522731, 0.02720132072536585, 0.001727878774923643, 0.026867341220491475, 0.0008091413591625446, 0.04583270658148199, 0.04373066087093234, 0.003583044322459288, 0.00258186761720592, 0.001124684705241813, 0.004803583547055401, 0.0018386747595756688, 0.001733324027296915, 0.0023796049040589414, 0.012432843457688381, 0.06504568665534137, 0.012792246219156415, 0.0],
        "solution": [62, 72, 115, 134, 136, 190, 316, 322, 378, 389, 434, 472, 498, 505, 522, 528, 574, 575, 633, 648, 686, 715, 756, 780, 806, 831, 834, 856, 919, 923, 966, 967, 1091, 1114, 1140, 1161, 1164, 1178, 1183, 1185, 1203, 1205, 1265, 1266, 1270, 1275, 1278, 1299, 1321, 1341, 1342, 1367, 1374, 1408, 1410, 1431, 1443, 1445, 1462, 1465, 1466, 1539, 1565, 1638, 1651, 1652, 1665, 1684, 1708, 1741, 1780, 1785, 1794, 1812, 1841, 1889, 1893, 1920, 2026, 2043, 2053, 2105, 2110, 2112, 2118, 2140, 2169, 2205, 2206, 2215, 2231, 2239, 2264, 2287, 2294, 2316, 2370, 2373, 2392, 2426, 2438, 2450, 2459, 2476, 2499, 2540, 2562, 2574, 2586, 2604, 2618, 2643, 2659, 2677, 2700, 2780, 2825, 2837, 2853, 2875, 2902, 2986, 3033, 3075, 3078, 3081, 3089, 3192, 3197, 3202, 3222, 3265, 3284, 3308, 3359, 3377, 3404, 3439, 3440, 3446, 3459, 3630, 3657, 3726, 3778, 3786, 3915, 4005, 4011, 4024, 4161, 4201, 4260, 4343, 4436]
    },
    "6": {
        "n_features": 181,
        "phenotypes": 33,
        "n_features_in": 4443,
        "JS": 0.02936147822225418,
        "entropy": 0.0033524660661538334,
        "pearson": 0.9998828214083707,