{
    "1": {
        "n_train": 48098,
        "n_features_in": 4443,
        "n_features": 32,
        "n_classes": 33,
        "scale": false,
        "normalize": false,
        "train_accuracy": 0.7770801280718533,
        "train_f1_micro": 0.7770801280718534,
        "train_f1_macro": 0.6406033958526551,
        "train_f1_weighted": 0.7626637145543087,
        "train_ROC": 0.9723328859091738,
        "n_test": 48098,
        "test_accuracy": 0.7712586801946026,
        "test_f1_micro": 0.7712586801946028,
        "test_f1_macro": 0.5904056613813771,
        "test_f1_weighted": 0.7566685366103156,
        "test_ROC": 0.9665293691229007,
        "solution": [316, 505, 574, 575, 856, 1161, 1183, 1367, 1443, 1539, 1638, 1651, 1684, 1812, 1841, 2105, 2112, 2206, 2264, 2287, 2562, 2574, 3089, 3222, 3265, 3284, 3359, 3446, 3630, 4161, 4260, 4343]
    },
    "2": {
        "n_train": 48098,
        "n_features_in": 4443,
        "n_features": 63,
        "n_classes": 33,
        "scale": false,
        "normalize": false,
        "train_accuracy": 0.8290157594910391,
        "train_f1_micro": 0.8290157594910391,
        "train_f1_macro": 0.7655544865177631,
        "train_f1_weighted": 0.8204173662204841,
        "train_ROC": 0.9878784105031015,
        "n_test": 48098,
        "test_accuracy": 0.820325169445715,
        "test_f1_micro": 0.820325169445715,
        "test_f1_macro": 0.696899178558846,
        "test_f1_weighted": 0.811455451264446,
        "test_ROC": 0.9839740398692329,
        "solution": [134, 136, 316, 378, 389, 505, 522, 574, 575, 648, 686, 856, 1161, 1164, 1183, 1203, 1205, 1299, 1341, 1367, 1410, 1443, 1462, 1539, 1638, 1651, 1652, 1684, 1780, 1785, 1812, 1841, 2026, 2105, 2112, 2169, 2206, 2231, 2264, 2287, 2370, 2459, 2562, 2574, 2643, 2780, 2875, 2986, 3089, 3222, 3265, 3284, 3359, 3446, 3459, 3630, 3657, 3778, 4011, 4024, 4161, 4260, 4343]
    },
    "3": {
        "n_train": 48098,
        "n_features_in": 4443,
        "n_features": 96,
        "n_classes": 33,
        "scale": false,
        "normalize": false,
        "train_accuracy": 0.8642147282631294,
        "train_f1_micro": 0.8642147282631295,
        "train_f1_macro": 0.8505932511406664,
        "train_f1_weighted": 0.8592352734470162,
        "train_ROC": 0.9929335097529121,
        "n_test": 48098,
        "test_accuracy": 0.8519273150650755,
        "test_f1_micro": 0.8519273150650755,
        "test_f1_macro": 0.7559734596335844,
        "test_f1_weighted": 0.8469397937824994,
        "test_ROC": 0.9899658367821221,
        "solution": [134, 136, 316, 378, 389, 505, 522, 574, 575, 633, 648, 686, 780, 834, 856, 923, 1161, 1164, 1183, 1203, 1205, 1265, 1266, 1275, 1299, 1341, 1367, 1374, 1410, 1431, 1443, 1462, 1466, 1539, 1565, 1638, 1651, 1652, 1665, 1684, 1780, 1785, 1812, 1841, 2026, 2105, 2110, 2112, 2118, 2140, 2169, 2206, 2231, 2239, 2264, 2287, 2316, 2370, 2373, 2392, 2426, 2438, 2450, 2459, 2476, 2562, 2574, 2618, 2643, 2659, 2780, 2825, 2853, 2875, 2986, 3033, 3078, 3089, 3202, 3222, 3265, 3284, 3308, 3359, 3440, 3446, 3459, 3630, 3657, 3778, 3915, 4011, 4024, 4161, 4260, 4343]
    },
    "4": {
        "n_train": 48098,
        "n_features_in": 4443,
        "n_features": 128,
        "n_classes": 33,
        "scale": false,
        "normalize": false,
        "train_accuracy": 0.880348455237224,
        "train_f1_micro": 0.880348455237224,
        "train_f1_macro": 0.8969170011456203,
        "train_f1_weighted": 0.8766875309031354,
        "train_ROC": 0.9946864624532558,
        "n_test": 48098,
        "test_accuracy": 0.8632791384257141,
        "test_f1_micro": 0.8632791384257142,
        "test_f1_macro": 0.776515935954142,
        "test_f1_weighted": 0.8592937538192893,
        "test_ROC": 0.9913814119305755,
        "solution": [72, 134, 136, 316, 322, 378, 389, 472, 505, 522, 574, 575, 633, 648, 686, 715, 780, 806, 834, 856, 919, 923, 967, 1114, 1140, 1161, 1164, 1183, 1203, 1205, 1265, 1266, 1270, 1275, 1278, 1299, 1341, 1367, 1374, 1410, 1431, 1443, 1445, 1462, 1466, 1539, 1565, 1638, 1651, 1652, 1665, 1684, 1708, 1741, 1780, 1785, 1794, 1812, 1841, 1889, 1893, 2026, 2053, 2105, 2110, 2112, 2118, 2140, 2169, 2205, 2206, 2231, 2239, 2264, 2287, 2316, 2370, 2373, 2392, 2426, 2438, 2450, 2459, 2476, 2540, 2562, 2574, 2586, 2604, 2618, 2643, 2659, 2780, 2825, 2837, 2853, 2875, 2986, 3033, 3075, 3078, 3089, 3197, 3202, 3222, 3265, 3284, 3308, 3359, 3377, 3404, 3440, 3446, 3459, 3630, 3657, 3726, 3778, 3786, 3915, 4005, 4011, 4024, 4161, 4201, 4260, 4343, 4436]
    },
    "5": {
        "n_train": 48098,
        "n_features_in": 4443,
        "n_features": 155,
        "n_classes": 33,
        "scale": false,
        "normalize": false,
        "train_accuracy": 0.8920745145328288,
        "train_f1_micro": 0.8920745145328288,
        "train_f1_macro": 0.9222237814665473,
        "train_f1_weighted": 0.8894909223793869,
        "train_ROC": 0.995772863934677,
        "n_test": 48098,
        "test_accuracy": 0.8699322217140005,
        "test_f1_micro": 0.8699322217140005,
        "test_f1_macro": 0.7919945129953483,
        "test_f1_weighted": 0.8668635771018169,
        "test_ROC": 0.9915440756475512,
        "solution": [62, 72, 115, 134, 136, 190, 316, 322, 378, 389, 434, 472, 498, 505, 522, 528, 574, 575, 633, 648, 686, 715, 756, 780, 806, 831, 834, 856, 919, 923, 966, 967, 1091, 1114, 1140, 1161, 1164, 1178, 1183, 1185, 1203, 1205, 1265, 1266, 1270, 1275, 1278, 1299, 1321, 1341, 1342, 1367, 1374, 1408, 1410, 1431, 1443, 1445, 1462, 1465, 1466, 1539, 1565, 1638, 1651, 1652, 1665, 1684, 1708, 1741, 1780, 1785, 1794, 1812, 1841, 1889, 1893, 1920, 2026, 2043, 2053, 2105, 2110, 2112, 2118, 2140, 2169, 2205, 2206, 2215, 2231, 2239, 2264, 2287, 2294, 2316, 2370, 2373, 2392, 2426, 2438, 2450, 2459, 2476, 2499, 2540, 2562, 2574, 2586, 2604, 2618, 2643, 2659, 2677, 2700, 2780, 2825, 2837, 2853, 2875, 2902, 2986, 3033, 3075, 3078, 3081, 3089, 3192, 3197, 3202, 3222, 3265, 3284, 3308, 3359, 3377, 3404, 3439, 3440, 3446, 3459, 3630, 3657, 3726, 3778, 3786, 3915, 4005, 4011, 4024, 4161, 4201, 4260, 4343, 4436]
    },
    "6": {
        "n_train": 48098,
        "n_features_in": 4443,
        "n_features": 181,
        "n_classes": 33,
        "scale": false,
        "normalize": false,
        "train_accuracy": 0.9000374235934966,
        "train_f1_micro": 0.9000374235934966,
        "train_f1_macro": 0.9326878273184557,
        "train_f1_weighted": 0.8979635108017064,
        "train_ROC": 0.9967403931950101,
        "n_test": 48098,
        "test_accuracy": 0.8767308411992183,
        "test_f1_micro": 0.8767308411992183,
        "test_f1_macro": 0.7959605983436725,
        "test_f1_weighted": 0.8742824010704818,
        "test_ROC": 0.9928223460058654,
        "solution": [62, 72, 115, 134, 136, 185, 190, 316, 322, 378, 389, 434, 472, 498, 505, 522, 528, 574, 575, 633, 648, 686, 715, 748, 756, 764, 780, 806, 831, 834, 856, 919, 920, 923, 966, 967, 1091, 1114, 1140, 1161, 1164, 1178, 1183, 1185, 1203, 1205, 1265, 1266, 1270, 1275, 1276, 1278, 1296, 1299, 1301, 1321, 1341, 1342, 1367, 1374, 1408, 1410, 1431, 1443, 1445, 1462, 1465, 1466, 1539, 1565, 1638, 1651, 1652, 1665, 1684, 1707, 1708, 1741, 1780, 1785, 1794, 1797, 1812, 1841, 1889, 1893, 1908, 1920, 1930, 1991, 2026, 2043, 2050, 2053, 2094, 2105, 2110, 2112, 2118, 2140, 2169, 2198, 2205, 2206, 2215, 2216, 2231, 2239, 2264, 2287, 2294, 2316, 2335, 2370, 2373, 2392, 2405, 2426, 2438, 2450, 2459, 2476, 2499, 2540, 2562, 2574, 2586, 2603, 2604, 2618, 2643, 2659, 2677, 2700, 2726, 2780, 2825, 2837, 2853, 2875, 2902, 2905, 2986, 3016, 3033, 3075, 3078, 3081, 3089, 3192, 3197, 3202, 3222, 3265, 3284, 3308, 3312, 3359, 3377, 3404, 3437, 3439, 3440, 3446, 3459, 3630, 3657, 3726, 3778, 3786, 3915, 4005, 4011, 4024, 4050, 4161, 4201, 4260, 4343, 4361, 4436]
    }
}