{
    "1": {
        "n_train": 37884,
        "n_features_in": 2968,
        "n_classes": 75,
        "filter_genes": true,
        "normalize": true,
        "log": true,
        "scale": true,
        "high_var": true,
        "ordered": true,
        "rho": 0.4,
        "alpha": 0.00033692722371967657,
        "rs": 1000,
        "min_coverage": 1.00151526927948,
        "solution": [1416, 182, 925, 2041, 267, 2897, 2643, 334, 2966, 981, 698, 2561, 1011, 1286, 49, 1623, 973, 37, 1835, 498, 1347, 212, 974],
        "n_features": 23
    },
    "2": {
        "n_train": 37884,
        "n_features_in": 2968,
        "n_classes": 75,
        "filter_genes": true,
        "normalize": true,
        "log": true,
        "scale": true,
        "high_var": true,
        "ordered": true,
        "rho": 0.4,
        "alpha": 0.0006738544474393531,
        "rs": 1000,
        "min_coverage": 2.0035072527825832,
        "solution": [334, 2301, 1416, 2139, 1672, 1288, 1286, 169, 2964, 2014, 925, 2786, 723, 2300, 981, 2133, 2950, 1408, 49, 1835, 2438, 1228, 2643, 2101, 1042, 2561, 2794, 1651, 99, 1252, 46, 380, 1417, 1667, 174],
        "n_features": 35
    },
    "3": {
        "n_train": 37884,
        "n_features_in": 2968,
        "n_classes": 75,
        "filter_genes": true,
        "normalize": true,
        "log": true,
        "scale": true,
        "high_var": true,
        "ordered": true,
        "rho": 0.3333333333333333,
        "alpha": 0.0010107816711590297,
        "rs": 1000,
        "min_coverage": 3.03164108004421,
        "solution": [2041, 380, 2301, 334, 1377, 46, 2643, 1416, 974, 925, 1391, 599, 182, 1062, 169, 1065, 412, 966, 1124, 422, 224, 2544, 2704, 1741, 1835, 2300, 208, 979, 525, 1400, 698, 129, 2206, 1968, 1343, 767, 779, 548, 1226, 682, 928, 2014, 2463, 2955, 1154, 301, 448, 1863],
        "n_features": 48
    },
    "4": {
        "n_train": 37884,
        "n_features_in": 2968,
        "n_classes": 75,
        "filter_genes": true,
        "normalize": true,
        "log": true,
        "scale": true,
        "high_var": true,
        "ordered": true,
        "rho": 0.3333333333333333,
        "alpha": 0.0013477088948787063,
        "rs": 1000,
        "min_coverage": 4.005196002312005,
        "solution": [334, 969, 2139, 966, 2301, 1416, 1852, 1835, 599, 1952, 778, 2643, 37, 2041, 2299, 723, 170, 1391, 380, 843, 2438, 182, 166, 1672, 169, 83, 1062, 974, 2576, 1551, 2897, 925, 2618, 46, 1661, 998, 1424, 1894, 2761, 1823, 1706, 1161, 980, 548, 1286, 1458, 2270, 1288, 1065, 1028, 2122, 2704, 206, 1149, 1597, 2668, 396, 1463, 2604, 1980, 393],
        "n_features": 61
    },
    "5": {
        "n_train": 37884,
        "n_features_in": 2968,
        "n_classes": 75,
        "filter_genes": true,
        "normalize": true,
        "log": true,
        "scale": true,
        "high_var": true,
        "ordered": true,
        "rho": 0.3333333333333333,
        "alpha": 0.0016846361185983828,
        "rs": 1000,
        "min_coverage": 5.024006641935557,
        "solution": [334, 2299, 925, 775, 966, 380, 1416, 169, 2139, 1424, 2014, 46, 1922, 376, 294, 730, 2059, 182, 1288, 1835, 525, 1377, 1065, 980, 1101, 973, 206, 1957, 212, 318, 209, 52, 1286, 2897, 2754, 2124, 37, 41, 780, 243, 166, 2270, 791, 170, 1952, 1980, 1772, 893, 1823, 1743, 1290, 1418, 83, 1672, 1630, 2438, 2041, 2068, 1343, 1965, 983, 658, 1667, 1391, 723, 39, 2786, 2016, 548, 2561, 2187, 1301, 1023, 2704, 2110],
        "n_features": 75
    },
    "6": {
        "n_train": 37884,
        "n_features_in": 2968,
        "n_classes": 75,
        "filter_genes": true,
        "normalize": true,
        "log": true,
        "scale": true,
        "high_var": true,
        "ordered": true,
        "rho": 0.2857142857142857,
        "alpha": 0.0020215633423180594,
        "rs": 1000,
        "min_coverage": 6.021501928160433,
        "solution": [334, 2301, 224, 2139, 1416, 974, 775, 966, 1918, 2041, 1952, 294, 1672, 182, 780, 169, 2438, 599, 46, 1301, 170, 791, 380, 37, 376, 2754, 979, 698, 267, 1741, 973, 969, 2736, 2618, 2646, 1630, 849, 1400, 2014, 1343, 925, 1391, 1101, 318, 802, 2897, 2853, 208, 412, 2206, 753, 2424, 1864, 206, 1424, 2786, 498, 685, 2950, 1980, 1286, 1957, 1230, 1023, 1288, 2704, 2124, 41, 2110, 2002, 1103, 2504, 778, 1544, 1667, 2708, 998, 2239, 448, 1831, 446, 1295, 1456, 988, 708, 2549, 492],
        "n_features": 87
    },
    "7": {
        "n_train": 37884,
        "n_features_in": 2968,
        "n_classes": 75,
        "filter_genes": true,
        "normalize": true,
        "log": true,
        "scale": true,
        "high_var": true,
        "ordered": true,
        "rho": 0.2857142857142857,
        "alpha": 0.0023584905660377358,
        "rs": 1000,
        "min_coverage": 7.025524515658617,
        "solution": [775, 209, 1416, 2300, 41, 1301, 182, 966, 1852, 46, 224, 973, 1672, 2299, 1952, 2096, 2139, 376, 169, 267, 2041, 1377, 2014, 334, 1062, 925, 412, 1424, 212, 780, 2301, 1288, 1835, 2110, 2023, 802, 698, 1065, 380, 982, 928, 599, 1124, 2438, 1667, 393, 2964, 2714, 1846, 243, 893, 145, 1101, 1041, 462, 2950, 974, 1032, 1894, 2467, 2576, 2425, 2646, 2033, 1656, 998, 294, 702, 1400, 2666, 2689, 992, 2925, 2544, 655, 37, 1224, 979, 753, 2551, 301, 2206, 1072, 525, 2082, 2470, 2331, 2408, 2120, 2316, 1922, 2737, 1932, 1253, 2786, 730, 1958, 299, 1741, 2326, 1806],
        "n_features": 101
    },
    "8": {
        "n_train": 37884,
        "n_features_in": 2968,
        "n_classes": 75,
        "filter_genes": true,
        "normalize": true,
        "log": true,
        "scale": true,
        "high_var": true,
        "ordered": true,
        "rho": 0.2857142857142857,
        "alpha": 0.0026954177897574125,
        "rs": 1000,
        "min_coverage": 8.039601122960448,
        "solution": [775, 380, 334, 209, 1416, 2299, 2301, 2041, 46, 2897, 2139, 412, 966, 1062, 2014, 376, 1672, 1408, 1377, 418, 780, 1391, 599, 925, 294, 170, 2754, 86, 973, 1286, 893, 698, 2576, 169, 2206, 1424, 843, 318, 1826, 2875, 2736, 1751, 2786, 1223, 1922, 2704, 2408, 206, 224, 682, 2963, 525, 755, 2689, 1632, 41, 154, 254, 1952, 2964, 2927, 1101, 1661, 1835, 723, 1343, 979, 428, 730, 2643, 2467, 2763, 493, 1032, 2133, 1301, 1630, 983, 243, 212, 982, 1932, 974, 2096, 415, 1936, 2665, 1230, 887, 1905, 1618, 39, 1024, 1288, 1027, 1965, 166, 2563, 2260, 1576, 1252, 94, 1667, 2327, 1968, 693, 1623, 1497, 2565, 821, 1463, 969, 539, 955, 778, 998, 423, 1242],
        "n_features": 118
    },
    "9": {
        "n_train": 37884,
        "n_features_in": 2968,
        "n_classes": 75,
        "filter_genes": true,
        "normalize": true,
        "log": true,
        "scale": true,
        "high_var": true,
        "ordered": true,
        "rho": 0.25,
        "alpha": 0.003032345013477089,
        "rs": 1000,
        "min_coverage": 9.007622982375324,
        "solution": [334, 2299, 380, 2301, 775, 209, 2014, 46, 2300, 966, 2041, 224, 1377, 1301, 1672, 2643, 1806, 2139, 1062, 2754, 1852, 1258, 1391, 1286, 1424, 41, 294, 2576, 2736, 973, 1288, 1416, 208, 2875, 720, 170, 75, 1894, 1952, 723, 37, 169, 2897, 412, 1846, 925, 1065, 1835, 717, 2133, 136, 182, 376, 2964, 1343, 2704, 599, 2689, 1618, 1224, 498, 166, 780, 525, 2786, 753, 1741, 2646, 1973, 982, 682, 802, 1023, 1408, 393, 2197, 243, 2551, 2424, 1042, 955, 493, 347, 145, 1041, 1127, 83, 2618, 1103, 1290, 1229, 318, 94, 2544, 993, 1242, 2438, 2023, 1107, 2495, 1124, 980, 84, 1027, 422, 767, 2059, 1253, 2959, 988, 974, 1953, 1028, 655, 881, 2653, 1058, 1666, 453, 849, 2777, 1431, 1306, 1295, 730, 78, 87, 2002, 1024, 2730, 350, 448, 1052, 594, 48],
        "n_features": 135
    },
    "10": {
        "n_train": 37884,
        "n_features_in": 2968,
        "n_classes": 75,
        "filter_genes": true,
        "normalize": true,
        "log": true,
        "scale": true,
        "high_var": true,
        "ordered": true,
        "rho": 0.25,
        "alpha": 0.0033692722371967657,
        "rs": 1000,