{
    "1": {
        "n_features": 7,
        "phenotypes": 7,
        "n_features_in": 16484,
        "JS": 0.24865755831806988,
        "entropy": 0.18400994415216743,
        "pearson": 0.9266941735172408,
        "deconvolution": [0.09693898262937406, 0.07914623749109279, 0.10022964221560214, 0.0, 0.34002035965532024, 0.3836647780086107, 0.0],
        "solution": [689, 1355, 1660, 3379, 3669, 4393, 4570]
    },
    "2": {
        "n_features": 14,
        "phenotypes": 7,
        "n_features_in": 16484,
        "JS": 0.025757195312120344,
        "entropy": 0.002717713423349877,
        "pearson": 0.997672805558018,
        "deconvolution": [0.08136318347240773, 0.07521016667504189, 0.08753784842836708, 0.04263174828245367, 0.2631152994778379, 0.30772099260233704, 0.14242076106155474],
        "solution": [689, 708, 1176, 1355, 1629, 1660, 3379, 3432, 3669, 3865, 4152, 4393, 4536, 4570]
    },
    "3": {
        "n_features": 21,
        "phenotypes": 7,
        "n_features_in": 16484,
        "JS": 0.02277539941733132,
        "entropy": 0.002070444413355928,
        "pearson": 0.9970788007968823,
        "deconvolution": [0.07951360421447294, 0.06775531011605865, 0.08858939478161636, 0.0380761602715983, 0.2797597152520967, 0.3047536120504819, 0.1415522033136752],
        "solution": [330, 689, 708, 1176, 1223, 1355, 1629, 1660, 3072, 3287, 3379, 3432, 3669, 3865, 3901, 4152, 4269, 4393, 4524, 4536, 4570]
    },
    "4": {
        "n_features": 28,
        "phenotypes": 7,
        "n_features_in": 16484,
        "JS": 0.01713325574697242,
        "entropy": 0.0011750856634768847,
        "pearson": 0.9982746055907865,
        "deconvolution": [0.07844805274875065, 0.08539338082115151, 0.0884479764816006, 0.030130958941119244, 0.2739306946888436, 0.30407930431346014, 0.13956963200507425],
        "solution": [134, 330, 689, 708, 1176, 1223, 1355, 1374, 1629, 1660, 2550, 3072, 3117, 3287, 3379, 3432, 3669, 3865, 3896, 3901, 4152, 4269, 4279, 4393, 4524, 4529, 4536, 4570]
    },
    "5": {
        "n_features": 35,
        "phenotypes": 7,
        "n_features_in": 16484,
        "JS": 0.012396517456058055,
        "entropy": 0.0006178385137014181,
        "pearson": 0.9994951534910259,
        "deconvolution": [0.07684159427737557, 0.08262276032278182, 0.09032492775075808, 0.03633459003505492, 0.26970936490867115, 0.31010810761037144, 0.13405865509498693],
        "solution": [134, 330, 689, 708, 1025, 1176, 1202, 1223, 1355, 1374, 1629, 1660, 2550, 3020, 3072, 3117, 3274, 3287, 3379, 3432, 3669, 3845, 3865, 3896, 3901, 4152, 4177, 4269, 4279, 4393, 4518, 4524, 4529, 4536, 4570]
    },
    "6": {
        "n_features": 42,
        "phenotypes": 7,
        "n_features_in": 16484,
        "JS": 0.016737752345236865,
        "entropy": 0.0011231109189328951,
        "pearson": 0.9989120949357355,
        "deconvolution": [0.0778462897348648, 0.083687360474924, 0.08778040085999939, 0.03681459692100293, 0.26834879651684856, 0.3075081984135455, 0.13801435707881488],
        "solution": [134, 181, 330, 689, 708, 1025, 1176, 1202, 1223, 1355, 1374, 1395, 1629, 1660, 1827, 2550, 3020, 3072, 3117, 3274, 3287, 3379, 3432, 3438, 3669, 3845, 3865, 3869, 3896, 3901, 4109, 4152, 4177, 4269, 4279, 4393, 4518, 4524, 4529, 4536, 4547, 4570]
    },
    "7": {
        "n_features": 49,
        "phenotypes": 7,
        "n_features_in": 16484,
        "JS": 0.01766307536018661,
        "entropy": 0.001250862477474973,
        "pearson": 0.9985379785755721,
        "deconvolution": [0.07694514934026775, 0.08301689194457716, 0.0877548334984495, 0.03667382525106563, 0.2661764484733298, 0.3077574798150431, 0.14167537167726704],
        "solution": [134, 181, 330, 347, 689, 708, 1025, 1176, 1202, 1223, 1355, 1369, 1374, 1395, 1629, 1660, 1827, 2479, 2550, 3020, 3072, 3117, 3274, 3287, 3379, 3432, 3438, 3587, 3669, 3845, 3865, 3866, 3869, 3896, 3901, 4109, 4152, 4177, 4269, 4279, 4393, 4406, 4518, 4524, 4529, 4536, 4547, 4558, 4570]
    },
    "8": {
        "n_features": 56,
        "phenotypes": 7,
        "n_features_in": 16484,
        "JS": 0.014997716041266911,
        "entropy": 0.0009046204884529878,
        "pearson": 0.9992242673005596,
        "deconvolution": [0.0774745582911819, 0.08365984769669475, 0.08908147265074005, 0.03696353951157076, 0.26801116894874016, 0.31003873548842137, 0.13477067741265097],
        "solution": [134, 181, 330, 347, 603, 689, 708, 1025, 1176, 1202, 1223, 1355, 1368, 1369, 1374, 1395, 1629, 1660, 1827, 1894, 2479, 2550, 3020, 3072, 3117, 3274, 3287, 3379, 3404, 3432, 3438, 3587, 3669, 3801, 3845, 3865, 3866, 3869, 3896, 3901, 4109, 4152, 4169, 4177, 4269, 4279, 4393, 4406, 4518, 4524, 4529, 4536, 4547, 4558, 4566, 4570]
    },
    "9": {
        "n_features": 63,
        "phenotypes": 7,
        "n_features_in": 16484,
        "JS": 0.017331578978578024,
        "entropy": 0.001186952538512239,
        "pearson": 0.9984961458219712,
        "deconvolution": [0.07992268684241545, 0.08161768940268534, 0.08422905967078763, 0.034425662388408225, 0.2715709629040538, 0.3119131028406979, 0.1363208359509515],
        "solution": [134, 181, 330, 347, 603, 659, 689, 708, 1025, 1176, 1202, 1223, 1355, 1368, 1369, 1374, 1395, 1405, 1629, 1660, 1827, 1894, 2410, 2479, 2550, 3020, 3072, 3117, 3274, 3287, 3312, 3379, 3404, 3432, 3438, 3587, 3669, 3801, 3845, 3865, 3866, 3869, 3882, 3896, 3901, 4109, 4152, 4169, 4175, 4177, 4269, 4279, 4393, 4406, 4518, 4524, 4529, 4536, 4538, 4547, 4558, 4566, 4570]
    },
    "10": {
        "n_features": 70,
        "phenotypes": 7,
        "n_features_in": 16484,
        "JS": 0.014442308932102348,
        "entropy": 0.0008325626280477911,
        "pearson": 0.9985955879125569,
        "deconvolution": [0.07892995229715936, 0.07923845243648182, 0.08888975858642308, 0.030495682143616542, 0.26627952945059286, 0.3152374133308743, 0.140929211754852],
        "solution": [134, 181, 330, 347, 603, 659, 689, 708, 1025, 1063, 1176, 1202, 1223, 1355, 1368, 1369, 1374, 1395, 1405, 1629, 1660, 1827, 1894, 2033, 2410, 2479, 2508, 2550, 3020, 3072, 3117, 3274, 3287, 3312, 3379, 3404, 3432, 3438, 3587, 3646, 3669, 3801, 3845, 3865, 3866, 3869, 3882, 3896, 3901, 3902, 4108, 4109, 4152, 4169, 4175, 4177, 4269, 4279, 4393, 4406, 4518, 4524, 4529, 4536, 4538, 4547, 4558, 4562, 4566, 4570]
    },
    "11": {
        "n_features": 77,
        "phenotypes": 7,
        "n_features_in": 16484,
        "JS": 0.015503989354066428,
        "entropy": 0.0009582549604622214,
        "pearson": 0.9987145937823487,
        "deconvolution": [0.08055212290358937, 0.07899699008565184, 0.0889608484185367, 0.029099049685379075, 0.2681319834985514, 0.31437551910382117, 0.1398834863044704],
        "solution": [134, 181, 330, 347, 570, 603, 659, 689, 708, 1025, 1063, 1176, 1202, 1223, 1224, 1355, 1368, 1369, 1374, 1395, 1405, 1629, 1660, 1827, 1894, 2033, 2410, 2419, 2479, 2508, 2550, 3020, 3072, 3117, 3224, 3274, 3287, 3312, 3379, 3404, 3432, 3438, 3587, 3646, 3669, 3734, 3801, 3845, 3865, 3866, 3869, 3882, 3896, 3901, 3902, 4108, 4109, 4152, 4169, 4175, 4177, 4188, 4269, 4279, 4393, 4406, 4518, 4524, 4529, 4536, 4538, 4544, 4547, 4558, 4562, 4566, 4570]
    },
    "12": {
        "n_features": 84,
        "phenotypes": 7,
        "n_features_in": 16484,
        "JS": 0.01574379030402146,
        "entropy": 0.0009877859012270692,
        "pearson": 0.9986798131573686,
        "deconvolution": [0.08052937526978111, 0.07906923912271817, 0.08886542573380568, 0.02898815364252113, 0.26811461024409267, 0.31436481775484454, 0.14006837823223672],