{
    "1": {
        "n_train": 37884,
        "n_features_in": 2968,
        "n_features": 30,
        "n_classes": 75,
        "scale": false,
        "normalize": false,
        "train_accuracy": 0.5966634991025235,
        "train_f1_micro": 0.5966634991025235,
        "train_f1_macro": 0.40771217966692463,
        "train_f1_weighted": 0.571002220602791,
        "train_ROC": 0.9800905335203506,
        "n_test": 37885,
        "test_accuracy": 0.5891249835027056,
        "test_f1_micro": 0.5891249835027056,
        "test_f1_macro": 0.39013566324844096,
        "test_f1_weighted": 0.562377661151815,
        "test_ROC": 0.9766772897870218,
        "solution": [194, 371, 412, 662, 682, 969, 979, 981, 1063, 1391, 1449, 1540, 1555, 1597, 1600, 1603, 1685, 1689, 1853, 1906, 1939, 2066, 2125, 2408, 2550, 2734, 2738, 2751, 2866, 2961]
    },
    "2": {
        "n_train": 37884,
        "n_features_in": 2968,
        "n_features": 54,
        "n_classes": 75,
        "scale": false,
        "normalize": false,
        "train_accuracy": 0.6663499102523492,
        "train_f1_micro": 0.6663499102523492,
        "train_f1_macro": 0.517854553184391,
        "train_f1_weighted": 0.6522749951156075,
        "train_ROC": 0.9878424475083876,
        "n_test": 37885,
        "test_accuracy": 0.6485416391711759,
        "test_f1_micro": 0.6485416391711759,
        "test_f1_macro": 0.47239016626422625,
        "test_f1_weighted": 0.6324602709882505,
        "test_ROC": 0.9838520947065517,
        "solution": [33, 49, 194, 234, 314, 371, 404, 412, 662, 682, 775, 850, 969, 979, 981, 1063, 1177, 1391, 1430, 1449, 1537, 1540, 1555, 1597, 1600, 1603, 1685, 1689, 1761, 1853, 1906, 1907, 1939, 2031, 2056, 2066, 2124, 2125, 2239, 2350, 2408, 2423, 2471, 2550, 2734, 2738, 2751, 2768, 2792, 2804, 2866, 2896, 2897, 2961]
    },
    "3": {
        "n_train": 37884,
        "n_features_in": 2968,
        "n_features": 77,
        "n_classes": 75,
        "scale": false,
        "normalize": false,
        "train_accuracy": 0.7163974237144969,
        "train_f1_micro": 0.7163974237144969,
        "train_f1_macro": 0.6027408546053133,
        "train_f1_weighted": 0.7073027749718401,
        "train_ROC": 0.9913655866246976,
        "n_test": 37885,
        "test_accuracy": 0.6839118384584928,
        "test_f1_micro": 0.6839118384584928,
        "test_f1_macro": 0.5244275489135242,
        "test_f1_weighted": 0.6730046984211969,
        "test_ROC": 0.9864564792939784,
        "solution": [33, 35, 49, 168, 194, 234, 314, 371, 404, 412, 592, 662, 682, 775, 792, 850, 872, 967, 969, 979, 980, 981, 982, 1063, 1177, 1256, 1264, 1377, 1391, 1430, 1449, 1537, 1540, 1553, 1555, 1597, 1600, 1603, 1685, 1689, 1690, 1761, 1846, 1853, 1906, 1907, 1939, 2031, 2056, 2066, 2124, 2125, 2138, 2230, 2239, 2350, 2368, 2408, 2413, 2423, 2471, 2507, 2550, 2640, 2714, 2734, 2738, 2751, 2768, 2781, 2792, 2804, 2866, 2896, 2897, 2960, 2961]
    },
    "4": {
        "n_train": 37884,
        "n_features_in": 2968,
        "n_features": 102,
        "n_classes": 75,
        "scale": false,
        "normalize": false,
        "train_accuracy": 0.7634093548727695,
        "train_f1_micro": 0.7634093548727695,
        "train_f1_macro": 0.6726128447824525,
        "train_f1_weighted": 0.7579021724496688,
        "train_ROC": 0.9940154633389706,
        "n_test": 37885,
        "test_accuracy": 0.7210769433812855,
        "test_f1_micro": 0.7210769433812854,
        "test_f1_macro": 0.5704893661833632,
        "test_f1_weighted": 0.713824554400023,
        "test_ROC": 0.9890685402552576,
        "solution": [33, 34, 35, 49, 168, 169, 170, 194, 234, 314, 371, 404, 412, 494, 592, 662, 682, 683, 775, 792, 850, 859, 872, 966, 967, 969, 979, 980, 981, 982, 992, 1063, 1159, 1164, 1172, 1177, 1256, 1264, 1377, 1391, 1393, 1415, 1430, 1449, 1468, 1537, 1540, 1553, 1555, 1595, 1597, 1600, 1602, 1603, 1630, 1685, 1689, 1690, 1761, 1821, 1842, 1846, 1853, 1906, 1907, 1939, 2031, 2056, 2066, 2124, 2125, 2138, 2207, 2230, 2239, 2350, 2368, 2408, 2410, 2413, 2423, 2425, 2471, 2482, 2507, 2550, 2579, 2640, 2714, 2734, 2738, 2751, 2757, 2768, 2781, 2792, 2804, 2866, 2896, 2897, 2960, 2961]
    },
    "5": {
        "n_train": 37884,
        "n_features_in": 2968,
        "n_features": 121,
        "n_classes": 75,
        "scale": false,
        "normalize": false,
        "train_accuracy": 0.7985957132298596,
        "train_f1_micro": 0.7985957132298596,
        "train_f1_macro": 0.7298242523165923,
        "train_f1_weighted": 0.7948478037009652,
        "train_ROC": 0.995689975119732,
        "n_test": 37885,
        "test_accuracy": 0.7449914214068892,
        "test_f1_micro": 0.7449914214068892,
        "test_f1_macro": 0.6016962077775572,
        "test_f1_weighted": 0.7397650311981161,
        "test_ROC": 0.9907216427495138,
        "solution": [18, 33, 34, 35, 49, 137, 163, 168, 169, 170, 185, 194, 234, 314, 320, 371, 372, 404, 412, 494, 514, 552, 592, 662, 682, 683, 775, 792, 850, 859, 872, 913, 966, 967, 969, 973, 979, 980, 981, 982, 983, 992, 1029, 1063, 1159, 1164, 1172, 1177, 1197, 1256, 1264, 1301, 1377, 1391, 1393, 1415, 1430, 1432, 1449, 1468, 1487, 1537, 1540, 1553, 1555, 1595, 1597, 1600, 1602, 1603, 1630, 1685, 1689, 1690, 1761, 1821, 1842, 1846, 1850, 1853, 1906, 1907, 1939, 2031, 2056, 2066, 2124, 2125, 2138, 2207, 2230, 2239, 2350, 2368, 2408, 2410, 2413, 2423, 2425, 2471, 2482, 2507, 2518, 2550, 2579, 2640, 2714, 2734, 2737, 2738, 2751, 2757, 2768, 2781, 2792, 2804, 2866, 2896, 2897, 2960, 2961]
    },
    "6": {
        "n_train": 37884,
        "n_features_in": 2968,
        "n_features": 145,
        "n_classes": 75,
        "scale": false,
        "normalize": false,
        "train_accuracy": 0.8216133460035899,
        "train_f1_micro": 0.82161334600359,
        "train_f1_macro": 0.7675903119628313,
        "train_f1_weighted": 0.8188564179809454,
        "train_ROC": 0.9966541116622915,
        "n_test": 37885,
        "test_accuracy": 0.7563943513263824,
        "test_f1_micro": 0.7563943513263824,
        "test_f1_macro": 0.613372336592543,
        "test_f1_weighted": 0.7518210147930641,
        "test_ROC": 0.9912845178198696,
        "solution": [18, 33, 34, 35, 49, 83, 137, 163, 167, 168, 169, 170, 185, 194, 234, 314, 320, 371, 372, 404, 412, 494, 514, 552, 559, 562, 592, 662, 682, 683, 686, 775, 792, 850, 859, 872, 913, 966, 967, 969, 973, 979, 980, 981, 982, 983, 992, 993, 1029, 1063, 1148, 1159, 1164, 1172, 1177, 1197, 1223, 1224, 1256, 1264, 1301, 1327, 1377, 1391, 1393, 1415, 1430, 1432, 1449, 1468, 1487, 1537, 1540, 1544, 1553, 1555, 1595, 1597, 1600, 1602, 1603, 1630, 1636, 1647, 1660, 1685, 1689, 1690, 1729, 1761, 1807, 1821, 1842, 1843, 1846, 1850, 1853, 1906, 1907, 1939, 2031, 2056, 2066, 2068, 2124, 2125, 2138, 2207, 2230, 2239, 2288, 2350, 2368, 2408, 2410, 2413, 2423, 2425, 2471, 2482, 2497, 2507, 2518, 2530, 2550, 2577, 2579, 2583, 2594, 2640, 2714, 2734, 2737, 2738, 2751, 2757, 2768, 2781, 2792, 2804, 2866, 2896, 2897, 2960, 2961]
    },
    "7": {
        "n_train": 37884,
        "n_features_in": 2968,
        "n_features": 180,
        "n_classes": 75,
        "scale": false,
        "normalize": false,
        "train_accuracy": 0.8648242001900538,
        "train_f1_micro": 0.8648242001900538,
        "train_f1_macro": 0.8322106484138055,
        "train_f1_weighted": 0.863622496634141,
        "train_ROC": 0.9979974342075165,
        "n_test": 37885,
        "test_accuracy": 0.7836874752540584,
        "test_f1_micro": 0.7836874752540584,
        "test_f1_macro": 0.6428673186949235,
        "test_f1_weighted": 0.7812283511099989,
        "test_ROC": 0.9929273693675688,