{
    "1": {
        "n_train": 37884,
        "n_features_in": 2968,
        "n_features": 30,
        "n_classes": 75,
        "scale": false,
        "normalize": false,
        "train_accuracy": 0.6046879949318974,
        "train_f1_micro": 0.6046879949318974,
        "train_f1_macro": 0.40857803436705437,
        "train_f1_weighted": 0.5821408609178265,
        "train_ROC": 0.9793724063256131,
        "n_test": 37885,
        "test_accuracy": 0.5910518674937311,
        "test_f1_micro": 0.5910518674937311,
        "test_f1_macro": 0.3757184512480329,
        "test_f1_weighted": 0.5679568088856255,
        "test_ROC": 0.9760377078193483,
        "solution": [49, 168, 169, 194, 412, 592, 682, 775, 969, 979, 981, 1063, 1264, 1449, 1555, 1597, 1685, 1689, 1761, 1853, 1906, 1907, 1939, 2125, 2350, 2423, 2734, 2738, 2751, 2961]
    },
    "2": {
        "n_train": 37884,
        "n_features_in": 2968,
        "n_features": 54,
        "n_classes": 75,
        "scale": false,
        "normalize": false,
        "train_accuracy": 0.6915848379263013,
        "train_f1_micro": 0.6915848379263013,
        "train_f1_macro": 0.54954527338686,
        "train_f1_weighted": 0.6802524941866654,
        "train_ROC": 0.9895804286200022,
        "n_test": 37885,
        "test_accuracy": 0.6652237033126567,
        "test_f1_micro": 0.6652237033126567,
        "test_f1_macro": 0.48843729170015915,
        "test_f1_weighted": 0.6528470567595744,
        "test_ROC": 0.9855548238660795,
        "solution": [33, 49, 168, 169, 170, 194, 234, 371, 412, 592, 682, 775, 967, 969, 979, 980, 981, 1063, 1264, 1391, 1449, 1537, 1540, 1555, 1597, 1600, 1603, 1685, 1689, 1690, 1761, 1846, 1853, 1906, 1907, 1939, 2031, 2125, 2239, 2350, 2368, 2408, 2423, 2507, 2594, 2714, 2734, 2738, 2751, 2768, 2792, 2896, 2897, 2961]
    },
    "3": {
        "n_train": 37884,
        "n_features_in": 2968,
        "n_features": 77,
        "n_classes": 75,
        "scale": false,
        "normalize": false,
        "train_accuracy": 0.7328159645232816,
        "train_f1_micro": 0.7328159645232816,
        "train_f1_macro": 0.6130725872436368,
        "train_f1_weighted": 0.7251209993095427,
        "train_ROC": 0.9921115095917099,
        "n_test": 37885,
        "test_accuracy": 0.6933878843869605,
        "test_f1_micro": 0.6933878843869605,
        "test_f1_macro": 0.5244188505995532,
        "test_f1_weighted": 0.6842675942775802,
        "test_ROC": 0.9875884092867606,
        "solution": [33, 34, 35, 49, 167, 168, 169, 170, 185, 194, 234, 371, 412, 592, 682, 775, 850, 872, 967, 969, 979, 980, 981, 982, 992, 1029, 1063, 1148, 1172, 1256, 1264, 1377, 1391, 1449, 1457, 1537, 1540, 1553, 1555, 1595, 1597, 1600, 1603, 1683, 1685, 1689, 1690, 1761, 1846, 1853, 1906, 1907, 1939, 2031, 2056, 2124, 2125, 2239, 2288, 2350, 2368, 2408, 2413, 2423, 2471, 2507, 2594, 2714, 2734, 2738, 2751, 2768, 2792, 2896, 2897, 2960, 2961]
    },
    "4": {
        "n_train": 37884,
        "n_features_in": 2968,
        "n_features": 102,
        "n_classes": 75,
        "scale": false,
        "normalize": false,
        "train_accuracy": 0.7759212332383064,
        "train_f1_micro": 0.7759212332383064,
        "train_f1_macro": 0.6847695667955104,
        "train_f1_weighted": 0.7716015090840844,
        "train_ROC": 0.9944268792630794,
        "n_test": 37885,
        "test_accuracy": 0.726356077603273,
        "test_f1_micro": 0.726356077603273,
        "test_f1_macro": 0.5615923885293735,
        "test_f1_weighted": 0.7201986026943935,
        "test_ROC": 0.9895478140698687,
        "solution": [33, 34, 35, 49, 56, 167, 168, 169, 170, 185, 194, 234, 371, 372, 404, 412, 514, 592, 682, 686, 775, 850, 872, 913, 966, 967, 969, 979, 980, 981, 982, 983, 992, 993, 1029, 1063, 1148, 1159, 1172, 1256, 1264, 1301, 1358, 1377, 1391, 1449, 1457, 1487, 1537, 1540, 1553, 1555, 1595, 1597, 1600, 1602, 1603, 1636, 1683, 1685, 1689, 1690, 1761, 1779, 1832, 1846, 1853, 1863, 1865, 1906, 1907, 1909, 1939, 2031, 2056, 2124, 2125, 2138, 2207, 2239, 2288, 2350, 2368, 2408, 2413, 2423, 2471, 2507, 2594, 2640, 2714, 2734, 2737, 2738, 2751, 2768, 2781, 2792, 2896, 2897, 2960, 2961]
    },
    "5": {
        "n_train": 37884,
        "n_features_in": 2968,
        "n_features": 121,
        "n_classes": 75,
        "scale": false,
        "normalize": false,
        "train_accuracy": 0.804138950480414,
        "train_f1_micro": 0.8041389504804141,
        "train_f1_macro": 0.7300171765160128,
        "train_f1_weighted": 0.8012382334105608,
        "train_ROC": 0.995769136542546,
        "n_test": 37885,
        "test_accuracy": 0.7437508248647222,
        "test_f1_micro": 0.7437508248647221,
        "test_f1_macro": 0.5841095443470868,
        "test_f1_weighted": 0.7390282355467354,
        "test_ROC": 0.9905806304230816,
        "solution": [33, 34, 35, 37, 49, 56, 163, 167, 168, 169, 170, 185, 194, 234, 371, 372, 404, 412, 514, 592, 682, 683, 686, 775, 776, 850, 872, 913, 966, 967, 969, 979, 980, 981, 982, 983, 992, 993, 1029, 1063, 1148, 1159, 1172, 1177, 1197, 1256, 1264, 1301, 1358, 1377, 1391, 1449, 1457, 1468, 1487, 1537, 1540, 1553, 1555, 1595, 1597, 1600, 1602, 1603, 1636, 1683, 1685, 1689, 1690, 1761, 1765, 1779, 1821, 1832, 1842, 1846, 1853, 1863, 1865, 1906, 1907, 1909, 1939, 1952, 2019, 2031, 2056, 2066, 2124, 2125, 2138, 2207, 2239, 2288, 2331, 2350, 2368, 2408, 2413, 2423, 2425, 2471, 2507, 2572, 2594, 2640, 2714, 2734, 2737, 2738, 2751, 2768, 2781, 2792, 2866, 2880, 2893, 2896, 2897, 2960, 2961]
    },
    "6": {
        "n_train": 37884,
        "n_features_in": 2968,
        "n_features": 145,
        "n_classes": 75,
        "scale": false,
        "normalize": false,
        "train_accuracy": 0.8372135994087213,
        "train_f1_micro": 0.8372135994087213,
        "train_f1_macro": 0.7834552019786074,
        "train_f1_weighted": 0.8352057737953203,
        "train_ROC": 0.9971157349399122,
        "n_test": 37885,
        "test_accuracy": 0.7681668206414148,
        "test_f1_micro": 0.7681668206414148,
        "test_f1_macro": 0.6107155005224825,
        "test_f1_weighted": 0.7647043616084079,
        "test_ROC": 0.9919329784779535,
        "solution": [33, 34, 35, 37, 49, 56, 137, 163, 164, 167, 168, 169, 170, 185, 187, 194, 234, 298, 314, 334, 371, 372, 404, 412, 446, 514, 592, 682, 683, 686, 775, 776, 850, 856, 859, 872, 913, 966, 967, 969, 973, 979, 980, 981, 982, 983, 992, 993, 1029, 1063, 1148, 1159, 1172, 1177, 1197, 1256, 1264, 1301, 1358, 1377, 1391, 1449, 1457, 1468, 1487, 1497, 1537, 1540, 1544, 1553, 1555, 1569, 1595, 1597, 1600, 1602, 1603, 1630, 1636, 1683, 1685, 1689, 1690, 1691, 1761, 1765, 1779, 1821, 1832, 1842, 1843, 1846, 1850, 1852, 1853, 1863, 1865, 1906, 1907, 1909, 1939, 1952, 2019, 2021, 2031, 2056, 2066, 2121, 2124, 2125, 2138, 2207, 2239, 2260, 2288, 2331, 2350, 2368, 2408, 2413, 2423, 2425, 2471, 2497, 2507, 2530, 2572, 2583, 2594, 2640, 2714, 2734, 2737, 2738, 2751, 2768, 2781, 2792, 2866, 2880, 2893, 2896, 2897, 2960, 2961]
    },
    "7": {
        "n_train": 37884,
        "n_features_in": 2968,
        "n_features": 180,
        "n_classes": 75,
        "scale": false,
        "normalize": false,
        "train_accuracy": 0.8711857248442614,
        "train_f1_micro": 0.8711857248442614,
        "train_f1_macro": 0.8448696739905196,
        "train_f1_weighted": 0.8701430174712594,
        "train_ROC": 0.9981649280818812,
        "n_test": 37885,
        "test_accuracy": 0.7853767982050943,
        "test_f1_micro": 0.7853767982050943,
        "test_f1_macro": 0.6347011119415168,
        "test_f1_weighted": 0.7827503945796045,
        "test_ROC": 0.9926495712490212,