{
    "1": {
        "n_train": 37884,
        "n_features_in": 2968,
        "n_features": 30,
        "n_classes": 75,
        "scale": false,
        "normalize": false,
        "train_accuracy": 0.687625382747334,
        "train_f1_micro": 0.687625382747334,
        "train_f1_macro": 0.5103122228800695,
        "train_f1_weighted": 0.6760235446474608,
        "train_ROC": 0.9880462259105127,
        "n_test": 37885,
        "test_accuracy": 0.6814042497030487,
        "test_f1_micro": 0.6814042497030487,
        "test_f1_macro": 0.47808727421866726,
        "test_f1_weighted": 0.6687568982523413,
        "test_ROC": 0.9853265434063097,
        "solution": [170, 334, 412, 682, 973, 979, 1063, 1264, 1301, 1320, 1391, 1553, 1555, 1603, 1685, 1853, 1906, 1907, 1939, 2021, 2066, 2124, 2139, 2350, 2408, 2689, 2738, 2754, 2897, 2961]
    },
    "2": {
        "n_train": 37884,
        "n_features_in": 2968,
        "n_features": 54,
        "n_classes": 75,
        "scale": false,
        "normalize": false,
        "train_accuracy": 0.7804350121423292,
        "train_f1_micro": 0.7804350121423292,
        "train_f1_macro": 0.6730315405734746,
        "train_f1_weighted": 0.7766615596245553,
        "train_ROC": 0.9942789906658186,
        "n_test": 37885,
        "test_accuracy": 0.7587435660551669,
        "test_f1_micro": 0.758743566055167,
        "test_f1_macro": 0.6036295596793146,
        "test_f1_weighted": 0.7538248810662768,
        "test_ROC": 0.9911151954299997,
        "solution": [46, 167, 170, 182, 231, 320, 334, 372, 412, 418, 682, 775, 885, 973, 979, 981, 1010, 1062, 1063, 1124, 1264, 1301, 1320, 1358, 1391, 1468, 1553, 1555, 1597, 1603, 1683, 1685, 1761, 1846, 1853, 1906, 1907, 1939, 2021, 2056, 2066, 2124, 2139, 2301, 2350, 2408, 2643, 2689, 2734, 2738, 2751, 2754, 2897, 2961]
    },
    "3": {
        "n_train": 37884,
        "n_features_in": 2968,
        "n_features": 77,
        "n_classes": 75,
        "scale": false,
        "normalize": false,
        "train_accuracy": 0.8283180234399746,
        "train_f1_micro": 0.8283180234399745,
        "train_f1_macro": 0.7510280381686792,
        "train_f1_weighted": 0.8262830781024701,
        "train_ROC": 0.9966757467668064,
        "n_test": 37885,
        "test_accuracy": 0.7926620034314372,
        "test_f1_micro": 0.7926620034314372,
        "test_f1_macro": 0.6514314427028279,
        "test_f1_weighted": 0.7895483269456506,
        "test_ROC": 0.9930540430171951,
        "solution": [37, 46, 49, 166, 167, 170, 182, 231, 320, 334, 371, 372, 412, 418, 682, 775, 812, 850, 872, 885, 973, 974, 979, 981, 1010, 1062, 1063, 1124, 1264, 1301, 1320, 1358, 1377, 1391, 1468, 1553, 1555, 1597, 1603, 1683, 1685, 1761, 1835, 1846, 1853, 1906, 1907, 1939, 1952, 2021, 2056, 2066, 2071, 2124, 2125, 2133, 2135, 2139, 2152, 2239, 2301, 2350, 2408, 2579, 2597, 2643, 2689, 2698, 2704, 2714, 2734, 2738, 2751, 2754, 2897, 2961, 2965]
    },
    "4": {
        "n_train": 37884,
        "n_features_in": 2968,
        "n_features": 102,
        "n_classes": 75,
        "scale": false,
        "normalize": false,
        "train_accuracy": 0.8622373561397951,
        "train_f1_micro": 0.8622373561397952,
        "train_f1_macro": 0.808179488103549,
        "train_f1_weighted": 0.8609989901904113,
        "train_ROC": 0.9977952037841185,
        "n_test": 37885,
        "test_accuracy": 0.8117196779728124,
        "test_f1_micro": 0.8117196779728124,
        "test_f1_macro": 0.6712248054654412,
        "test_f1_weighted": 0.8095309209664218,
        "test_ROC": 0.9937037932165269,
        "solution": [37, 46, 49, 164, 166, 167, 170, 182, 231, 234, 317, 320, 334, 371, 372, 412, 418, 682, 775, 780, 812, 850, 872, 885, 913, 966, 973, 974, 979, 981, 1010, 1058, 1062, 1063, 1065, 1081, 1124, 1223, 1253, 1264, 1301, 1320, 1358, 1377, 1391, 1393, 1449, 1468, 1540, 1553, 1555, 1597, 1603, 1624, 1660, 1683, 1685, 1761, 1835, 1846, 1852, 1853, 1906, 1907, 1939, 1952, 2021, 2056, 2066, 2071, 2124, 2125, 2133, 2135, 2139, 2152, 2230, 2239, 2301, 2350, 2408, 2425, 2463, 2471, 2579, 2583, 2597, 2643, 2689, 2698, 2704, 2714, 2734, 2738, 2751, 2754, 2768, 2804, 2897, 2961, 2965, 2966]
    },
    "5": {
        "n_train": 37884,
        "n_features_in": 2968,
        "n_features": 121,
        "n_classes": 75,
        "scale": false,
        "normalize": false,
        "train_accuracy": 0.8858357090064407,
        "train_f1_micro": 0.8858357090064407,
        "train_f1_macro": 0.8479855513553736,
        "train_f1_weighted": 0.8850286351977965,
        "train_ROC": 0.9985005041142595,
        "n_test": 37885,
        "test_accuracy": 0.8244687871189125,
        "test_f1_micro": 0.8244687871189125,
        "test_f1_macro": 0.6891588937684526,
        "test_f1_weighted": 0.8228029733196348,
        "test_ROC": 0.9944253013208153,
        "solution": [37, 46, 49, 164, 166, 167, 170, 182, 231, 234, 243, 294, 317, 320, 334, 344, 371, 372, 404, 412, 418, 514, 516, 548, 682, 775, 780, 812, 849, 850, 872, 885, 913, 960, 966, 973, 974, 979, 981, 1010, 1058, 1062, 1063, 1065, 1079, 1081, 1124, 1151, 1197, 1223, 1253, 1264, 1301, 1320, 1358, 1377, 1391, 1393, 1449, 1468, 1540, 1553, 1555, 1597, 1603, 1624, 1660, 1683, 1685, 1743, 1761, 1826, 1835, 1846, 1852, 1853, 1906, 1907, 1939, 1952, 1965, 2021, 2056, 2066, 2071, 2124, 2125, 2133, 2135, 2139, 2152, 2230, 2239, 2301, 2302, 2350, 2408, 2423, 2425, 2463, 2471, 2579, 2583, 2597, 2643, 2678, 2689, 2698, 2704, 2714, 2734, 2738, 2751, 2754, 2768, 2804, 2818, 2897, 2961, 2965, 2966]
    },
    "6": {
        "n_train": 37884,
        "n_features_in": 2968,
        "n_features": 145,
        "n_classes": 75,
        "scale": false,
        "normalize": false,
        "train_accuracy": 0.907533523387182,
        "train_f1_micro": 0.907533523387182,
        "train_f1_macro": 0.8862618664701699,
        "train_f1_weighted": 0.9070400200722077,
        "train_ROC": 0.9990042866605383,
        "n_test": 37885,
        "test_accuracy": 0.8355021776428666,
        "test_f1_micro": 0.8355021776428666,
        "test_f1_macro": 0.7040386594024509,
        "test_f1_weighted": 0.8338878562416736,
        "test_ROC": 0.9950484307876472,
        "solution": [37, 46, 49, 56, 83, 164, 166, 167, 169, 170, 182, 231, 234, 243, 294, 303, 317, 318, 320, 334, 344, 371, 372, 404, 412, 418, 487, 514, 516, 548, 662, 682, 775, 780, 792, 812, 849, 850, 872, 885, 913, 960, 965, 966, 973, 974, 979, 981, 1010, 1058, 1062, 1063, 1065, 1079, 1081, 1124, 1148, 1151, 1189, 1197, 1223, 1253, 1264, 1301, 1320, 1327, 1358, 1377, 1391, 1393, 1415, 1449, 1468, 1540, 1553, 1555, 1597, 1603, 1624, 1660, 1683, 1685, 1743, 1761, 1826, 1835, 1842, 1843, 1846, 1852, 1853, 1863, 1906, 1907, 1909, 1939, 1952, 1965, 2021, 2056, 2066, 2071, 2124, 2125, 2133, 2135, 2139, 2152, 2230, 2239, 2301, 2302, 2350, 2408, 2410, 2423, 2425, 2463, 2466, 2471, 2525, 2536, 2579, 2583, 2597, 2643, 2678, 2689, 2698, 2704, 2714, 2734, 2738, 2751, 2754, 2768, 2804, 2818, 2897, 2925, 2950, 2961, 2964, 2965, 2966]
    },
    "7": {
        "n_train": 37884,
        "n_features_in": 2968,
        "n_features": 180,
        "n_classes": 75,
        "scale": false,
        "normalize": false,
        "train_accuracy": 0.927304402914159,
        "train_f1_micro": 0.927304402914159,
        "train_f1_macro": 0.9185675049325365,
        "train_f1_weighted": 0.9270153437706795,
        "train_ROC": 0.9993764497339945,
        "n_test": 37885,
        "test_accuracy": 0.8382473274383001,
        "test_f1_micro": 0.8382473274383001,
        "test_f1_macro": 0.6987319734701483,
        "test_f1_weighted": 0.8369319517023376,
        "test_ROC": 0.9950325019953943,