{
    "1": {
        "n_train": 37884,
        "n_features_in": 2968,
        "n_features": 22,
        "n_classes": 75,
        "scale": false,
        "normalize": false,
        "train_accuracy": 0.42487593707105903,
        "train_f1_micro": 0.42487593707105903,
        "train_f1_macro": 0.25590297939629847,
        "train_f1_weighted": 0.4008786700626768,
        "train_ROC": 0.9499026268021368,
        "n_test": 37885,
        "test_accuracy": 0.418292200079187,
        "test_f1_micro": 0.418292200079187,
        "test_f1_macro": 0.24013961611458906,
        "test_f1_weighted": 0.3940071196910933,
        "test_ROC": 0.9435713648668049,
        "solution": [46, 925, 2301, 1835, 1416, 448, 334, 166, 974, 1651, 2965, 1863, 551, 993, 2041, 170, 2643, 229, 243, 1343, 176, 1424]
    },
    "2": {
        "n_train": 37884,
        "n_features_in": 2968,
        "n_features": 36,
        "n_classes": 75,
        "scale": false,
        "normalize": false,
        "train_accuracy": 0.5096346742688206,
        "train_f1_micro": 0.5096346742688206,
        "train_f1_macro": 0.3578296909469304,
        "train_f1_weighted": 0.48937393359690357,
        "train_ROC": 0.9656519517822735,
        "n_test": 37885,
        "test_accuracy": 0.49584268180018476,
        "test_f1_micro": 0.49584268180018476,
        "test_f1_macro": 0.320961798011605,
        "test_f1_weighted": 0.4753115136160444,
        "test_ROC": 0.9587765744189056,
        "solution": [2139, 376, 334, 966, 1377, 925, 380, 2014, 2270, 1852, 1661, 2965, 1618, 46, 599, 2448, 974, 1062, 104, 166, 915, 980, 1810, 1019, 206, 927, 1124, 2327, 1194, 2628, 2206, 2786, 1731, 2430, 1065, 2689]
    },
    "3": {
        "n_train": 37884,
        "n_features_in": 2968,
        "n_features": 49,
        "n_classes": 75,
        "scale": false,
        "normalize": false,
        "train_accuracy": 0.6428307464892831,
        "train_f1_micro": 0.6428307464892831,
        "train_f1_macro": 0.4984499843425704,
        "train_f1_weighted": 0.6316448075918845,
        "train_ROC": 0.9855471132301907,
        "n_test": 37885,
        "test_accuracy": 0.6214332849412696,
        "test_f1_micro": 0.6214332849412696,
        "test_f1_macro": 0.43696331207574163,
        "test_f1_weighted": 0.6091107965412086,
        "test_ROC": 0.9797573047442666,
        "solution": [775, 2301, 1288, 2643, 37, 1416, 88, 599, 2139, 212, 2041, 1852, 41, 925, 393, 2897, 973, 170, 1846, 2964, 86, 1633, 1065, 1731, 881, 2327, 1042, 167, 849, 418, 169, 822, 2794, 1402, 182, 2544, 979, 1286, 51, 1835, 1242, 2021, 1062, 1683, 924, 174, 928, 981, 2392]
    },
    "4": {
        "n_train": 37884,
        "n_features_in": 2968,
        "n_features": 62,
        "n_classes": 75,
        "scale": false,
        "normalize": false,
        "train_accuracy": 0.6752190898532362,
        "train_f1_micro": 0.6752190898532362,
        "train_f1_macro": 0.5375354943287077,
        "train_f1_weighted": 0.6665216890655831,
        "train_ROC": 0.9881132297011681,
        "n_test": 37885,
        "test_accuracy": 0.6488847828956051,
        "test_f1_micro": 0.6488847828956051,
        "test_f1_macro": 0.45902798347646534,
        "test_f1_weighted": 0.6389106370968802,
        "test_ROC": 0.9814341435871684,
        "solution": [1416, 380, 2300, 46, 973, 1835, 2041, 698, 966, 182, 1952, 376, 2786, 86, 2139, 294, 412, 599, 154, 775, 1391, 979, 1290, 2021, 942, 843, 849, 334, 2897, 1358, 1731, 1301, 1743, 448, 2227, 37, 2704, 1641, 2806, 1543, 1099, 928, 525, 301, 681, 1019, 116, 2392, 993, 1810, 802, 705, 969, 1953, 2643, 1516, 924, 753, 2043, 2430, 60, 2270]
    },
    "5": {
        "n_train": 37884,
        "n_features_in": 2968,
        "n_features": 75,
        "n_classes": 75,
        "scale": false,
        "normalize": false,
        "train_accuracy": 0.7174268820610284,
        "train_f1_micro": 0.7174268820610283,
        "train_f1_macro": 0.6100589452795372,
        "train_f1_weighted": 0.711736519430089,
        "train_ROC": 0.991750286021576,
        "n_test": 37885,
        "test_accuracy": 0.6806915665830804,
        "test_f1_micro": 0.6806915665830804,
        "test_f1_macro": 0.5118387186016597,
        "test_f1_weighted": 0.6739161037685311,
        "test_ROC": 0.9860381345449213,
        "solution": [2301, 334, 1377, 966, 41, 1301, 2041, 2139, 1672, 1416, 46, 169, 294, 224, 753, 2646, 599, 1835, 170, 376, 974, 791, 2786, 2438, 86, 979, 780, 1286, 775, 243, 925, 2014, 1019, 393, 182, 969, 1796, 456, 1358, 1391, 1823, 782, 116, 1288, 2425, 2965, 2264, 37, 1922, 800, 2410, 843, 1952, 2206, 927, 1424, 2903, 1465, 1222, 1894, 1024, 755, 1630, 1042, 154, 2689, 1, 2873, 2929, 1683, 415, 1918, 885, 1942, 2023]
    },
    "6": {
        "n_train": 37884,
        "n_features_in": 2968,
        "n_features": 91,
        "n_classes": 75,
        "scale": false,
        "normalize": false,
        "train_accuracy": 0.7314697497624327,
        "train_f1_micro": 0.7314697497624327,
        "train_f1_macro": 0.6360204695057994,
        "train_f1_weighted": 0.7263303096722697,
        "train_ROC": 0.9924158823212116,
        "n_test": 37885,
        "test_accuracy": 0.6863930315428269,
        "test_f1_micro": 0.6863930315428269,
        "test_f1_macro": 0.5164782316963658,
        "test_f1_weighted": 0.6798268134576987,
        "test_ROC": 0.9859126716212699,
        "solution": [380, 334, 1416, 376, 1377, 973, 1358, 2301, 966, 2139, 2041, 791, 599, 1835, 169, 1952, 46, 1672, 41, 37, 775, 925, 294, 993, 224, 2014, 2628, 170, 2270, 2897, 2950, 182, 212, 2754, 243, 1065, 2787, 2430, 51, 267, 802, 1027, 723, 2548, 1019, 1731, 2327, 1661, 1101, 2806, 698, 1288, 780, 1424, 843, 1024, 2786, 418, 209, 2299, 1419, 2227, 1062, 2666, 60, 915, 367, 2903, 1032, 2177, 772, 1551, 1343, 1391, 1052, 405, 1998, 2625, 2174, 2872, 2169, 2551, 2450, 2704, 344, 2902, 1922, 2463, 619, 1481, 1826]
    },
    "7": {
        "n_train": 37884,
        "n_features_in": 2968,
        "n_features": 104,
        "n_classes": 75,
        "scale": false,
        "normalize": false,
        "train_accuracy": 0.7794055537957977,
        "train_f1_micro": 0.7794055537957977,
        "train_f1_macro": 0.6960298414247138,
        "train_f1_weighted": 0.7759332830635,
        "train_ROC": 0.994873763342703,
        "n_test": 37885,
        "test_accuracy": 0.7247987330077867,
        "test_f1_micro": 0.7247987330077867,
        "test_f1_macro": 0.558364595617647,
        "test_f1_weighted": 0.7196962416104347,
        "test_ROC": 0.9887355006971978,
        "solution": [775, 2301, 973, 334, 380, 208, 925, 376, 2299, 182, 1672, 1826, 46, 1416, 393, 169, 2014, 979, 2174, 1846, 2139, 928, 294, 2786, 37, 843, 1027, 1408, 2041, 1424, 1286, 2964, 462, 166, 1918, 2466, 267, 1065, 2754, 2658, 1835, 243, 1952, 580, 1845, 1229, 1391, 1543, 170, 682, 1852, 448, 1642, 698, 2784, 2438, 2689, 1400, 51, 1731, 86, 1358, 2270, 2704, 2026, 2124, 231, 1073, 1402, 1062, 2121, 1242, 2717, 1663, 2576, 2897, 974, 2632, 969, 412, 282, 212, 1922, 422, 2430, 1688, 1224, 2765, 1197, 681, 2548, 174, 782, 154, 2950, 1046, 88, 2403, 41, 822, 1253, 2450, 2549, 924]
    },
    "8": {
        "n_train": 37884,
        "n_features_in": 2968,
        "n_features": 121,
        "n_classes": 75,
        "scale": false,
        "normalize": false,
        "train_accuracy": 0.7890930208003378,
        "train_f1_micro": 0.7890930208003378,
        "train_f1_macro": 0.7322373523095578,
        "train_f1_weighted": 0.7864393066640958,
        "train_ROC": 0.9954722810212947,
        "n_test": 37885,
        "test_accuracy": 0.7243500065989178,
        "test_f1_micro": 0.7243500065989178,
        "test_f1_macro": 0.5613047216318459,
        "test_f1_weighted": 0.720359177674235,
        "test_ROC": 0.9888506829380539,