{
    "1": {
        "n_train": 37884,
        "n_features_in": 2968,
        "n_features": 30,
        "n_classes": 75,
        "scale": false,
        "normalize": false,
        "train_accuracy": 0.586527293844367,
        "train_f1_micro": 0.586527293844367,
        "train_f1_macro": 0.39807040512479885,
        "train_f1_weighted": 0.5554957595023051,
        "train_ROC": 0.9805129919235351,
        "n_test": 37885,
        "test_accuracy": 0.5776428665698825,
        "test_f1_micro": 0.5776428665698825,
        "test_f1_macro": 0.37240060900795535,
        "test_f1_weighted": 0.5445500227285084,
        "test_ROC": 0.9766298669165309,
        "solution": [194, 371, 412, 662, 682, 775, 969, 979, 1063, 1449, 1540, 1555, 1597, 1600, 1603, 1685, 1689, 1853, 1906, 1939, 2056, 2066, 2125, 2408, 2550, 2734, 2738, 2751, 2866, 2961]
    },
    "2": {
        "n_train": 37884,
        "n_features_in": 2968,
        "n_features": 54,
        "n_classes": 75,
        "scale": false,
        "normalize": false,
        "train_accuracy": 0.6689103579347482,
        "train_f1_micro": 0.6689103579347482,
        "train_f1_macro": 0.5268677630459121,
        "train_f1_weighted": 0.6550495736228829,
        "train_ROC": 0.9879897860284195,
        "n_test": 37885,
        "test_accuracy": 0.64679952487792,
        "test_f1_micro": 0.64679952487792,
        "test_f1_macro": 0.4691055471019875,
        "test_f1_weighted": 0.6304386477779743,
        "test_ROC": 0.9837063015885623,
        "solution": [49, 194, 234, 314, 371, 404, 412, 662, 682, 775, 850, 967, 969, 979, 981, 1063, 1177, 1391, 1449, 1537, 1540, 1555, 1597, 1600, 1603, 1685, 1689, 1761, 1853, 1906, 1907, 1939, 2031, 2056, 2066, 2124, 2125, 2239, 2350, 2408, 2423, 2471, 2550, 2640, 2734, 2738, 2751, 2768, 2792, 2804, 2866, 2896, 2897, 2961]
    },
    "3": {
        "n_train": 37884,
        "n_features_in": 2968,
        "n_features": 77,
        "n_classes": 75,
        "scale": false,
        "normalize": false,
        "train_accuracy": 0.7134938232499208,
        "train_f1_micro": 0.7134938232499208,
        "train_f1_macro": 0.6030188396854002,
        "train_f1_weighted": 0.7044495754857505,
        "train_ROC": 0.9911776926538122,
        "n_test": 37885,
        "test_accuracy": 0.684281377854032,
        "test_f1_micro": 0.684281377854032,
        "test_f1_macro": 0.5249010203465541,
        "test_f1_weighted": 0.6729608054989845,
        "test_ROC": 0.9863564294349455,
        "solution": [33, 35, 49, 168, 194, 234, 314, 371, 404, 412, 592, 662, 682, 775, 792, 850, 872, 967, 969, 979, 980, 981, 982, 985, 1063, 1164, 1177, 1256, 1264, 1377, 1391, 1430, 1449, 1537, 1540, 1553, 1555, 1597, 1600, 1603, 1685, 1689, 1690, 1761, 1846, 1853, 1906, 1907, 1939, 2031, 2056, 2066, 2124, 2125, 2230, 2239, 2350, 2408, 2413, 2423, 2471, 2507, 2550, 2640, 2714, 2734, 2738, 2751, 2768, 2781, 2792, 2804, 2866, 2896, 2897, 2960, 2961]
    },
    "4": {
        "n_train": 37884,
        "n_features_in": 2968,
        "n_features": 102,
        "n_classes": 75,
        "scale": false,
        "normalize": false,
        "train_accuracy": 0.7614560236511456,
        "train_f1_micro": 0.7614560236511456,
        "train_f1_macro": 0.6739615454916532,
        "train_f1_weighted": 0.7559483791635434,
        "train_ROC": 0.993776889363811,
        "n_test": 37885,
        "test_accuracy": 0.7179094628480929,
        "test_f1_micro": 0.717909462848093,
        "test_f1_macro": 0.5630333553904553,
        "test_f1_weighted": 0.7104579200381014,
        "test_ROC": 0.9888639105732807,
        "solution": [33, 34, 35, 49, 168, 169, 170, 185, 194, 234, 314, 371, 404, 412, 562, 592, 662, 682, 683, 775, 792, 850, 872, 966, 967, 969, 979, 980, 981, 982, 985, 992, 1063, 1159, 1164, 1172, 1177, 1256, 1264, 1377, 1391, 1393, 1415, 1430, 1449, 1468, 1537, 1540, 1553, 1555, 1595, 1597, 1600, 1602, 1603, 1630, 1685, 1689, 1690, 1761, 1842, 1846, 1853, 1906, 1907, 1939, 2031, 2056, 2066, 2124, 2125, 2138, 2207, 2230, 2239, 2350, 2368, 2408, 2410, 2413, 2423, 2471, 2482, 2507, 2518, 2550, 2579, 2640, 2714, 2734, 2738, 2751, 2757, 2768, 2781, 2792, 2804, 2866, 2896, 2897, 2960, 2961]
    },
    "5": {
        "n_train": 37884,
        "n_features_in": 2968,
        "n_features": 121,
        "n_classes": 75,
        "scale": false,
        "normalize": false,
        "train_accuracy": 0.7987276950691585,
        "train_f1_micro": 0.7987276950691585,
        "train_f1_macro": 0.7361711710346894,
        "train_f1_weighted": 0.7952720948312278,
        "train_ROC": 0.9956263463549474,
        "n_test": 37885,
        "test_accuracy": 0.7466015573445954,
        "test_f1_micro": 0.7466015573445954,
        "test_f1_macro": 0.6010518016218057,
        "test_f1_weighted": 0.741416651214995,
        "test_ROC": 0.9906092154970693,
        "solution": [18, 33, 34, 35, 49, 163, 168, 169, 170, 185, 194, 234, 314, 371, 372, 404, 412, 494, 514, 552, 562, 592, 662, 682, 683, 775, 792, 850, 859, 872, 913, 966, 967, 969, 973, 979, 980, 981, 982, 985, 992, 993, 1029, 1063, 1159, 1164, 1172, 1177, 1197, 1256, 1264, 1301, 1377, 1391, 1393, 1415, 1430, 1432, 1449, 1468, 1487, 1537, 1540, 1553, 1555, 1595, 1597, 1600, 1602, 1603, 1630, 1685, 1689, 1690, 1761, 1821, 1842, 1846, 1850, 1853, 1906, 1907, 1939, 2031, 2056, 2066, 2124, 2125, 2138, 2207, 2230, 2239, 2350, 2368, 2408, 2410, 2413, 2423, 2425, 2471, 2482, 2507, 2518, 2550, 2579, 2640, 2714, 2734, 2737, 2738, 2751, 2757, 2768, 2781, 2792, 2804, 2866, 2896, 2897, 2960, 2961]
    },
    "6": {
        "n_train": 37884,
        "n_features_in": 2968,
        "n_features": 145,
        "n_classes": 75,
        "scale": false,
        "normalize": false,
        "train_accuracy": 0.8212701932214127,
        "train_f1_micro": 0.8212701932214127,
        "train_f1_macro": 0.7743771734617811,
        "train_f1_weighted": 0.8187279032947162,
        "train_ROC": 0.9966293764508193,
        "n_test": 37885,
        "test_accuracy": 0.7579780915929788,
        "test_f1_micro": 0.7579780915929788,
        "test_f1_macro": 0.6131206841130581,
        "test_f1_weighted": 0.7536000088683596,
        "test_ROC": 0.9914193293473113,
        "solution": [18, 33, 34, 35, 49, 83, 137, 163, 167, 168, 169, 170, 185, 194, 234, 314, 320, 371, 372, 404, 412, 446, 494, 514, 552, 559, 562, 592, 662, 682, 683, 686, 775, 792, 850, 859, 868, 872, 913, 966, 967, 969, 973, 979, 980, 981, 982, 983, 985, 992, 993, 1029, 1063, 1148, 1159, 1164, 1172, 1177, 1197, 1223, 1224, 1256, 1264, 1301, 1327, 1377, 1391, 1393, 1415, 1430, 1432, 1449, 1468, 1487, 1537, 1540, 1553, 1555, 1595, 1597, 1600, 1602, 1603, 1630, 1636, 1647, 1660, 1685, 1689, 1690, 1761, 1807, 1821, 1842, 1843, 1846, 1850, 1853, 1906, 1907, 1939, 2031, 2056, 2066, 2068, 2124, 2125, 2138, 2207, 2230, 2239, 2288, 2350, 2368, 2408, 2410, 2413, 2423, 2425, 2471, 2482, 2497, 2507, 2518, 2550, 2577, 2579, 2583, 2594, 2640, 2714, 2734, 2737, 2738, 2751, 2757, 2768, 2781, 2792, 2804, 2866, 2896, 2897, 2960, 2961]
    },
    "7": {
        "n_train": 37884,
        "n_features_in": 2968,
        "n_features": 180,
        "n_classes": 75,
        "scale": false,
        "normalize": false,
        "train_accuracy": 0.8621053743004963,
        "train_f1_micro": 0.8621053743004963,
        "train_f1_macro": 0.8397032720480074,
        "train_f1_weighted": 0.8607914887787467,
        "train_ROC": 0.9979386258453127,
        "n_test": 37885,
        "test_accuracy": 0.783423518542959,
        "test_f1_micro": 0.783423518542959,
        "test_f1_macro": 0.6347712964684478,
        "test_f1_weighted": 0.7807799733937566,
        "test_ROC": 0.9925801562694518,