{
    "1": {
        "n_features": 56,
        "phenotypes": 75,
        "n_features_in": 2968,
        "JS": 0.22380454974031422,
        "entropy": 0.22690771787642242,
        "pearson": 0.8695010213055847,
        "deconvolution": [0.0013945676759096375, 0.02520497360825274, 0.003437578626844826, 0.007918532723201149, 0.05177509707184964, 0.003937691519522817, 0.006227156759715222, 0.006711058922262008, 0.0058122557858464, 0.004120801442802848, 0.00637303236518581, 0.006143285691570302, 0.007149350585568566, 0.011750824557621815, 0.008564994945267775, 0.0011098575556590684, 0.0016529600358043822, 0.008159818249112612, 0.05511000612291348, 0.0696166977202037, 0.008779463916349744, 0.008613057597513666, 0.018247314937781985, 0.04754292022880246, 0.007390780369948596, 0.006736450710671283, 0.0018206244072558767, 0.006498388151027778, 0.006951500256139402, 0.0, 0.015322590093012723, 0.032353133004237956, 0.015367048606384558, 0.02226995021967322, 0.005724861503538488, 0.01126815986325414, 0.015383048490805662, 0.005675832360295837, 0.005585468021866071, 0.0, 0.01162971658665002, 0.02829049314716723, 0.0, 0.006228045317503163, 0.013754331320111668, 0.009586319367561434, 0.0031136189445838706, 0.010352229160370055, 0.009881010294521108, 0.020536886639372535, 0.014773530574561829, 0.05734525396882845, 0.0, 0.003163222766007446, 0.006575207536941623, 0.009225210209540972, 0.0, 0.04497236041208603, 0.016127273311865933, 0.010854933832757133, 0.014025922022987115, 0.0, 0.01656417623497072, 0.005410878534575374, 0.014331343351616399, 0.0011555003759935144, 0.0, 0.012090307682597291, 0.03244730972766439, 0.007164402541217237, 0.018950366354422276, 0.016828398205691496, 0.03633165533881905, 0.014588961535340348, 0.0],
        "solution": [34, 164, 185, 192, 194, 209, 231, 320, 370, 404, 473, 509, 562, 592, 662, 686, 717, 775, 792, 812, 820, 850, 965, 966, 967, 985, 1231, 1415, 1449, 1540, 1603, 1631, 1645, 1683, 1685, 1843, 1853, 1935, 2066, 2070, 2071, 2174, 2207, 2230, 2408, 2423, 2471, 2579, 2594, 2714, 2734, 2738, 2751, 2804, 2866, 2961]
    },
    "2": {
        "n_features": 90,
        "phenotypes": 75,
        "n_features_in": 2968,
        "JS": 0.20548096588669607,
        "entropy": 0.16110902863829293,
        "pearson": 0.9325028201598746,
        "deconvolution": [0.007738994358306039, 0.013361986672337397, 0.0, 0.001185013944765296, 0.0462086044125359, 0.012347207103548441, 0.014153347187362926, 0.014798676189153573, 0.0012701841359882404, 0.0, 0.000945392441880541, 0.009844942747531999, 0.00029762349409241206, 0.00939506639390794, 0.0, 0.009187401630602773, 0.0, 0.009967174667018837, 0.05315488410371942, 0.047871644250010316, 0.0, 0.009533168063838695, 0.02347943943692682, 0.06376946278278618, 0.014923537952374874, 0.0, 0.008127526098797765, 0.005036819180102159, 0.006503878214321635, 0.0006076150515793555, 0.016902393989682254, 0.05374210513916209, 0.022630385068171652, 0.00872917304055224, 0.0, 0.01886275486861298, 0.0, 0.0028248671706870517, 0.004332298856028668, 0.005266542538579666, 0.012223317241977295, 0.018604677986197294, 0.0, 0.024035047692254098, 0.00941693407301226, 0.015822734609477702, 0.003381309235713252, 0.009637550317984876, 0.016512838740251633, 0.016286069267778727, 0.01538468073897014, 0.05621884360124973, 0.012179315206733966, 0.002159019719990487, 0.0, 0.0, 0.01727082001675924, 0.0433367518496888, 0.007447683903634206, 0.0, 0.028561535410928065, 0.001311281707517957, 0.028501416425026963, 0.016686994564237334, 0.016715429309224712, 0.0057282227249332174, 0.0016248056984067539, 0.003108493113856384, 0.014395320108987466, 0.0, 0.011115479002349344, 0.014713439958961084, 0.04294224276608349, 0.017677633822847347, 0.0],
        "solution": [33, 34, 58, 164, 185, 192, 194, 208, 209, 231, 320, 370, 371, 372, 380, 404, 446, 472, 473, 494, 509, 552, 562, 592, 662, 682, 686, 717, 741, 775, 792, 812, 820, 840, 850, 965, 966, 967, 985, 1063, 1159, 1231, 1327, 1393, 1415, 1449, 1537, 1540, 1597, 1603, 1631, 1645, 1683, 1685, 1843, 1845, 1853, 1907, 1935, 2066, 2070, 2071, 2152, 2174, 2207, 2230, 2236, 2408, 2423, 2467, 2471, 2530, 2576, 2577, 2579, 2594, 2638, 2714, 2716, 2734, 2738, 2751, 2757, 2781, 2792, 2804, 2866, 2896, 2960, 2961]
    },
    "3": {
        "n_features": 127,
        "phenotypes": 75,
        "n_features_in": 2968,
        "JS": 0.22931005687977923,
        "entropy": 0.21694269225309049,
        "pearson": 0.88955902057605,
        "deconvolution": [0.010545586326240558, 0.02362880933647242, 0.005894075728737276, 0.0014140317872634123, 0.05333329634164529, 0.013178482538176182, 0.0, 0.024656993963432336, 0.0, 0.0, 0.016160003998691063, 0.0, 0.0033793084371303017, 0.008646049013023158, 0.0, 0.004583617922767405, 0.0, 0.010124711933642684, 0.05031537027493394, 0.04098172084965603, 0.0, 0.002451327401697658, 0.020230796840748817, 0.0573395787517797, 0.014049924954514598, 0.017955071051016944, 0.0, 0.01618801345463194, 0.0038549596047426785, 0.0007364422191061443, 0.027829061319491585, 0.03742845865555769, 0.02045694746445523, 0.026555951546780338, 0.013097240089650573, 0.005096700119518027, 0.014976947442537199, 0.004848708481661093, 0.008151915516728296, 0.002198579832531516, 0.014685755447016521, 0.021295606593410295, 0.0, 0.004313974648355918, 0.012819346305523218, 0.018133302480302618, 0.0014142629867282728, 0.010009205791006484, 0.01262198220782338, 0.011319858788862672, 0.014739837540789568, 0.053693586767604495, 0.01862678649242543, 0.002088277171995148, 0.0, 0.0, 0.010516705673154138, 0.04043321234851326, 0.018823587774744723, 0.0, 0.0017117583139550463, 0.0, 0.03492802809097715, 0.020787587999946292, 0.01207880461833811, 0.005157651797617533, 0.0, 0.00807865601214319, 0.0089299419823217, 0.0, 0.009290034810084398, 0.008086827899923824, 0.04247955202843685, 0.020224582847795162, 0.00242260138124248],
        "solution": [33, 34, 35, 51, 58, 142, 164, 185, 192, 194, 208, 209, 231, 313, 314, 320, 358, 370, 371, 372, 379, 380, 404, 446, 472, 473, 494, 509, 514, 552, 562, 592, 662, 682, 686, 717, 741, 775, 791, 792, 812, 820, 840, 843, 850, 913, 965, 966, 967, 984, 985, 1063, 1151, 1159, 1223, 1231, 1264, 1320, 1327, 1391, 1393, 1400, 1415, 1424, 1449, 1537, 1540, 1597, 1603, 1631, 1645, 1647, 1660, 1683, 1685, 1689, 1729, 1743, 1840, 1843, 1845, 1852, 1853, 1907, 1935, 1939, 1954, 2066, 2070, 2071, 2124, 2152, 2174, 2207, 2230, 2236, 2239, 2408, 2423, 2467, 2471, 2497, 2507, 2530, 2576, 2577, 2579, 2594, 2638, 2656, 2666, 2714, 2716, 2734, 2738, 2751, 2757, 2768, 2781, 2792, 2804, 2866, 2896, 2908, 2927, 2960, 2961]
    },
    "4": {
        "n_features": 165,
        "phenotypes": 75,
        "n_features_in": 2968,
        "JS": 0.1851396060070484,
        "entropy": 0.13195576670541845,
        "pearson": 0.9396439088928797,