{
    "1": {
        "n_train": 37884,
        "n_features_in": 2968,
        "n_features": 56,
        "n_classes": 75,
        "scale": false,
        "normalize": false,
        "train_accuracy": 0.6153521275472495,
        "train_f1_micro": 0.6153521275472495,
        "train_f1_macro": 0.4665164342213777,
        "train_f1_weighted": 0.6008130101252677,
        "train_ROC": 0.9843027549252134,
        "n_test": 37885,
        "test_accuracy": 0.5928203774580969,
        "test_f1_micro": 0.5928203774580969,
        "test_f1_macro": 0.42649771337608006,
        "test_f1_weighted": 0.5776156335610462,
        "test_ROC": 0.9795681291777557,
        "solution": [34, 164, 185, 192, 194, 209, 231, 320, 370, 404, 473, 509, 562, 592, 662, 686, 717, 775, 792, 812, 820, 850, 965, 966, 967, 985, 1231, 1415, 1449, 1540, 1603, 1631, 1645, 1683, 1685, 1843, 1853, 1935, 2066, 2070, 2071, 2174, 2207, 2230, 2408, 2423, 2471, 2579, 2594, 2714, 2734, 2738, 2751, 2804, 2866, 2961]
    },
    "2": {
        "n_train": 37884,
        "n_features_in": 2968,
        "n_features": 90,
        "n_classes": 75,
        "scale": false,
        "normalize": false,
        "train_accuracy": 0.6897106958082568,
        "train_f1_micro": 0.6897106958082568,
        "train_f1_macro": 0.5706107892230322,
        "train_f1_weighted": 0.6810169922069891,
        "train_ROC": 0.9904230729360548,
        "n_test": 37885,
        "test_accuracy": 0.6533984426554045,
        "test_f1_micro": 0.6533984426554045,
        "test_f1_macro": 0.4903572685138702,
        "test_f1_weighted": 0.6436088767564506,
        "test_ROC": 0.984697658749516,
        "solution": [33, 34, 58, 164, 185, 192, 194, 208, 209, 231, 320, 370, 371, 372, 380, 404, 446, 472, 473, 494, 509, 552, 562, 592, 662, 682, 686, 717, 741, 775, 792, 812, 820, 840, 850, 965, 966, 967, 985, 1063, 1159, 1231, 1327, 1393, 1415, 1449, 1537, 1540, 1597, 1603, 1631, 1645, 1683, 1685, 1843, 1845, 1853, 1907, 1935, 2066, 2070, 2071, 2152, 2174, 2207, 2230, 2236, 2408, 2423, 2467, 2471, 2530, 2576, 2577, 2579, 2594, 2638, 2714, 2716, 2734, 2738, 2751, 2757, 2781, 2792, 2804, 2866, 2896, 2960, 2961]
    },
    "3": {
        "n_train": 37884,
        "n_features_in": 2968,
        "n_features": 127,
        "n_classes": 75,
        "scale": false,
        "normalize": false,
        "train_accuracy": 0.7633037694013304,
        "train_f1_micro": 0.7633037694013304,
        "train_f1_macro": 0.6779034432199726,
        "train_f1_weighted": 0.7591001636759507,
        "train_ROC": 0.9943712432377386,
        "n_test": 37885,
        "test_accuracy": 0.7120496238616867,
        "test_f1_micro": 0.7120496238616867,
        "test_f1_macro": 0.5564718326586381,
        "test_f1_weighted": 0.7063551722978276,
        "test_ROC": 0.9887183674613533,
        "solution": [33, 34, 35, 51, 58, 142, 164, 185, 192, 194, 208, 209, 231, 313, 314, 320, 358, 370, 371, 372, 379, 380, 404, 446, 472, 473, 494, 509, 514, 552, 562, 592, 662, 682, 686, 717, 741, 775, 791, 792, 812, 820, 840, 843, 850, 913, 965, 966, 967, 984, 985, 1063, 1151, 1159, 1223, 1231, 1264, 1320, 1327, 1391, 1393, 1400, 1415, 1424, 1449, 1537, 1540, 1597, 1603, 1631, 1645, 1647, 1660, 1683, 1685, 1689, 1729, 1743, 1840, 1843, 1845, 1852, 1853, 1907, 1935, 1939, 1954, 2066, 2070, 2071, 2124, 2152, 2174, 2207, 2230, 2236, 2239, 2408, 2423, 2467, 2471, 2497, 2507, 2530, 2576, 2577, 2579, 2594, 2638, 2656, 2666, 2714, 2716, 2734, 2738, 2751, 2757, 2768, 2781, 2792, 2804, 2866, 2896, 2908, 2927, 2960, 2961]
    },
    "4": {
        "n_train": 37884,
        "n_features_in": 2968,
        "n_features": 165,
        "n_classes": 75,
        "scale": false,
        "normalize": false,
        "train_accuracy": 0.8113715552739943,
        "train_f1_micro": 0.8113715552739942,
        "train_f1_macro": 0.7563419720212889,
        "train_f1_weighted": 0.809310371451573,
        "train_ROC": 0.9963851344951602,
        "n_test": 37885,
        "test_accuracy": 0.7410320707403986,
        "test_f1_micro": 0.7410320707403986,
        "test_f1_macro": 0.5894089057744181,
        "test_f1_weighted": 0.7370153712751683,
        "test_ROC": 0.9903429242334703,
        "solution": [33, 34, 35, 41, 51, 58, 137, 142, 164, 168, 169, 185, 192, 194, 208, 209, 218, 231, 233, 286, 313, 314, 320, 358, 370, 371, 372, 376, 378, 379, 380, 404, 446, 472, 473, 494, 509, 512, 514, 517, 552, 555, 562, 592, 662, 682, 686, 717, 741, 775, 791, 792, 812, 820, 840, 843, 850, 872, 908, 913, 965, 966, 967, 969, 979, 982, 984, 985, 1029, 1063, 1151, 1159, 1197, 1223, 1231, 1264, 1320, 1327, 1355, 1363, 1391, 1393, 1400, 1415, 1424, 1449, 1457, 1537, 1540, 1597, 1600, 1602, 1603, 1630, 1631, 1645, 1647, 1660, 1683, 1685, 1689, 1729, 1743, 1763, 1821, 1840, 1843, 1845, 1846, 1852, 1853, 1894, 1907, 1909, 1935, 1939, 1954, 2056, 2066, 2070, 2071, 2124, 2125, 2138, 2152, 2174, 2207, 2230, 2236, 2239, 2350, 2408, 2410, 2423, 2425, 2467, 2471, 2497, 2507, 2530, 2576, 2577, 2579, 2594, 2638, 2640, 2656, 2666, 2714, 2716, 2734, 2738, 2751, 2757, 2768, 2781, 2792, 2802, 2804, 2866, 2896, 2908, 2927, 2960, 2961]
    },
    "5": {
        "n_train": 37884,
        "n_features_in": 2968,
        "n_features": 188,
        "n_classes": 75,
        "scale": false,
        "normalize": false,
        "train_accuracy": 0.8323302713546616,
        "train_f1_micro": 0.8323302713546616,
        "train_f1_macro": 0.7904917186262419,
        "train_f1_weighted": 0.8307553214798721,
        "train_ROC": 0.9970853728612118,
        "n_test": 37885,
        "test_accuracy": 0.7479741322423122,
        "test_f1_micro": 0.7479741322423122,
        "test_f1_macro": 0.5933543864443149,
        "test_f1_weighted": 0.7448476308579873,
        "test_ROC": 0.9906493542963348,
        "solution": [4, 24, 33, 34, 35, 38, 41, 51, 58, 137, 142, 164, 168, 169, 185, 191, 192, 194, 208, 209, 218, 224, 231, 233, 255, 286, 313, 314, 320, 336, 358, 370, 371, 372, 376, 378, 379, 380, 404, 412, 446, 460, 472, 473, 494, 509, 512, 514, 517, 552, 555, 562, 592, 651, 662, 682, 686, 717, 741, 775, 791, 792, 812, 820, 840, 843, 850, 872, 908, 913, 965, 966, 967, 969, 979, 982, 984, 985, 1029, 1063, 1078, 1111, 1122, 1151, 1159, 1177, 1197, 1223, 1231, 1264, 1265, 1320, 1327, 1355, 1363, 1391, 1393, 1400, 1415, 1424, 1449, 1457, 1487, 1517, 1537, 1540, 1544, 1597, 1600, 1602, 1603, 1630, 1631, 1645, 1647, 1660, 1683, 1685, 1689, 1729, 1743, 1763, 1821, 1840, 1843, 1845, 1846, 1852, 1853, 1894, 1907, 1909, 1935, 1939, 1954, 2031, 2056, 2066, 2070, 2071, 2124, 2125, 2138, 2152, 2174, 2197, 2207, 2230, 2236, 2239, 2333, 2350, 2408, 2410, 2423, 2424, 2425, 2467, 2471, 2497, 2507, 2530, 2576, 2577, 2579, 2594, 2638, 2640, 2656, 2666, 2714, 2716, 2719, 2734, 2738, 2751, 2757, 2768, 2781, 2792, 2802, 2804, 2866, 2896, 2908, 2927, 2960, 2961]
    },
    "6": {
        "n_train": 37884,
        "n_features_in": 2968,
        "n_features": 219,
        "n_classes": 75,
        "scale": false,
        "normalize": false,
        "train_accuracy": 0.8627652834969908,
        "train_f1_micro": 0.8627652834969907,
        "train_f1_macro": 0.8379156343534644,
        "train_f1_weighted": 0.8617333548867963,
        "train_ROC": 0.9979458902887253,
        "n_test": 37885,
        "test_accuracy": 0.765104922792662,
        "test_f1_micro": 0.765104922792662,
        "test_f1_macro": 0.6146205236805754,
        "test_f1_weighted": 0.7628233974909001,
        "test_ROC": 0.991249929822054,