{
    "1": {
        "n_features": 7,
        "phenotypes": 7,
        "n_features_in": 16484,
        "JS": 0.21578978286174855,
        "entropy": 0.14562366172567853,
        "pearson": 0.9105389313309253,
        "deconvolution": [0.07777246142331053, 0.0, 0.08161141137792592, 0.0, 0.3547876197677417, 0.27328642598999003, 0.21254208144103195],
        "solution": [689, 1176, 1660, 3379, 3882, 4269, 4570]
    },
    "2": {
        "n_features": 14,
        "phenotypes": 7,
        "n_features_in": 16484,
        "JS": 0.03851538568667513,
        "entropy": 0.0058945431255337955,
        "pearson": 0.993845887311479,
        "deconvolution": [0.09387918727115419, 0.06282803249388359, 0.10183488473981635, 0.023283977617213618, 0.2681585292663517, 0.3076959018221993, 0.14231948678938125],
        "solution": [689, 708, 1176, 1223, 1629, 1660, 3287, 3379, 3855, 3882, 4152, 4269, 4529, 4570]
    },
    "3": {
        "n_features": 21,
        "phenotypes": 7,
        "n_features_in": 16484,
        "JS": 0.024130533651693424,
        "entropy": 0.0022922273599628173,
        "pearson": 0.9978533029650529,
        "deconvolution": [0.06781080324169354, 0.07147832913290399, 0.1043126156178981, 0.02516173853661262, 0.2746972159107019, 0.3120867460861934, 0.14445255147399644],
        "solution": [330, 689, 708, 1176, 1223, 1355, 1629, 1660, 3072, 3287, 3379, 3432, 3845, 3855, 3882, 4152, 4269, 4406, 4524, 4529, 4570]
    },
    "4": {
        "n_features": 28,
        "phenotypes": 7,
        "n_features_in": 16484,
        "JS": 0.01597298576103786,
        "entropy": 0.0010126819040101253,
        "pearson": 0.9990773806028062,
        "deconvolution": [0.0706784937553048, 0.07503298713887435, 0.10531268197475159, 0.027403569978682693, 0.2712373160635505, 0.31536093930937886, 0.13497401177945714],
        "solution": [181, 330, 689, 708, 1176, 1223, 1355, 1395, 1629, 1660, 2550, 3072, 3274, 3287, 3379, 3432, 3845, 3855, 3882, 3902, 4109, 4152, 4269, 4406, 4518, 4524, 4529, 4570]
    },
    "5": {
        "n_features": 35,
        "phenotypes": 7,
        "n_features_in": 16484,
        "JS": 0.01711681798363331,
        "entropy": 0.0011466057711512923,
        "pearson": 0.9992315087664589,
        "deconvolution": [0.0703829805413881, 0.07559562260781051, 0.10266527611879288, 0.02601121278112604, 0.27143419294348486, 0.31710221651391046, 0.1368084984934872],
        "solution": [181, 330, 689, 708, 1025, 1176, 1178, 1223, 1355, 1395, 1629, 1660, 2410, 2550, 3072, 3117, 3274, 3287, 3379, 3432, 3669, 3845, 3855, 3882, 3902, 4109, 4152, 4171, 4269, 4406, 4518, 4524, 4529, 4536, 4570]
    },
    "6": {
        "n_features": 42,
        "phenotypes": 7,
        "n_features_in": 16484,
        "JS": 0.013758500106800603,
        "entropy": 0.0007625054783100065,
        "pearson": 0.9988988371701653,
        "deconvolution": [0.07421423986709887, 0.07244319178226485, 0.10624890122322996, 0.03343384515460516, 0.26683651239438694, 0.31184892058101443, 0.13497438899739977],
        "solution": [181, 330, 689, 708, 1025, 1063, 1176, 1178, 1223, 1355, 1395, 1405, 1629, 1660, 1827, 2410, 2550, 3072, 3117, 3274, 3287, 3379, 3432, 3587, 3669, 3845, 3855, 3871, 3882, 3902, 4109, 4152, 4171, 4269, 4375, 4406, 4518, 4524, 4529, 4536, 4566, 4570]
    },
    "7": {
        "n_features": 49,
        "phenotypes": 7,
        "n_features_in": 16484,
        "JS": 0.014070179182932682,
        "entropy": 0.0008035008833719472,
        "pearson": 0.9990466053050198,
        "deconvolution": [0.07435338733569416, 0.07561082448998153, 0.10764372863592767, 0.03456644472724741, 0.2672669529807524, 0.30830743572185276, 0.13225122610854412],
        "solution": [54, 181, 330, 689, 708, 1025, 1063, 1176, 1178, 1202, 1223, 1355, 1395, 1405, 1629, 1660, 1827, 2410, 2550, 3020, 3072, 3117, 3274, 3287, 3379, 3432, 3438, 3587, 3669, 3845, 3855, 3869, 3871, 3882, 3902, 4109, 4152, 4171, 4175, 4269, 4375, 4406, 4518, 4524, 4529, 4536, 4547, 4566, 4570]
    },
    "8": {
        "n_features": 56,
        "phenotypes": 7,
        "n_features_in": 16484,
        "JS": 0.014119538920595365,
        "entropy": 0.0008091625925696294,
        "pearson": 0.9990389444823502,
        "deconvolution": [0.07442820507123146, 0.07559835800469984, 0.10768028782418301, 0.034562793625951445, 0.2671759468411617, 0.3083427284765305, 0.13221168015624196],
        "solution": [54, 134, 181, 330, 689, 708, 1025, 1063, 1176, 1178, 1202, 1223, 1355, 1395, 1405, 1629, 1660, 1827, 2033, 2410, 2479, 2550, 3020, 3072, 3117, 3272, 3274, 3287, 3379, 3432, 3438, 3587, 3669, 3845, 3855, 3865, 3869, 3871, 3882, 3902, 4109, 4152, 4171, 4175, 4269, 4279, 4375, 4406, 4518, 4524, 4529, 4536, 4538, 4547, 4566, 4570]
    },
    "9": {
        "n_features": 63,
        "phenotypes": 7,
        "n_features_in": 16484,
        "JS": 0.014049892717469337,
        "entropy": 0.0008007194735616821,
        "pearson": 0.9990732154935222,
        "deconvolution": [0.07522848712760342, 0.07552977406926031, 0.10751704731586866, 0.034486504095840635, 0.26697819377362364, 0.30805809160314596, 0.13220190201465748],
        "solution": [54, 134, 181, 330, 685, 689, 708, 1025, 1063, 1176, 1178, 1201, 1202, 1223, 1355, 1395, 1405, 1629, 1660, 1827, 2033, 2410, 2479, 2508, 2550, 3020, 3072, 3117, 3272, 3274, 3287, 3312, 3379, 3432, 3438, 3587, 3669, 3845, 3855, 3865, 3869, 3871, 3882, 3896, 3902, 4109, 4152, 4171, 4175, 4269, 4279, 4317, 4375, 4406, 4518, 4524, 4529, 4536, 4538, 4547, 4558, 4566, 4570]
    },
    "10": {
        "n_features": 70,
        "phenotypes": 7,
        "n_features_in": 16484,
        "JS": 0.015488824813231659,
        "entropy": 0.0009677104871753139,
        "pearson": 0.9988186948142437,
        "deconvolution": [0.08107842746691246, 0.07425345370256728, 0.10534164334798544, 0.03255411183807654, 0.26314027403098744, 0.30886263234818545, 0.13476945726528555],
        "solution": [53, 54, 134, 181, 330, 685, 689, 708, 1025, 1063, 1176, 1178, 1201, 1202, 1223, 1355, 1395, 1405, 1478, 1629, 1660, 1827, 2033, 2410, 2419, 2479, 2508, 2550, 3020, 3072, 3117, 3272, 3274, 3278, 3287, 3312, 3379, 3432, 3438, 3587, 3669, 3845, 3855, 3865, 3866, 3869, 3871, 3882, 3896, 3902, 4109, 4152, 4165, 4171, 4175, 4269, 4279, 4317, 4375, 4406, 4518, 4524, 4529, 4536, 4538, 4544, 4547, 4558, 4566, 4570]
    },
    "11": {
        "n_features": 77,
        "phenotypes": 7,
        "n_features_in": 16484,
        "JS": 0.014650158867715602,
        "entropy": 0.0008654955495910736,
        "pearson": 0.9991304026450221,
        "deconvolution": [0.08043455950175823, 0.07820465284470605, 0.10514353032964496, 0.03234219051045701, 0.2624860407004441, 0.30698825212548003, 0.1344007739875097],
        "solution": [53, 54, 134, 181, 330, 570, 685, 689, 708, 1025, 1063, 1176, 1178, 1201, 1202, 1223, 1297, 1355, 1395, 1405, 1478, 1629, 1660, 1827, 1894, 2033, 2410, 2419, 2479, 2508, 2550, 3020, 3072, 3117, 3272, 3274, 3278, 3287, 3301, 3312, 3379, 3432, 3438, 3587, 3669, 3801, 3845, 3855, 3865, 3866, 3869, 3871, 3882, 3896, 3902, 4109, 4152, 4165, 4171, 4175, 4269, 4279, 4290, 4317, 4375, 4406, 4518, 4524, 4529, 4536, 4538, 4544, 4547, 4558, 4562, 4566, 4570]
    },
    "12": {
        "n_features": 84,
        "phenotypes": 7,
        "n_features_in": 16484,
        "JS": 0.014010166162661847,
        "entropy": 0.00079091192679183,
        "pearson": 0.9991909458691903,
        "deconvolution": [0.07996868651625454, 0.07812038104882814, 0.10475928173203591, 0.03242856439494443, 0.2626497794316326, 0.30728146374056803, 0.13479184313573644],