{
    "1": {
        "n_train": 37884,
        "n_features_in": 2968,
        "n_features": 30,
        "n_classes": 75,
        "scale": false,
        "normalize": false,
        "train_accuracy": 0.5943670150987224,
        "train_f1_micro": 0.5943670150987224,
        "train_f1_macro": 0.39448714470313895,
        "train_f1_weighted": 0.5725525229890013,
        "train_ROC": 0.9803609044054166,
        "n_test": 37885,
        "test_accuracy": 0.5842417843473671,
        "test_f1_micro": 0.5842417843473671,
        "test_f1_macro": 0.36756026005798853,
        "test_f1_weighted": 0.5603102239339098,
        "test_ROC": 0.9772528096543684,
        "solution": [49, 194, 234, 412, 682, 775, 969, 979, 981, 1063, 1449, 1540, 1555, 1597, 1685, 1689, 1761, 1906, 1907, 1939, 2031, 2125, 2239, 2350, 2408, 2423, 2734, 2738, 2751, 2961]
    },
    "2": {
        "n_train": 37884,
        "n_features_in": 2968,
        "n_features": 54,
        "n_classes": 75,
        "scale": false,
        "normalize": false,
        "train_accuracy": 0.667352972231021,
        "train_f1_micro": 0.667352972231021,
        "train_f1_macro": 0.515107527108228,
        "train_f1_weighted": 0.6549465537655024,
        "train_ROC": 0.9882372480523242,
        "n_test": 37885,
        "test_accuracy": 0.6451629932691039,
        "test_f1_micro": 0.6451629932691039,
        "test_f1_macro": 0.45803724504939397,
        "test_f1_weighted": 0.631082081902386,
        "test_ROC": 0.9842760212157315,
        "solution": [49, 194, 234, 371, 412, 682, 775, 872, 967, 969, 979, 980, 981, 1063, 1256, 1264, 1377, 1449, 1537, 1540, 1555, 1597, 1600, 1603, 1685, 1689, 1690, 1761, 1842, 1846, 1906, 1907, 1939, 2031, 2056, 2066, 2124, 2125, 2239, 2350, 2368, 2408, 2423, 2471, 2507, 2734, 2738, 2751, 2768, 2792, 2804, 2897, 2960, 2961]
    },
    "3": {
        "n_train": 37884,
        "n_features_in": 2968,
        "n_features": 77,
        "n_classes": 75,
        "scale": false,
        "normalize": false,
        "train_accuracy": 0.7192746278112132,
        "train_f1_micro": 0.7192746278112132,
        "train_f1_macro": 0.5953339297885304,
        "train_f1_weighted": 0.7116758243721547,
        "train_ROC": 0.9914104915026324,
        "n_test": 37885,
        "test_accuracy": 0.6843341691962518,
        "test_f1_micro": 0.6843341691962518,
        "test_f1_macro": 0.5072881060623218,
        "test_f1_weighted": 0.6749812615169629,
        "test_ROC": 0.9868829119339163,
        "solution": [33, 35, 49, 56, 168, 170, 194, 234, 371, 404, 412, 592, 682, 775, 792, 872, 967, 969, 979, 980, 981, 992, 1063, 1148, 1159, 1172, 1256, 1264, 1377, 1391, 1449, 1537, 1540, 1553, 1555, 1595, 1597, 1600, 1602, 1603, 1636, 1685, 1689, 1690, 1761, 1821, 1842, 1846, 1906, 1907, 1939, 2031, 2056, 2066, 2124, 2125, 2207, 2239, 2288, 2350, 2368, 2408, 2423, 2471, 2507, 2734, 2737, 2738, 2751, 2768, 2781, 2792, 2804, 2896, 2897, 2960, 2961]
    },
    "4": {
        "n_train": 37884,
        "n_features_in": 2968,
        "n_features": 102,
        "n_classes": 75,
        "scale": false,
        "normalize": false,
        "train_accuracy": 0.7668144863266815,
        "train_f1_micro": 0.7668144863266815,
        "train_f1_macro": 0.669077616222277,
        "train_f1_weighted": 0.7622835973635125,
        "train_ROC": 0.9942055149162258,
        "n_test": 37885,
        "test_accuracy": 0.7224231226078923,
        "test_f1_micro": 0.7224231226078924,
        "test_f1_macro": 0.5587305149281527,
        "test_f1_weighted": 0.7166451637366429,
        "test_ROC": 0.9891284668432553,
        "solution": [33, 34, 35, 37, 49, 56, 83, 137, 163, 168, 169, 170, 185, 194, 234, 314, 371, 404, 412, 514, 592, 662, 682, 775, 792, 859, 872, 967, 969, 979, 980, 981, 982, 992, 1063, 1148, 1159, 1164, 1172, 1177, 1256, 1264, 1301, 1377, 1391, 1430, 1449, 1537, 1540, 1553, 1555, 1595, 1597, 1600, 1602, 1603, 1630, 1636, 1685, 1689, 1690, 1761, 1821, 1842, 1846, 1850, 1863, 1906, 1907, 1939, 2031, 2056, 2066, 2124, 2125, 2138, 2207, 2230, 2239, 2288, 2350, 2368, 2408, 2410, 2423, 2471, 2507, 2579, 2640, 2714, 2734, 2737, 2738, 2751, 2768, 2781, 2792, 2804, 2896, 2897, 2960, 2961]
    },
    "5": {
        "n_train": 37884,
        "n_features_in": 2968,
        "n_features": 121,
        "n_classes": 75,
        "scale": false,
        "normalize": false,
        "train_accuracy": 0.8102629078238834,
        "train_f1_micro": 0.8102629078238834,
        "train_f1_macro": 0.7405092896490767,
        "train_f1_weighted": 0.8071316325617843,
        "train_ROC": 0.9962024865879594,
        "n_test": 37885,
        "test_accuracy": 0.756209581628613,
        "test_f1_micro": 0.756209581628613,
        "test_f1_macro": 0.6110250061849434,
        "test_f1_weighted": 0.751881199573881,
        "test_ROC": 0.9915637137761782,
        "solution": [33, 34, 35, 37, 49, 56, 83, 137, 163, 167, 168, 169, 170, 185, 194, 234, 314, 371, 372, 404, 412, 514, 592, 662, 682, 683, 775, 776, 792, 859, 872, 913, 960, 966, 967, 969, 973, 979, 980, 981, 982, 983, 992, 993, 1063, 1148, 1159, 1164, 1172, 1177, 1197, 1256, 1264, 1301, 1377, 1391, 1430, 1449, 1537, 1540, 1553, 1555, 1595, 1597, 1600, 1602, 1603, 1630, 1636, 1685, 1689, 1690, 1761, 1821, 1832, 1842, 1843, 1846, 1850, 1853, 1863, 1906, 1907, 1909, 1939, 2019, 2031, 2056, 2066, 2124, 2125, 2138, 2207, 2230, 2239, 2288, 2350, 2368, 2408, 2410, 2413, 2423, 2471, 2507, 2579, 2583, 2594, 2640, 2714, 2734, 2737, 2738, 2751, 2768, 2781, 2792, 2804, 2896, 2897, 2960, 2961]
    },
    "6": {
        "n_train": 37884,
        "n_features_in": 2968,
        "n_features": 145,
        "n_classes": 75,
        "scale": false,
        "normalize": false,
        "train_accuracy": 0.8362369337979094,
        "train_f1_micro": 0.8362369337979094,
        "train_f1_macro": 0.7845267956339101,
        "train_f1_weighted": 0.8341923507268908,
        "train_ROC": 0.9971272451575692,
        "n_test": 37885,
        "test_accuracy": 0.7701728916457701,
        "test_f1_micro": 0.77017289164577,
        "test_f1_macro": 0.6239328480926983,
        "test_f1_weighted": 0.7666706667905446,
        "test_ROC": 0.992459799855511,
        "solution": [33, 34, 35, 37, 49, 56, 83, 137, 163, 164, 167, 168, 169, 170, 185, 194, 231, 234, 314, 320, 371, 372, 404, 412, 514, 592, 662, 682, 683, 686, 775, 776, 780, 792, 849, 859, 868, 872, 913, 960, 966, 967, 969, 973, 979, 980, 981, 982, 983, 992, 993, 1063, 1148, 1159, 1164, 1172, 1177, 1197, 1256, 1264, 1301, 1358, 1377, 1391, 1415, 1430, 1449, 1487, 1517, 1537, 1540, 1544, 1553, 1555, 1595, 1597, 1599, 1600, 1602, 1603, 1630, 1636, 1685, 1689, 1690, 1691, 1761, 1765, 1821, 1832, 1842, 1843, 1846, 1850, 1853, 1863, 1865, 1906, 1907, 1909, 1939, 2019, 2031, 2056, 2066, 2124, 2125, 2138, 2207, 2230, 2239, 2288, 2331, 2332, 2350, 2368, 2408, 2410, 2413, 2423, 2471, 2497, 2507, 2544, 2577, 2579, 2583, 2594, 2640, 2714, 2734, 2737, 2738, 2751, 2768, 2781, 2792, 2804, 2880, 2893, 2896, 2897, 2929, 2960, 2961]
    },
    "7": {
        "n_train": 37884,
        "n_features_in": 2968,
        "n_features": 180,
        "n_classes": 75,
        "scale": false,
        "normalize": false,
        "train_accuracy": 0.8630820399113082,
        "train_f1_micro": 0.8630820399113082,
        "train_f1_macro": 0.8345820119569827,
        "train_f1_weighted": 0.8618038019801703,
        "train_ROC": 0.9979895960767102,
        "n_test": 37885,
        "test_accuracy": 0.7832651445162994,
        "test_f1_micro": 0.7832651445162994,
        "test_f1_macro": 0.6432984651890888,
        "test_f1_weighted": 0.7808717192300525,
        "test_ROC": 0.993013877668508,