{
    "1": {
        "n_features": 57,
        "phenotypes": 75,
        "n_features_in": 2968,
        "JS": 0.22612910684867837,
        "entropy": 0.2380967439151681,
        "pearson": 0.8267813008541423,
        "deconvolution": [0.0069372036223226425, 0.008636958877047756, 0.0034812963741388753, 0.0030350931787611816, 0.0435095222894121, 0.0045320837562594475, 0.00903886151353806, 0.010129320305760175, 0.0003392316778759665, 0.0022278393318424165, 0.013656967476637206, 0.015715372129932726, 0.0, 0.005710294622317842, 0.0, 0.0019561816345782038, 0.0, 0.006613461113970314, 0.05834312147946251, 0.02828089275781765, 0.01127339021986714, 0.0, 0.01888935513453293, 0.05927435721540736, 0.0032638205570476903, 0.0, 0.0005975202837274191, 0.009569133479887948, 0.006310163520797885, 0.0050833752402887, 0.003692382414757108, 0.01771165162051925, 0.015883330772439957, 0.03224491818398395, 0.016433155328023228, 0.00420455803569403, 0.02077315719541178, 0.008228069418001832, 0.007585401872535093, 0.0, 0.011602753370606225, 0.021027268158382642, 0.002091053653905201, 0.008396051569442146, 0.008911125169594707, 0.016724770912645657, 0.013382838576306634, 0.013759485093909373, 0.02102368227112179, 0.011469725777143324, 0.016297585083250122, 0.05545834117641994, 0.028422411427638943, 0.002147086876663631, 0.015918985380293207, 0.001652683416002334, 0.007915327692330457, 0.04116685621781576, 0.01326744300205015, 0.006574654243246412, 0.012774694072979242, 0.0060354992811996015, 0.01692537927777848, 0.0015743168687423158, 0.006939973186886528, 0.005415016492518286, 0.00558290243414082, 0.0, 0.02632423120968783, 0.016437764358676273, 0.01977822864992147, 0.01701882319136867, 0.04145739599433642, 0.03278975620347884, 0.0105744470749182],
        "solution": [33, 164, 185, 192, 194, 209, 231, 286, 320, 370, 404, 473, 509, 562, 592, 662, 717, 775, 792, 812, 843, 850, 965, 966, 985, 1231, 1415, 1449, 1537, 1540, 1603, 1631, 1645, 1683, 1685, 1853, 1935, 2066, 2070, 2071, 2174, 2207, 2230, 2239, 2408, 2467, 2471, 2577, 2579, 2594, 2714, 2734, 2738, 2751, 2804, 2866, 2961]
    },
    "2": {
        "n_features": 90,
        "phenotypes": 75,
        "n_features_in": 2968,
        "JS": 0.2903874740179769,
        "entropy": 0.37334894154675247,
        "pearson": 0.7805484075334298,
        "deconvolution": [0.03716868474517035, 0.011778275552290366, 0.0, 0.00224535089685357, 0.056077609504973744, 0.021259815360982755, 0.009812787666361417, 0.01782859616027072, 0.0, 0.006239526223616805, 0.0, 0.012518384508352425, 0.009246644909392646, 0.010879530326740638, 0.0005182570166484376, 0.0014597845985459316, 0.0013650940408789461, 0.0, 0.053937660993956214, 0.035433837383291145, 0.004297354052736266, 0.0, 0.013962015044437288, 0.05492559255773397, 0.005556911365366084, 0.010666059994483047, 0.006557981911034388, 0.010221597685666026, 0.004340563795234185, 0.0, 0.012881297081618387, 0.02347136543780102, 0.04419248402056013, 0.004613066288493366, 0.0005382645736777476, 0.0, 0.020585734175279757, 0.0, 0.0045041410146936965, 0.0, 0.019881445106715433, 0.020894900443753216, 0.002647700021592974, 0.0, 0.0, 0.01165239114665475, 0.0, 0.010009611611948374, 0.01660918458532009, 0.008223714628467979, 0.021911691098131878, 0.05314928458198326, 0.018318496049562216, 0.002647429402455688, 0.01997895082518301, 0.0, 0.017845271133382676, 0.04051689770783046, 0.02069677043251504, 0.0, 0.019225351376867813, 0.0069894314647572465, 0.0033048706502950475, 0.0, 0.016546645674865548, 0.005795617128547959, 0.0, 0.0, 0.03848351904500281, 0.029268440035946107, 0.008747887761656886, 0.017331680004739884, 0.04012650938772119, 0.019491948862215284, 0.0006200909447457116],
        "solution": [33, 34, 58, 164, 185, 192, 194, 208, 209, 231, 286, 320, 370, 371, 372, 404, 446, 460, 473, 494, 509, 562, 592, 662, 682, 717, 741, 775, 792, 812, 820, 840, 843, 850, 965, 966, 967, 984, 985, 1063, 1159, 1231, 1327, 1391, 1393, 1415, 1449, 1537, 1540, 1597, 1600, 1603, 1631, 1645, 1683, 1685, 1743, 1840, 1843, 1853, 1907, 1935, 2066, 2070, 2071, 2152, 2174, 2207, 2230, 2236, 2239, 2408, 2423, 2467, 2471, 2507, 2577, 2579, 2591, 2594, 2714, 2734, 2738, 2751, 2792, 2804, 2866, 2896, 2960, 2961]
    },
    "3": {
        "n_features": 130,
        "phenotypes": 75,
        "n_features_in": 2968,
        "JS": 0.213596167631102,
        "entropy": 0.20347315857223153,
        "pearson": 0.8985310265363269,
        "deconvolution": [0.006320993536102842, 0.014874553270966843, 0.006014550055117103, 0.001571357522142084, 0.058099740652331935, 0.024727687389528078, 0.013420302200189249, 0.018318204780568694, 0.0, 0.006669584391243264, 0.004454760793929106, 0.01322263101548313, 0.0001573443382134594, 0.011365731915784692, 0.0027005324214747738, 0.0, 0.004031732378770968, 7.995082428913621e-05, 0.05779838761649473, 0.04462042018214097, 0.007081516926874041, 0.0, 0.018991560366469804, 0.055477639580663075, 0.0051412480033301115, 0.009983043575232798, 0.0, 0.009047044314069467, 0.0024820922597454404, 0.0, 0.009589480100333905, 0.03926590579123293, 0.017849604038164272, 0.012726716828517594, 0.002496316997286769, 0.008226072506526511, 0.013165768376850935, 0.0, 0.0015892943532182524, 0.002754846619129202, 0.013851770322051652, 0.021525634128561122, 0.0, 0.0015040940145873332, 0.009818999317261014, 0.005569826288926436, 0.007569343259992315, 0.010082444028260001, 0.020245092595868992, 0.004451101508611155, 0.0270423476870465, 0.05460627910034624, 0.01653590044782112, 0.0025467645011938295, 0.0, 0.0, 0.01177345443872718, 0.04281291117301382, 0.003565692791779142, 0.009381204800405028, 0.026524072814523656, 0.009958942637603146, 0.018101944626893022, 0.002790862427935471, 0.015983115325754676, 0.006558152821679472, 0.00032308489063722376, 0.0, 0.03469057768606449, 0.01680402268945452, 0.021884384669140552, 0.012391053315573518, 0.04453126034732906, 0.014399750436533403, 0.007859298984008528],
        "solution": [33, 34, 35, 58, 116, 137, 142, 164, 184, 185, 192, 194, 208, 209, 231, 286, 314, 320, 358, 370, 371, 372, 379, 404, 446, 460, 473, 494, 509, 514, 552, 562, 580, 592, 662, 682, 717, 741, 775, 792, 812, 820, 840, 843, 850, 913, 965, 966, 967, 969, 982, 984, 985, 1063, 1151, 1159, 1223, 1231, 1264, 1320, 1327, 1355, 1391, 1393, 1400, 1415, 1449, 1537, 1540, 1597, 1600, 1602, 1603, 1631, 1645, 1647, 1660, 1683, 1685, 1689, 1729, 1743, 1840, 1843, 1846, 1852, 1853, 1907, 1909, 1935, 1939, 2056, 2066, 2070, 2071, 2124, 2152, 2174, 2207, 2230, 2236, 2239, 2332, 2408, 2410, 2423, 2467, 2471, 2507, 2530, 2577, 2579, 2591, 2594, 2656, 2714, 2734, 2738, 2751, 2757, 2768, 2781, 2792, 2804, 2866, 2896, 2926, 2927, 2960, 2961]
    },
    "4": {
        "n_features": 169,
        "phenotypes": 75,
        "n_features_in": 2968,
        "JS": 0.22619967410627637,
        "entropy": 0.21863335537356976,
        "pearson": 0.9018331214248516,