{
    "1": {
        "n_train": 37884,
        "n_features_in": 2968,
        "n_features": 57,
        "n_classes": 75,
        "scale": false,
        "normalize": false,
        "train_accuracy": 0.6074068208214549,
        "train_f1_micro": 0.6074068208214549,
        "train_f1_macro": 0.4611737173564467,
        "train_f1_weighted": 0.5938409547677492,
        "train_ROC": 0.9841292476252964,
        "n_test": 37885,
        "test_accuracy": 0.5938762043024944,
        "test_f1_micro": 0.5938762043024944,
        "test_f1_macro": 0.4195474002159835,
        "test_f1_weighted": 0.5784379338659801,
        "test_ROC": 0.9802647912237707,
        "solution": [33, 164, 185, 192, 194, 209, 231, 286, 320, 370, 404, 473, 509, 562, 592, 662, 717, 775, 792, 812, 843, 850, 965, 966, 985, 1231, 1415, 1449, 1537, 1540, 1603, 1631, 1645, 1683, 1685, 1853, 1935, 2066, 2070, 2071, 2174, 2207, 2230, 2239, 2408, 2467, 2471, 2577, 2579, 2594, 2714, 2734, 2738, 2751, 2804, 2866, 2961]
    },
    "2": {
        "n_train": 37884,
        "n_features_in": 2968,
        "n_features": 90,
        "n_classes": 75,
        "scale": false,
        "normalize": false,
        "train_accuracy": 0.7020377995987752,
        "train_f1_micro": 0.7020377995987752,
        "train_f1_macro": 0.5868156609248316,
        "train_f1_weighted": 0.6944786959715389,
        "train_ROC": 0.9912759453656083,
        "n_test": 37885,
        "test_accuracy": 0.667652105054771,
        "test_f1_micro": 0.667652105054771,
        "test_f1_macro": 0.5025561051274359,
        "test_f1_weighted": 0.6581808734582679,
        "test_ROC": 0.9864465598836004,
        "solution": [33, 34, 58, 164, 185, 192, 194, 208, 209, 231, 286, 320, 370, 371, 372, 404, 446, 460, 473, 494, 509, 562, 592, 662, 682, 717, 741, 775, 792, 812, 820, 840, 843, 850, 965, 966, 967, 984, 985, 1063, 1159, 1231, 1327, 1391, 1393, 1415, 1449, 1537, 1540, 1597, 1600, 1603, 1631, 1645, 1683, 1685, 1743, 1840, 1843, 1853, 1907, 1935, 2066, 2070, 2071, 2152, 2174, 2207, 2230, 2236, 2239, 2408, 2423, 2467, 2471, 2507, 2577, 2579, 2591, 2594, 2714, 2734, 2738, 2751, 2792, 2804, 2866, 2896, 2960, 2961]
    },
    "3": {
        "n_train": 37884,
        "n_features_in": 2968,
        "n_features": 130,
        "n_classes": 75,
        "scale": false,
        "normalize": false,
        "train_accuracy": 0.7717770034843205,
        "train_f1_micro": 0.7717770034843205,
        "train_f1_macro": 0.6932146263259678,
        "train_f1_weighted": 0.768152859654347,
        "train_ROC": 0.9949241135374512,
        "n_test": 37885,
        "test_accuracy": 0.720417051603537,
        "test_f1_micro": 0.7204170516035371,
        "test_f1_macro": 0.5655768934419363,
        "test_f1_weighted": 0.7149574338936273,
        "test_ROC": 0.9895034168721786,
        "solution": [33, 34, 35, 58, 116, 137, 142, 164, 184, 185, 192, 194, 208, 209, 231, 286, 314, 320, 358, 370, 371, 372, 379, 404, 446, 460, 473, 494, 509, 514, 552, 562, 580, 592, 662, 682, 717, 741, 775, 792, 812, 820, 840, 843, 850, 913, 965, 966, 967, 969, 982, 984, 985, 1063, 1151, 1159, 1223, 1231, 1264, 1320, 1327, 1355, 1391, 1393, 1400, 1415, 1449, 1537, 1540, 1597, 1600, 1602, 1603, 1631, 1645, 1647, 1660, 1683, 1685, 1689, 1729, 1743, 1840, 1843, 1846, 1852, 1853, 1907, 1909, 1935, 1939, 2056, 2066, 2070, 2071, 2124, 2152, 2174, 2207, 2230, 2236, 2239, 2332, 2408, 2410, 2423, 2467, 2471, 2507, 2530, 2577, 2579, 2591, 2594, 2656, 2714, 2734, 2738, 2751, 2757, 2768, 2781, 2792, 2804, 2866, 2896, 2926, 2927, 2960, 2961]
    },
    "4": {
        "n_train": 37884,
        "n_features_in": 2968,
        "n_features": 169,
        "n_classes": 75,
        "scale": false,
        "normalize": false,
        "train_accuracy": 0.8233555062823356,
        "train_f1_micro": 0.8233555062823356,
        "train_f1_macro": 0.7708294578928792,
        "train_f1_weighted": 0.8215037254154045,
        "train_ROC": 0.9968418629085024,
        "n_test": 37885,
        "test_accuracy": 0.7526461660287713,
        "test_f1_micro": 0.7526461660287712,
        "test_f1_macro": 0.5991887098749001,
        "test_f1_weighted": 0.7494097947324454,
        "test_ROC": 0.9910292052894996,
        "solution": [33, 34, 35, 41, 58, 116, 137, 142, 164, 168, 184, 185, 192, 194, 208, 209, 218, 224, 226, 231, 286, 313, 314, 320, 358, 370, 371, 372, 378, 379, 380, 404, 446, 460, 472, 473, 494, 509, 514, 552, 555, 562, 580, 591, 592, 662, 682, 717, 741, 755, 775, 791, 792, 812, 820, 840, 843, 850, 872, 908, 913, 965, 966, 967, 969, 979, 982, 984, 985, 1029, 1062, 1063, 1122, 1151, 1159, 1197, 1223, 1231, 1264, 1320, 1327, 1355, 1391, 1393, 1400, 1415, 1430, 1449, 1537, 1540, 1544, 1597, 1600, 1602, 1603, 1630, 1631, 1645, 1647, 1660, 1683, 1685, 1689, 1729, 1743, 1763, 1821, 1840, 1843, 1846, 1852, 1853, 1907, 1909, 1935, 1939, 1954, 2056, 2066, 2070, 2071, 2124, 2125, 2138, 2139, 2152, 2174, 2197, 2207, 2230, 2236, 2239, 2332, 2333, 2350, 2408, 2410, 2423, 2425, 2467, 2471, 2497, 2507, 2530, 2549, 2577, 2579, 2591, 2594, 2638, 2656, 2714, 2716, 2734, 2738, 2751, 2757, 2768, 2781, 2792, 2802, 2804, 2866, 2896, 2926, 2927, 2937, 2960, 2961]
    },
    "5": {
        "n_train": 37884,
        "n_features_in": 2968,
        "n_features": 201,
        "n_classes": 75,
        "scale": false,
        "normalize": false,
        "train_accuracy": 0.8502534051314539,
        "train_f1_micro": 0.8502534051314539,
        "train_f1_macro": 0.8133777999059539,
        "train_f1_weighted": 0.8490463398851964,
        "train_ROC": 0.9977164645547119,
        "n_test": 37885,
        "test_accuracy": 0.762544542694998,
        "test_f1_micro": 0.762544542694998,
        "test_f1_macro": 0.6064686186243824,
        "test_f1_weighted": 0.7597413320233586,
        "test_ROC": 0.9916198959000546,
        "solution": [24, 33, 34, 35, 38, 41, 58, 65, 116, 137, 142, 164, 168, 169, 184, 185, 192, 194, 208, 209, 218, 224, 226, 231, 233, 255, 286, 313, 314, 320, 336, 358, 370, 371, 372, 378, 379, 380, 404, 412, 446, 460, 472, 473, 494, 504, 509, 514, 552, 555, 562, 580, 591, 592, 598, 651, 662, 682, 683, 686, 717, 741, 755, 775, 791, 792, 812, 820, 840, 843, 850, 872, 908, 913, 965, 966, 967, 969, 979, 982, 984, 985, 986, 1029, 1062, 1063, 1078, 1122, 1151, 1159, 1197, 1223, 1231, 1264, 1320, 1327, 1355, 1391, 1393, 1400, 1415, 1430, 1449, 1457, 1537, 1540, 1544, 1595, 1597, 1600, 1602, 1603, 1630, 1631, 1645, 1647, 1660, 1683, 1685, 1689, 1729, 1743, 1761, 1763, 1821, 1840, 1843, 1845, 1846, 1850, 1852, 1853, 1894, 1906, 1907, 1909, 1935, 1936, 1939, 1954, 2031, 2047, 2056, 2066, 2070, 2071, 2121, 2124, 2125, 2138, 2139, 2152, 2174, 2197, 2207, 2230, 2236, 2239, 2332, 2333, 2350, 2408, 2410, 2423, 2424, 2425, 2467, 2471, 2497, 2507, 2530, 2536, 2549, 2577, 2579, 2591, 2594, 2638, 2640, 2644, 2656, 2714, 2716, 2719, 2734, 2738, 2751, 2757, 2768, 2781, 2792, 2802, 2804, 2823, 2866, 2896, 2926, 2927, 2937, 2960, 2961]
    },
    "6": {
        "n_train": 37884,
        "n_features_in": 2968,
        "n_features": 228,
        "n_classes": 75,
        "scale": false,
        "normalize": false,
        "train_accuracy": 0.8676486115510506,
        "train_f1_micro": 0.8676486115510506,
        "train_f1_macro": 0.845966701739026,
        "train_f1_weighted": 0.8667200710961604,
        "train_ROC": 0.9981858177126903,
        "n_test": 37885,
        "test_accuracy": 0.7646298007126832,
        "test_f1_micro": 0.7646298007126832,
        "test_f1_macro": 0.6086599102697735,
        "test_f1_weighted": 0.7625044281011429,
        "test_ROC": 0.9916199435282247,