{
    "1": {
        "n_train": 37884,
        "n_features_in": 2968,
        "n_features": 30,
        "n_classes": 75,
        "scale": false,
        "normalize": false,
        "train_accuracy": 0.5989335867384648,
        "train_f1_micro": 0.5989335867384648,
        "train_f1_macro": 0.393402326731782,
        "train_f1_weighted": 0.5762395906970589,
        "train_ROC": 0.9790673009495043,
        "n_test": 37885,
        "test_accuracy": 0.5873564735383398,
        "test_f1_micro": 0.5873564735383398,
        "test_f1_macro": 0.36778192818668437,
        "test_f1_weighted": 0.562930073398318,
        "test_ROC": 0.975355408338364,
        "solution": [49, 168, 169, 194, 412, 592, 682, 775, 969, 979, 981, 1063, 1264, 1449, 1555, 1597, 1685, 1689, 1761, 1853, 1906, 1907, 1939, 2031, 2350, 2423, 2734, 2738, 2751, 2961]
    },
    "2": {
        "n_train": 37884,
        "n_features_in": 2968,
        "n_features": 54,
        "n_classes": 75,
        "scale": false,
        "normalize": false,
        "train_accuracy": 0.6894203357617992,
        "train_f1_micro": 0.6894203357617992,
        "train_f1_macro": 0.5380909585254678,
        "train_f1_weighted": 0.678263399695908,
        "train_ROC": 0.9893334034941959,
        "n_test": 37885,
        "test_accuracy": 0.6687079318991686,
        "test_f1_micro": 0.6687079318991686,
        "test_f1_macro": 0.48399759496813916,
        "test_f1_weighted": 0.6558391330675467,
        "test_ROC": 0.985769806342653,
        "solution": [49, 168, 169, 170, 194, 234, 371, 412, 514, 592, 682, 775, 967, 969, 979, 980, 981, 1063, 1172, 1264, 1391, 1449, 1537, 1540, 1555, 1597, 1600, 1603, 1685, 1689, 1690, 1761, 1832, 1846, 1853, 1906, 1907, 1939, 2031, 2125, 2239, 2350, 2368, 2408, 2423, 2507, 2734, 2738, 2751, 2768, 2792, 2896, 2897, 2961]
    },
    "3": {
        "n_train": 37884,
        "n_features_in": 2968,
        "n_features": 77,
        "n_classes": 75,
        "scale": false,
        "normalize": false,
        "train_accuracy": 0.7330799282018794,
        "train_f1_micro": 0.7330799282018794,
        "train_f1_macro": 0.6113279796302039,
        "train_f1_weighted": 0.7255317074835296,
        "train_ROC": 0.9920317633281128,
        "n_test": 37885,
        "test_accuracy": 0.7001451761911046,
        "test_f1_micro": 0.7001451761911046,
        "test_f1_macro": 0.525535577681602,
        "test_f1_weighted": 0.6911051089981076,
        "test_ROC": 0.987649606821699,
        "solution": [33, 34, 35, 49, 167, 168, 169, 170, 194, 234, 371, 412, 514, 592, 682, 775, 872, 967, 969, 979, 980, 981, 982, 992, 993, 1029, 1063, 1148, 1172, 1256, 1264, 1358, 1377, 1391, 1449, 1537, 1540, 1553, 1555, 1595, 1597, 1600, 1603, 1685, 1689, 1690, 1761, 1832, 1846, 1853, 1865, 1906, 1907, 1939, 2031, 2056, 2124, 2125, 2239, 2288, 2350, 2368, 2408, 2423, 2471, 2507, 2594, 2714, 2734, 2738, 2751, 2768, 2792, 2896, 2897, 2960, 2961]
    },
    "4": {
        "n_train": 37884,
        "n_features_in": 2968,
        "n_features": 102,
        "n_classes": 75,
        "scale": false,
        "normalize": false,
        "train_accuracy": 0.7739415056488227,
        "train_f1_micro": 0.7739415056488226,
        "train_f1_macro": 0.6815359637755868,
        "train_f1_weighted": 0.7696534607769829,
        "train_ROC": 0.9944311405734362,
        "n_test": 37885,
        "test_accuracy": 0.7311072984030619,
        "test_f1_micro": 0.7311072984030619,
        "test_f1_macro": 0.570366017288672,
        "test_f1_weighted": 0.7253018588318387,
        "test_ROC": 0.9896904750855905,
        "solution": [33, 34, 35, 49, 56, 167, 168, 169, 170, 185, 194, 234, 371, 372, 404, 412, 514, 592, 682, 775, 776, 850, 872, 913, 966, 967, 969, 979, 980, 981, 982, 983, 992, 993, 1029, 1063, 1148, 1159, 1172, 1177, 1256, 1264, 1301, 1358, 1377, 1391, 1449, 1457, 1487, 1537, 1540, 1553, 1555, 1595, 1597, 1600, 1603, 1636, 1683, 1685, 1689, 1690, 1761, 1832, 1846, 1853, 1863, 1865, 1906, 1907, 1909, 1939, 1952, 2031, 2056, 2124, 2125, 2138, 2239, 2288, 2350, 2368, 2408, 2413, 2423, 2471, 2507, 2530, 2594, 2640, 2714, 2734, 2737, 2738, 2751, 2768, 2781, 2792, 2896, 2897, 2960, 2961]
    },
    "5": {
        "n_train": 37884,
        "n_features_in": 2968,
        "n_features": 121,
        "n_classes": 75,
        "scale": false,
        "normalize": false,
        "train_accuracy": 0.799150036954915,
        "train_f1_micro": 0.799150036954915,
        "train_f1_macro": 0.7207379329224263,
        "train_f1_weighted": 0.7958504752456349,
        "train_ROC": 0.9956650755247817,
        "n_test": 37885,
        "test_accuracy": 0.7433284941269632,
        "test_f1_micro": 0.7433284941269632,
        "test_f1_macro": 0.5877827512108432,
        "test_f1_weighted": 0.7388228766378578,
        "test_ROC": 0.990300010046449,
        "solution": [33, 34, 35, 37, 49, 56, 137, 163, 167, 168, 169, 170, 185, 194, 234, 371, 372, 404, 412, 514, 592, 682, 775, 776, 850, 872, 913, 966, 967, 969, 979, 980, 981, 982, 983, 992, 993, 1029, 1063, 1148, 1159, 1172, 1177, 1256, 1264, 1301, 1358, 1377, 1391, 1449, 1457, 1468, 1487, 1537, 1540, 1544, 1553, 1555, 1595, 1597, 1600, 1602, 1603, 1636, 1683, 1685, 1689, 1690, 1761, 1765, 1779, 1821, 1832, 1843, 1846, 1850, 1852, 1853, 1863, 1865, 1906, 1907, 1909, 1939, 1952, 2031, 2056, 2124, 2125, 2138, 2207, 2239, 2288, 2308, 2331, 2350, 2368, 2408, 2413, 2423, 2425, 2471, 2497, 2507, 2530, 2594, 2640, 2714, 2734, 2737, 2738, 2751, 2768, 2781, 2792, 2880, 2893, 2896, 2897, 2960, 2961]
    },
    "6": {
        "n_train": 37884,
        "n_features_in": 2968,
        "n_features": 145,
        "n_classes": 75,
        "scale": false,
        "normalize": false,
        "train_accuracy": 0.8329109914475769,
        "train_f1_micro": 0.832910991447577,
        "train_f1_macro": 0.7789699343485608,
        "train_f1_weighted": 0.8308506982094065,
        "train_ROC": 0.9969777123695045,
        "n_test": 37885,
        "test_accuracy": 0.7655800448726409,
        "test_f1_micro": 0.7655800448726409,
        "test_f1_macro": 0.6144006373354155,
        "test_f1_weighted": 0.762087149306447,
        "test_ROC": 0.9916560353079897,
        "solution": [33, 34, 35, 37, 49, 56, 137, 163, 164, 167, 168, 169, 170, 171, 185, 187, 194, 234, 298, 371, 372, 404, 412, 446, 514, 552, 592, 682, 683, 686, 775, 776, 850, 872, 913, 966, 967, 969, 973, 979, 980, 981, 982, 983, 992, 993, 1029, 1063, 1148, 1159, 1172, 1177, 1197, 1256, 1264, 1301, 1358, 1377, 1391, 1449, 1457, 1468, 1487, 1497, 1537, 1540, 1544, 1553, 1555, 1569, 1595, 1597, 1600, 1602, 1603, 1630, 1636, 1683, 1685, 1689, 1690, 1761, 1765, 1779, 1821, 1832, 1842, 1843, 1846, 1850, 1852, 1853, 1860, 1863, 1865, 1906, 1907, 1909, 1920, 1939, 1952, 2019, 2021, 2031, 2056, 2121, 2124, 2125, 2138, 2207, 2239, 2288, 2308, 2331, 2350, 2368, 2408, 2410, 2413, 2423, 2425, 2471, 2497, 2507, 2530, 2572, 2583, 2594, 2640, 2714, 2734, 2737, 2738, 2751, 2768, 2781, 2792, 2804, 2880, 2889, 2893, 2896, 2897, 2960, 2961]
    },
    "7": {
        "n_train": 37884,
        "n_features_in": 2968,
        "n_features": 180,
        "n_classes": 75,
        "scale": false,
        "normalize": false,
        "train_accuracy": 0.871977615880055,
        "train_f1_micro": 0.871977615880055,
        "train_f1_macro": 0.8476779293782489,
        "train_f1_weighted": 0.8709316234053258,
        "train_ROC": 0.9981575479875162,
        "n_test": 37885,
        "test_accuracy": 0.7856671505873036,
        "test_f1_micro": 0.7856671505873036,
        "test_f1_macro": 0.6367291385380899,
        "test_f1_weighted": 0.7837122841768448,
        "test_ROC": 0.9929876584402141,