{
    "1": {
        "n_train": 37884,
        "n_features_in": 2968,
        "n_features": 23,
        "n_classes": 75,
        "scale": false,
        "normalize": false,
        "train_accuracy": 0.48445253933058813,
        "train_f1_micro": 0.48445253933058813,
        "train_f1_macro": 0.28261967460477316,
        "train_f1_weighted": 0.45305908239162246,
        "train_ROC": 0.9578378084748469,
        "n_test": 37885,
        "test_accuracy": 0.47691698561435925,
        "test_f1_micro": 0.47691698561435925,
        "test_f1_macro": 0.26939265322339545,
        "test_f1_weighted": 0.4450819306806371,
        "test_ROC": 0.9528994293637436,
        "solution": [1062, 974, 925, 698, 2014, 2643, 1288, 979, 380, 376, 1416, 1391, 799, 1103, 170, 2021, 418, 1154, 1210, 1101, 82, 1107, 1952]
    },
    "2": {
        "n_train": 37884,
        "n_features_in": 2968,
        "n_features": 35,
        "n_classes": 75,
        "scale": false,
        "normalize": false,
        "train_accuracy": 0.5227272727272727,
        "train_f1_micro": 0.5227272727272727,
        "train_f1_macro": 0.36463313740457526,
        "train_f1_weighted": 0.5016689595046091,
        "train_ROC": 0.9704640847070164,
        "n_test": 37885,
        "test_accuracy": 0.5091724957107034,
        "test_f1_micro": 0.5091724957107034,
        "test_f1_macro": 0.3302023515280839,
        "test_f1_weighted": 0.4870739496275338,
        "test_ROC": 0.9655663435936871,
        "solution": [1301, 925, 966, 2014, 334, 2301, 380, 267, 698, 2964, 599, 2754, 1288, 1618, 1672, 1223, 974, 2950, 294, 849, 2549, 723, 1952, 979, 942, 1408, 1062, 917, 2495, 19, 1236, 1004, 1541, 1296, 659]
    },
    "3": {
        "n_train": 37884,
        "n_features_in": 2968,
        "n_features": 47,
        "n_classes": 75,
        "scale": false,
        "normalize": false,
        "train_accuracy": 0.5892989124696442,
        "train_f1_micro": 0.5892989124696442,
        "train_f1_macro": 0.4544149746212144,
        "train_f1_weighted": 0.5764473273991539,
        "train_ROC": 0.9773106659329877,
        "n_test": 37885,
        "test_accuracy": 0.5657120232281906,
        "test_f1_micro": 0.5657120232281906,
        "test_f1_macro": 0.4003709531123173,
        "test_f1_weighted": 0.5516277405587989,
        "test_ROC": 0.970560162924131,
        "solution": [380, 2301, 334, 2041, 925, 46, 1416, 1672, 1408, 2139, 698, 1288, 1952, 1065, 2544, 1391, 412, 917, 973, 2300, 1630, 2964, 780, 243, 2704, 182, 2438, 453, 1286, 782, 376, 2804, 88, 810, 104, 1060, 1210, 1145, 548, 166, 818, 39, 655, 1826, 1843, 1462, 599]
    },
    "4": {
        "n_train": 37884,
        "n_features_in": 2968,
        "n_features": 61,
        "n_classes": 75,
        "scale": false,
        "normalize": false,
        "train_accuracy": 0.6804719670573329,
        "train_f1_micro": 0.6804719670573329,
        "train_f1_macro": 0.5392851990216719,
        "train_f1_weighted": 0.6708465387439121,
        "train_ROC": 0.9880135709381765,
        "n_test": 37885,
        "test_accuracy": 0.6478025603800976,
        "test_f1_micro": 0.6478025603800976,
        "test_f1_macro": 0.4584383349833996,
        "test_f1_weighted": 0.6356249981288089,
        "test_ROC": 0.982354708711228,
        "solution": [2643, 380, 2301, 925, 2014, 46, 2300, 224, 966, 2927, 169, 2754, 334, 1826, 1065, 1424, 973, 1952, 83, 376, 698, 2964, 1672, 1942, 2704, 2033, 223, 799, 1288, 1416, 37, 2965, 1286, 731, 448, 1953, 782, 1630, 2632, 1905, 2763, 1661, 1852, 682, 2613, 2041, 979, 1343, 2736, 753, 1815, 1391, 423, 2021, 2133, 1408, 1227, 1027, 2239, 1145, 154]
    },
    "5": {
        "n_train": 37884,
        "n_features_in": 2968,
        "n_features": 76,
        "n_classes": 75,
        "scale": false,
        "normalize": false,
        "train_accuracy": 0.6995829373878154,
        "train_f1_micro": 0.6995829373878154,
        "train_f1_macro": 0.5964368958683931,
        "train_f1_weighted": 0.6932857212347804,
        "train_ROC": 0.9903442722768853,
        "n_test": 37885,
        "test_accuracy": 0.6590471162729312,
        "test_f1_micro": 0.6590471162729312,
        "test_f1_macro": 0.4929689623307408,
        "test_f1_weighted": 0.6515119125757209,
        "test_ROC": 0.9843663625606384,
        "solution": [334, 2301, 2643, 2041, 376, 925, 1416, 1672, 2014, 83, 2139, 1062, 169, 1835, 380, 86, 1286, 973, 170, 224, 37, 212, 1632, 2950, 209, 1154, 418, 1027, 599, 1852, 166, 412, 1145, 1222, 698, 2299, 1424, 1661, 664, 1905, 2270, 2966, 1505, 780, 507, 39, 974, 2227, 1412, 2470, 753, 2048, 879, 66, 1952, 2786, 167, 659, 702, 344, 1195, 2327, 182, 1831, 1210, 2897, 979, 116, 1863, 798, 2929, 1248, 988, 287, 2927, 1343]
    },
    "6": {
        "n_train": 37884,
        "n_features_in": 2968,
        "n_features": 87,
        "n_classes": 75,
        "scale": false,
        "normalize": false,
        "train_accuracy": 0.7293844367015099,
        "train_f1_micro": 0.7293844367015099,
        "train_f1_macro": 0.626584994995115,
        "train_f1_weighted": 0.7243162662289562,
        "train_ROC": 0.9921943177608893,
        "n_test": 37885,
        "test_accuracy": 0.6833311336940742,
        "test_f1_micro": 0.6833311336940742,
        "test_f1_macro": 0.5103417694728062,
        "test_f1_weighted": 0.676742437516076,
        "test_ROC": 0.9860400502761568,
        "solution": [775, 966, 334, 2301, 380, 925, 2139, 1377, 1065, 1672, 2754, 412, 2041, 717, 2300, 2643, 1027, 46, 887, 2118, 780, 208, 267, 86, 294, 376, 169, 1286, 659, 993, 2964, 1585, 1400, 1835, 2014, 1952, 2133, 2470, 2632, 166, 1391, 2897, 58, 1230, 243, 278, 1761, 989, 2327, 1288, 698, 1661, 617, 753, 2544, 1918, 885, 81, 782, 1641, 713, 2551, 1565, 2689, 2033, 1124, 1032, 418, 1154, 1743, 2777, 1416, 665, 251, 1807, 41, 1651, 2366, 1468, 961, 2270, 2929, 1438, 723, 493, 2467, 2966]
    },
    "7": {
        "n_train": 37884,
        "n_features_in": 2968,
        "n_features": 101,
        "n_classes": 75,
        "scale": false,
        "normalize": false,
        "train_accuracy": 0.7602417907295956,
        "train_f1_micro": 0.7602417907295955,
        "train_f1_macro": 0.6840313913145221,
        "train_f1_weighted": 0.7567434779520456,
        "train_ROC": 0.9943271938381565,
        "n_test": 37885,
        "test_accuracy": 0.7044212749109147,
        "test_f1_micro": 0.7044212749109147,
        "test_f1_macro": 0.5422794724801667,
        "test_f1_weighted": 0.6994164095955424,
        "test_ROC": 0.9874369876168415,
        "solution": [334, 2041, 2754, 2300, 2014, 599, 209, 1743, 46, 966, 775, 1424, 1852, 925, 1672, 83, 1661, 2463, 2897, 973, 376, 2139, 979, 380, 1952, 1480, 698, 2643, 182, 2301, 885, 1905, 1027, 1846, 1772, 1632, 86, 2632, 562, 1230, 1065, 2544, 2736, 401, 39, 1835, 412, 294, 782, 1416, 2121, 1042, 2964, 224, 802, 170, 717, 1918, 1286, 243, 206, 282, 1618, 753, 2763, 1151, 730, 2965, 1048, 2023, 87, 2913, 37, 1288, 2118, 2327, 2618, 1681, 1821, 1990, 983, 849, 2366, 169, 928, 1323, 493, 2400, 1795, 1665, 974, 1741, 287, 989, 2124, 2438, 1585, 2903, 1373, 865, 2894]
    },
    "8": {
        "n_train": 37884,
        "n_features_in": 2968,
        "n_features": 118,
        "n_classes": 75,
        "scale": false,
        "normalize": false,
        "train_accuracy": 0.7880899588216661,
        "train_f1_micro": 0.7880899588216662,
        "train_f1_macro": 0.7275371206802939,
        "train_f1_weighted": 0.7853581722836114,
        "train_ROC": 0.9955259188105693,
        "n_test": 37885,
        "test_accuracy": 0.7203378645902072,
        "test_f1_micro": 0.7203378645902071,
        "test_f1_macro": 0.5606095853775186,
        "test_f1_weighted": 0.7164416088148413,
        "test_ROC": 0.9887894204661429,