{
    "1": {
        "n_train": 37884,
        "n_features_in": 2968,
        "n_classes": 75,
        "filter_genes": true,
        "normalize": true,
        "log": true,
        "scale": true,
        "high_var": true,
        "ordered": true,
        "rho": 0.4,
        "alpha": 0.00033692722371967657,
        "rs": 1000,
        "min_coverage": 1.059869572520256,
        "solution": [1062, 974, 925, 698, 2014, 2643, 1288, 979, 380, 376, 1416, 1391, 799, 1103, 170, 2021, 418, 1154, 1210, 1101, 82, 1107, 1952],
        "n_features": 23
    },
    "2": {
        "n_train": 37884,
        "n_features_in": 2968,
        "n_classes": 75,
        "filter_genes": true,
        "normalize": true,
        "log": true,
        "scale": true,
        "high_var": true,
        "ordered": true,
        "rho": 0.4,
        "alpha": 0.0006738544474393531,
        "rs": 1000,
        "min_coverage": 2.0642134808003902,
        "solution": [1301, 925, 966, 2014, 334, 2301, 380, 267, 698, 2964, 599, 2754, 1288, 1618, 1672, 1223, 974, 2950, 294, 849, 2549, 723, 1952, 979, 942, 1408, 1062, 917, 2495, 19, 1236, 1004, 1541, 1296, 659],
        "n_features": 35
    },
    "3": {
        "n_train": 37884,
        "n_features_in": 2968,
        "n_classes": 75,
        "filter_genes": true,
        "normalize": true,
        "log": true,
        "scale": true,
        "high_var": true,
        "ordered": true,
        "rho": 0.3333333333333333,
        "alpha": 0.0010107816711590297,
        "rs": 1000,
        "min_coverage": 3.00972580909729,
        "solution": [380, 2301, 334, 2041, 925, 46, 1416, 1672, 1408, 2139, 698, 1288, 1952, 1065, 2544, 1391, 412, 917, 973, 2300, 1630, 2964, 780, 243, 2704, 182, 2438, 453, 1286, 782, 376, 2804, 88, 810, 104, 1060, 1210, 1145, 548, 166, 818, 39, 655, 1826, 1843, 1462, 599],
        "n_features": 47
    },
    "4": {
        "n_train": 37884,
        "n_features_in": 2968,
        "n_classes": 75,
        "filter_genes": true,
        "normalize": true,
        "log": true,
        "scale": true,
        "high_var": true,
        "ordered": true,
        "rho": 0.3333333333333333,
        "alpha": 0.0013477088948787063,
        "rs": 1000,
        "min_coverage": 4.013495414983481,
        "solution": [2643, 380, 2301, 925, 2014, 46, 2300, 224, 966, 2927, 169, 2754, 334, 1826, 1065, 1424, 973, 1952, 83, 376, 698, 2964, 1672, 1942, 2704, 2033, 223, 799, 1288, 1416, 37, 2965, 1286, 731, 448, 1953, 782, 1630, 2632, 1905, 2763, 1661, 1852, 682, 2613, 2041, 979, 1343, 2736, 753, 1815, 1391, 423, 2021, 2133, 1408, 1227, 1027, 2239, 1145, 154],
        "n_features": 61
    },
    "5": {
        "n_train": 37884,
        "n_features_in": 2968,
        "n_classes": 75,
        "filter_genes": true,
        "normalize": true,
        "log": true,
        "scale": true,
        "high_var": true,
        "ordered": true,
        "rho": 0.3333333333333333,
        "alpha": 0.0016846361185983828,
        "rs": 1000,
        "min_coverage": 5.003603876568377,
        "solution": [334, 2301, 2643, 2041, 376, 925, 1416, 1672, 2014, 83, 2139, 1062, 169, 1835, 380, 86, 1286, 973, 170, 224, 37, 212, 1632, 2950, 209, 1154, 418, 1027, 599, 1852, 166, 412, 1145, 1222, 698, 2299, 1424, 1661, 664, 1905, 2270, 2966, 1505, 780, 507, 39, 974, 2227, 1412, 2470, 753, 2048, 879, 66, 1952, 2786, 167, 659, 702, 344, 1195, 2327, 182, 1831, 1210, 2897, 979, 116, 1863, 798, 2929, 1248, 988, 287, 2927, 1343],
        "n_features": 76
    },
    "6": {
        "n_train": 37884,
        "n_features_in": 2968,
        "n_classes": 75,
        "filter_genes": true,
        "normalize": true,
        "log": true,
        "scale": true,
        "high_var": true,
        "ordered": true,
        "rho": 0.2857142857142857,
        "alpha": 0.0020215633423180594,
        "rs": 1000,
        "min_coverage": 5.99798229476437,
        "solution": [775, 966, 334, 2301, 380, 925, 2139, 1377, 1065, 1672, 2754, 412, 2041, 717, 2300, 2643, 1027, 46, 887, 2118, 780, 208, 267, 86, 294, 376, 169, 1286, 659, 993, 2964, 1585, 1400, 1835, 2014, 1952, 2133, 2470, 2632, 166, 1391, 2897, 58, 1230, 243, 278, 1761, 989, 2327, 1288, 698, 1661, 617, 753, 2544, 1918, 885, 81, 782, 1641, 713, 2551, 1565, 2689, 2033, 1124, 1032, 418, 1154, 1743, 2777, 1416, 665, 251, 1807, 41, 1651, 2366, 1468, 961, 2270, 2929, 1438, 723, 493, 2467, 2966],
        "n_features": 87
    },
    "7": {
        "n_train": 37884,
        "n_features_in": 2968,
        "n_classes": 75,
        "filter_genes": true,
        "normalize": true,
        "log": true,
        "scale": true,
        "high_var": true,
        "ordered": true,
        "rho": 0.2857142857142857,
        "alpha": 0.0023584905660377358,
        "rs": 1000,
        "min_coverage": 7.023369062691927,
        "solution": [334, 2041, 2754, 2300, 2014, 599, 209, 1743, 46, 966, 775, 1424, 1852, 925, 1672, 83, 1661, 2463, 2897, 973, 376, 2139, 979, 380, 1952, 1480, 698, 2643, 182, 2301, 885, 1905, 1027, 1846, 1772, 1632, 86, 2632, 562, 1230, 1065, 2544, 2736, 401, 39, 1835, 412, 294, 782, 1416, 2121, 1042, 2964, 224, 802, 170, 717, 1918, 1286, 243, 206, 282, 1618, 753, 2763, 1151, 730, 2965, 1048, 2023, 87, 2913, 37, 1288, 2118, 2327, 2618, 1681, 1821, 1990, 983, 849, 2366, 169, 928, 1323, 493, 2400, 1795, 1665, 974, 1741, 287, 989, 2124, 2438, 1585, 2903, 1373, 865, 2894],
        "n_features": 101
    },
    "8": {
        "n_train": 37884,
        "n_features_in": 2968,
        "n_classes": 75,
        "filter_genes": true,
        "normalize": true,
        "log": true,
        "scale": true,
        "high_var": true,
        "ordered": true,
        "rho": 0.2857142857142857,
        "alpha": 0.0026954177897574125,
        "rs": 1000,
        "min_coverage": 8.03546293952968,
        "solution": [334, 209, 775, 2041, 925, 2301, 86, 2139, 46, 1835, 966, 2300, 1424, 1416, 599, 376, 169, 224, 2643, 1027, 698, 2689, 993, 380, 2964, 1062, 1806, 483, 2118, 2786, 843, 1661, 2014, 2897, 1852, 2206, 780, 2470, 1672, 170, 974, 87, 166, 2121, 1846, 2632, 849, 1124, 755, 989, 1377, 723, 2704, 1032, 2754, 2410, 1222, 39, 1826, 1108, 493, 1761, 2736, 1957, 2730, 942, 401, 1932, 1253, 2438, 2544, 1484, 412, 2966, 2423, 973, 1145, 325, 1665, 1576, 659, 2340, 182, 1683, 2327, 2299, 1632, 1656, 492, 2715, 885, 1286, 1019, 2943, 2467, 2174, 83, 997, 251, 753, 1990, 1223, 1025, 154, 2555, 278, 980, 84, 282, 1667, 618, 176, 2374, 2717, 614, 1092, 301, 525],
        "n_features": 118
    },
    "9": {
        "n_train": 37884,
        "n_features_in": 2968,
        "n_classes": 75,
        "filter_genes": true,
        "normalize": true,
        "log": true,
        "scale": true,
        "high_var": true,
        "ordered": true,
        "rho": 0.25,
        "alpha": 0.003032345013477089,
        "rs": 1000,
        "min_coverage": 9.002288085757755,
        "solution": [775, 380, 2014, 509, 46, 334, 730, 2300, 966, 2139, 209, 599, 1062, 1416, 1672, 925, 705, 37, 86, 1846, 2301, 1223, 1032, 169, 1286, 412, 182, 1835, 780, 973, 1376, 974, 2632, 1391, 1288, 325, 1424, 2438, 2964, 1065, 2470, 1408, 224, 1400, 2754, 2206, 473, 453, 294, 2459, 1630, 2021, 2950, 170, 843, 2124, 723, 2299, 2897, 1553, 212, 791, 60, 166, 817, 979, 278, 231, 208, 2467, 2646, 2544, 78, 982, 1585, 2549, 665, 2366, 1922, 39, 1761, 1952, 1957, 2763, 1741, 493, 655, 2169, 1772, 965, 58, 639, 731, 2583, 2689, 1852, 917, 1918, 882, 1210, 659, 2207, 2495, 664, 2412, 989, 2786, 14, 2327, 2026, 287, 626, 2133, 1258, 1810, 1304, 116, 943, 1667, 1253, 2929, 640, 2966, 1623, 2569, 590, 1343, 2404, 1019, 1932, 1750],
        "n_features": 131
    },
    "10": {
        "n_train": 37884,
        "n_features_in": 2968,
        "n_classes": 75,
        "filter_genes": true,
        "normalize": true,
        "log": true,
        "scale": true,
        "high_var": true,
        "ordered": true,
        "rho": 0.25,
        "alpha": 0.0033692722371967657,
        "rs": 1000,