{
    "1": {
        "n_train": 37884,
        "n_features_in": 2968,
        "n_features": 30,
        "n_classes": 75,
        "scale": false,
        "normalize": false,
        "train_accuracy": 0.60315700559603,
        "train_f1_micro": 0.60315700559603,
        "train_f1_macro": 0.41477059846614495,
        "train_f1_weighted": 0.5749894173157127,
        "train_ROC": 0.9808713464159695,
        "n_test": 37885,
        "test_accuracy": 0.589336148871585,
        "test_f1_micro": 0.589336148871585,
        "test_f1_macro": 0.3876938612775261,
        "test_f1_weighted": 0.5611999188694676,
        "test_ROC": 0.9779997827987029,
        "solution": [194, 371, 412, 662, 682, 775, 850, 969, 979, 1063, 1391, 1449, 1540, 1555, 1597, 1600, 1603, 1685, 1689, 1853, 1906, 1939, 2056, 2066, 2125, 2408, 2734, 2738, 2751, 2961]
    },
    "2": {
        "n_train": 37884,
        "n_features_in": 2968,
        "n_features": 54,
        "n_classes": 75,
        "scale": false,
        "normalize": false,
        "train_accuracy": 0.6764861155105057,
        "train_f1_micro": 0.6764861155105057,
        "train_f1_macro": 0.5334329678059226,
        "train_f1_weighted": 0.6621136597201854,
        "train_ROC": 0.9880213579099749,
        "n_test": 37885,
        "test_accuracy": 0.6431041309225287,
        "test_f1_micro": 0.6431041309225287,
        "test_f1_macro": 0.4655821694175327,
        "test_f1_weighted": 0.6283294704455896,
        "test_ROC": 0.9838586024921824,
        "solution": [33, 49, 194, 234, 314, 371, 404, 412, 662, 682, 775, 850, 969, 979, 981, 1063, 1177, 1391, 1430, 1449, 1537, 1540, 1555, 1597, 1600, 1603, 1685, 1689, 1761, 1853, 1906, 1907, 1939, 2031, 2056, 2066, 2124, 2125, 2230, 2239, 2350, 2408, 2423, 2471, 2734, 2738, 2751, 2768, 2792, 2804, 2866, 2896, 2897, 2961]
    },
    "3": {
        "n_train": 37884,
        "n_features_in": 2968,
        "n_features": 77,
        "n_classes": 75,
        "scale": false,
        "normalize": false,
        "train_accuracy": 0.7266392144440925,
        "train_f1_micro": 0.7266392144440925,
        "train_f1_macro": 0.6170773337125072,
        "train_f1_weighted": 0.718525954624206,
        "train_ROC": 0.9916870684485084,
        "n_test": 37885,
        "test_accuracy": 0.6830407813118649,
        "test_f1_micro": 0.6830407813118649,
        "test_f1_macro": 0.5210813649981061,
        "test_f1_weighted": 0.672757380039281,
        "test_ROC": 0.9867680392989278,
        "solution": [33, 35, 49, 168, 169, 194, 234, 314, 371, 404, 412, 592, 662, 682, 775, 792, 850, 872, 967, 969, 979, 980, 981, 982, 1063, 1164, 1177, 1256, 1264, 1377, 1391, 1430, 1449, 1537, 1540, 1553, 1555, 1597, 1600, 1603, 1685, 1689, 1690, 1761, 1842, 1846, 1853, 1906, 1907, 1939, 2031, 2056, 2066, 2124, 2125, 2230, 2239, 2350, 2368, 2408, 2413, 2423, 2471, 2507, 2640, 2734, 2738, 2751, 2768, 2781, 2792, 2804, 2866, 2896, 2897, 2960, 2961]
    },
    "4": {
        "n_train": 37884,
        "n_features_in": 2968,
        "n_features": 102,
        "n_classes": 75,
        "scale": false,
        "normalize": false,
        "train_accuracy": 0.7671312427409989,
        "train_f1_micro": 0.767131242740999,
        "train_f1_macro": 0.6813966198064565,
        "train_f1_weighted": 0.7617215509824193,
        "train_ROC": 0.9940354537101193,
        "n_test": 37885,
        "test_accuracy": 0.7160353701992873,
        "test_f1_micro": 0.7160353701992873,
        "test_f1_macro": 0.5568554663441971,
        "test_f1_weighted": 0.7084326439098187,
        "test_ROC": 0.9887560314138875,
        "solution": [33, 34, 35, 49, 168, 169, 170, 185, 194, 234, 314, 371, 372, 404, 412, 494, 562, 592, 662, 682, 683, 775, 792, 850, 872, 966, 967, 969, 979, 980, 981, 982, 992, 1063, 1159, 1164, 1172, 1177, 1256, 1264, 1377, 1391, 1393, 1415, 1430, 1449, 1468, 1537, 1540, 1553, 1555, 1595, 1597, 1600, 1602, 1603, 1630, 1685, 1689, 1690, 1761, 1821, 1842, 1846, 1853, 1906, 1907, 1939, 2031, 2056, 2066, 2124, 2125, 2138, 2207, 2230, 2239, 2350, 2368, 2408, 2410, 2413, 2423, 2471, 2482, 2507, 2579, 2640, 2714, 2734, 2738, 2751, 2757, 2768, 2781, 2792, 2804, 2866, 2896, 2897, 2960, 2961]
    },
    "5": {
        "n_train": 37884,
        "n_features_in": 2968,
        "n_features": 121,
        "n_classes": 75,
        "scale": false,
        "normalize": false,
        "train_accuracy": 0.8022648083623694,
        "train_f1_micro": 0.8022648083623694,
        "train_f1_macro": 0.7377582322575634,
        "train_f1_weighted": 0.7988647430566594,
        "train_ROC": 0.9957735092742916,
        "n_test": 37885,
        "test_accuracy": 0.7429325590603141,
        "test_f1_micro": 0.7429325590603141,
        "test_f1_macro": 0.5940945435001741,
        "test_f1_weighted": 0.7377395347073478,
        "test_ROC": 0.9906040529037855,
        "solution": [18, 33, 34, 35, 49, 137, 163, 168, 169, 170, 185, 194, 234, 314, 371, 372, 404, 412, 494, 514, 552, 562, 592, 662, 682, 683, 686, 775, 792, 850, 859, 872, 913, 966, 967, 969, 973, 979, 980, 981, 982, 992, 993, 1029, 1063, 1148, 1159, 1164, 1172, 1177, 1197, 1223, 1256, 1264, 1301, 1377, 1391, 1393, 1415, 1430, 1432, 1449, 1468, 1487, 1537, 1540, 1553, 1555, 1595, 1597, 1600, 1602, 1603, 1630, 1685, 1689, 1690, 1761, 1821, 1842, 1846, 1853, 1906, 1907, 1939, 2031, 2056, 2066, 2124, 2125, 2138, 2207, 2230, 2239, 2350, 2368, 2408, 2410, 2413, 2423, 2425, 2471, 2482, 2507, 2579, 2640, 2714, 2734, 2737, 2738, 2751, 2757, 2768, 2781, 2792, 2804, 2866, 2896, 2897, 2960, 2961]
    },
    "6": {
        "n_train": 37884,
        "n_features_in": 2968,
        "n_features": 145,
        "n_classes": 75,
        "scale": false,
        "normalize": false,
        "train_accuracy": 0.8233819026501953,
        "train_f1_micro": 0.8233819026501952,
        "train_f1_macro": 0.7688807114893362,
        "train_f1_weighted": 0.8205478520384636,
        "train_ROC": 0.9966228717595127,
        "n_test": 37885,
        "test_accuracy": 0.75317407945097,
        "test_f1_micro": 0.75317407945097,
        "test_f1_macro": 0.605842195000394,
        "test_f1_weighted": 0.7487360743415963,
        "test_ROC": 0.9910716337961221,
        "solution": [18, 33, 34, 35, 49, 83, 137, 163, 164, 168, 169, 170, 185, 194, 234, 314, 320, 371, 372, 404, 412, 494, 514, 552, 559, 562, 592, 662, 682, 683, 686, 717, 775, 792, 850, 859, 868, 872, 913, 966, 967, 969, 973, 979, 980, 981, 982, 983, 985, 992, 993, 1029, 1063, 1148, 1159, 1164, 1172, 1177, 1197, 1223, 1224, 1256, 1264, 1301, 1327, 1377, 1391, 1393, 1415, 1430, 1432, 1449, 1468, 1487, 1537, 1540, 1544, 1553, 1555, 1595, 1597, 1600, 1602, 1603, 1630, 1647, 1660, 1685, 1689, 1690, 1761, 1807, 1821, 1842, 1843, 1846, 1850, 1853, 1906, 1907, 1939, 2031, 2056, 2066, 2068, 2124, 2125, 2138, 2207, 2230, 2239, 2245, 2288, 2350, 2368, 2408, 2410, 2413, 2423, 2425, 2471, 2482, 2507, 2518, 2530, 2577, 2579, 2583, 2594, 2640, 2714, 2734, 2737, 2738, 2751, 2757, 2768, 2781, 2792, 2804, 2866, 2896, 2897, 2960, 2961]
    },
    "7": {
        "n_train": 37884,
        "n_features_in": 2968,
        "n_features": 180,
        "n_classes": 75,
        "scale": false,
        "normalize": false,
        "train_accuracy": 0.8653785239151093,
        "train_f1_micro": 0.8653785239151093,
        "train_f1_macro": 0.8341259297864331,
        "train_f1_weighted": 0.8640801840707482,
        "train_ROC": 0.997991423887345,
        "n_test": 37885,
        "test_accuracy": 0.7778012405965422,
        "test_f1_micro": 0.7778012405965422,
        "test_f1_macro": 0.631952753149049,
        "test_f1_weighted": 0.7751141682793621,
        "test_ROC": 0.9924645767612496,