{
    "1": {
        "n_train": 37884,
        "n_features_in": 2968,
        "n_features": 32,
        "n_classes": 75,
        "scale": false,
        "normalize": false,
        "train_accuracy": 0.617358251504593,
        "train_f1_micro": 0.617358251504593,
        "train_f1_macro": 0.46415640936800023,
        "train_f1_weighted": 0.6038632487536428,
        "train_ROC": 0.9841570139171267,
        "n_test": 37885,
        "test_accuracy": 0.6026923584532137,
        "test_f1_micro": 0.6026923584532137,
        "test_f1_macro": 0.42849790676927646,
        "test_f1_weighted": 0.5883127048022506,
        "test_ROC": 0.9810970969397032,
        "solution": [1761, 849, 966, 1079, 1264, 2804, 981, 973, 2583, 1062, 212, 1197, 1229, 2139, 2689, 231, 2714, 682, 376, 2014, 2466, 446, 1846, 2331, 817, 2206, 83, 224, 979, 2408, 2124, 2299]
    },
    "2": {
        "n_train": 37884,
        "n_features_in": 2968,
        "n_features": 54,
        "n_classes": 75,
        "scale": false,
        "normalize": false,
        "train_accuracy": 0.7188522859254567,
        "train_f1_micro": 0.7188522859254567,
        "train_f1_macro": 0.5999965056696935,
        "train_f1_weighted": 0.7118992471145047,
        "train_ROC": 0.9913400999479783,
        "n_test": 37885,
        "test_accuracy": 0.6906163389204171,
        "test_f1_micro": 0.6906163389204171,
        "test_f1_macro": 0.5285894463873307,
        "test_f1_weighted": 0.6823779511538279,
        "test_ROC": 0.988010889410692,
        "solution": [1761, 1555, 2239, 982, 2031, 493, 212, 973, 334, 2139, 966, 1264, 2410, 2583, 231, 698, 2819, 2689, 682, 1062, 1224, 1377, 1197, 2014, 372, 331, 2704, 2301, 294, 418, 2613, 2467, 2019, 2041, 86, 979, 1223, 1391, 1408, 849, 2206, 2042, 1846, 446, 1290, 224, 2714, 2507, 2124, 1863, 1189, 380, 2299, 2270]
    },
    "3": {
        "n_train": 37884,
        "n_features_in": 2968,
        "n_features": 79,
        "n_classes": 75,
        "scale": false,
        "normalize": false,
        "train_accuracy": 0.7923397740470911,
        "train_f1_micro": 0.792339774047091,
        "train_f1_macro": 0.7118605952264314,
        "train_f1_weighted": 0.7896994492459318,
        "train_ROC": 0.9955869493084092,
        "n_test": 37885,
        "test_accuracy": 0.7511416127755048,
        "test_f1_micro": 0.751141612775505,
        "test_f1_macro": 0.6124619702053975,
        "test_f1_weighted": 0.7477506710297479,
        "test_ROC": 0.9917890458166094,
        "solution": [1939, 1689, 1555, 2792, 2583, 493, 334, 981, 2299, 170, 1415, 182, 1062, 780, 966, 974, 1079, 371, 212, 1264, 46, 885, 2139, 2714, 1391, 2643, 2236, 2041, 1224, 682, 294, 418, 2425, 1826, 2467, 514, 717, 2056, 755, 325, 2014, 2579, 2152, 1651, 83, 965, 1223, 224, 58, 168, 243, 86, 1846, 1843, 2893, 37, 2301, 1327, 775, 683, 2206, 1835, 723, 1290, 2438, 1392, 979, 2019, 2408, 1377, 2507, 380, 2400, 2544, 1080, 2270, 208, 2300, 1845]
    },
    "4": {
        "n_train": 37884,
        "n_features_in": 2968,
        "n_features": 100,
        "n_classes": 75,
        "scale": false,
        "normalize": false,
        "train_accuracy": 0.8264966740576497,
        "train_f1_micro": 0.8264966740576497,
        "train_f1_macro": 0.7648768108343652,
        "train_f1_weighted": 0.8247714508734196,
        "train_ROC": 0.9967344369254205,
        "n_test": 37885,
        "test_accuracy": 0.7724429193612248,
        "test_f1_micro": 0.7724429193612249,
        "test_f1_macro": 0.633098587684736,
        "test_f1_weighted": 0.7698597101861474,
        "test_ROC": 0.9930993021296963,
        "solution": [2738, 1689, 2239, 1555, 682, 1906, 1603, 982, 1301, 974, 1063, 2897, 1224, 231, 182, 212, 2689, 2410, 966, 1264, 2301, 1939, 2704, 334, 1151, 2139, 46, 2152, 372, 1826, 493, 2714, 2014, 1062, 2583, 780, 973, 717, 885, 294, 514, 1391, 2466, 325, 1843, 224, 747, 418, 755, 1408, 775, 1223, 83, 965, 142, 698, 58, 792, 2544, 1729, 2467, 376, 1743, 209, 1846, 404, 2576, 2299, 128, 37, 232, 260, 850, 723, 2818, 509, 1424, 86, 2866, 2819, 473, 1835, 1290, 1327, 2019, 2408, 170, 1377, 2507, 2124, 1863, 167, 380, 2270, 208, 2763, 2300, 1845, 1954, 702]
    },
    "5": {
        "n_train": 37884,
        "n_features_in": 2968,
        "n_features": 124,
        "n_classes": 75,
        "scale": false,
        "normalize": false,
        "train_accuracy": 0.857881955442931,
        "train_f1_micro": 0.857881955442931,
        "train_f1_macro": 0.8141284225473961,
        "train_f1_weighted": 0.8567470719224461,
        "train_ROC": 0.9978611163185097,
        "n_test": 37885,
        "test_accuracy": 0.7917381549425894,
        "test_f1_micro": 0.7917381549425895,
        "test_f1_macro": 0.6577155108236717,
        "test_f1_weighted": 0.7899087715080995,
        "test_ROC": 0.9940903771858,
        "solution": [2738, 1689, 2239, 1555, 2124, 412, 1377, 1603, 1906, 850, 1553, 182, 981, 1063, 2897, 371, 1062, 212, 973, 2299, 966, 231, 2689, 717, 170, 1939, 2139, 334, 698, 1264, 974, 1224, 1391, 2819, 1826, 2152, 46, 2714, 791, 885, 2014, 682, 780, 418, 493, 965, 960, 2466, 294, 2425, 775, 514, 325, 1223, 723, 2410, 2704, 169, 1229, 1042, 4, 755, 224, 2041, 83, 2467, 1408, 2260, 2056, 372, 2597, 1846, 58, 1843, 982, 2301, 206, 243, 1400, 298, 37, 209, 792, 34, 1743, 473, 267, 128, 401, 2206, 2230, 2409, 2438, 1424, 376, 1850, 683, 380, 251, 2818, 509, 1585, 1845, 1392, 979, 2019, 2408, 2507, 2577, 992, 167, 1842, 2583, 1041, 1080, 2128, 2270, 208, 2763, 1290, 2300, 1954, 702, 2853]
    },
    "6": {
        "n_train": 37884,
        "n_features_in": 2968,
        "n_features": 152,
        "n_classes": 75,
        "scale": false,
        "normalize": false,
        "train_accuracy": 0.8886601203674375,
        "train_f1_micro": 0.8886601203674376,
        "train_f1_macro": 0.8662810885133634,
        "train_f1_weighted": 0.8880134445540453,
        "train_ROC": 0.9987245087318812,
        "n_test": 37885,
        "test_accuracy": 0.8086577801240596,
        "test_f1_micro": 0.8086577801240596,
        "test_f1_macro": 0.6775866976265263,
        "test_f1_weighted": 0.8075157412598326,
        "test_ROC": 0.9948698795355758,
        "solution": [2738, 1689, 1761, 2239, 1555, 2124, 1553, 1377, 1906, 2792, 850, 1603, 182, 334, 1865, 981, 2299, 371, 1063, 2897, 966, 1062, 973, 1415, 231, 212, 2689, 2139, 1939, 2643, 2301, 717, 698, 1264, 965, 885, 2704, 2152, 1391, 1826, 2714, 2410, 974, 780, 2819, 2014, 2466, 682, 46, 2041, 372, 1151, 1100, 960, 493, 775, 791, 325, 418, 1042, 2425, 1223, 1229, 723, 2583, 514, 472, 294, 169, 982, 224, 4, 1408, 1952, 2467, 209, 755, 1224, 1846, 2056, 2544, 83, 2777, 1853, 243, 86, 2955, 58, 1400, 792, 1743, 260, 2438, 298, 992, 2576, 1080, 1835, 1065, 376, 1843, 404, 2206, 1787, 401, 1863, 380, 446, 2230, 1729, 1631, 2300, 1954, 1424, 1320, 412, 1850, 1189, 37, 2138, 2716, 251, 516, 473, 2818, 208, 2763, 1290, 1845, 767, 979, 2019, 2408, 170, 2507, 2577, 167, 993, 872, 2128, 787, 2270, 1385, 509, 318, 1585, 2646, 782, 702, 1642, 2636, 2853]
    },
    "7": {
        "n_train": 37884,
        "n_features_in": 2968,
        "n_features": 175,
        "n_classes": 75,
        "scale": false,
        "normalize": false,
        "train_accuracy": 0.903151726322458,
        "train_f1_micro": 0.903151726322458,
        "train_f1_macro": 0.8919157859460104,
        "train_f1_weighted": 0.9027440707808889,
        "train_ROC": 0.9990640042842304,
        "n_test": 37885,
        "test_accuracy": 0.8094760459284678,
        "test_f1_micro": 0.8094760459284677,
        "test_f1_macro": 0.6757299503777512,
        "test_f1_weighted": 0.8086277460381274,
        "test_ROC": 0.9945617003966464,