{
    "1": {
        "n_train": 37884,
        "n_features_in": 2968,
        "n_features": 30,
        "n_classes": 75,
        "scale": false,
        "normalize": false,
        "train_accuracy": 0.6069316861999788,
        "train_f1_micro": 0.6069316861999788,
        "train_f1_macro": 0.4071734461472818,
        "train_f1_weighted": 0.5847308137802122,
        "train_ROC": 0.979865591246007,
        "n_test": 37885,
        "test_accuracy": 0.5976771809423255,
        "test_f1_micro": 0.5976771809423255,
        "test_f1_macro": 0.375623331825357,
        "test_f1_weighted": 0.5730645255582543,
        "test_ROC": 0.9766859712494297,
        "solution": [49, 169, 194, 412, 592, 682, 775, 969, 979, 981, 1063, 1264, 1555, 1597, 1600, 1685, 1689, 1761, 1853, 1906, 1907, 1939, 2125, 2350, 2423, 2734, 2738, 2751, 2897, 2961]
    },
    "2": {
        "n_train": 37884,
        "n_features_in": 2968,
        "n_features": 54,
        "n_classes": 75,
        "scale": false,
        "normalize": false,
        "train_accuracy": 0.6878893464259318,
        "train_f1_micro": 0.6878893464259318,
        "train_f1_macro": 0.5414815936957751,
        "train_f1_weighted": 0.6768560217208522,
        "train_ROC": 0.9886830790867555,
        "n_test": 37885,
        "test_accuracy": 0.6658308037481853,
        "test_f1_micro": 0.6658308037481853,
        "test_f1_macro": 0.48302500671535903,
        "test_f1_weighted": 0.6524814607565527,
        "test_ROC": 0.984520298766443,
        "solution": [49, 168, 169, 170, 194, 234, 412, 592, 682, 775, 967, 969, 979, 980, 981, 992, 1063, 1256, 1264, 1377, 1391, 1449, 1540, 1555, 1595, 1597, 1600, 1603, 1685, 1689, 1690, 1761, 1846, 1853, 1906, 1907, 1939, 2031, 2125, 2239, 2350, 2408, 2423, 2507, 2594, 2640, 2714, 2734, 2738, 2751, 2768, 2792, 2897, 2961]
    },
    "3": {
        "n_train": 37884,
        "n_features_in": 2968,
        "n_features": 77,
        "n_classes": 75,
        "scale": false,
        "normalize": false,
        "train_accuracy": 0.7349276739520642,
        "train_f1_micro": 0.7349276739520642,
        "train_f1_macro": 0.6172370589917249,
        "train_f1_weighted": 0.7282469601168592,
        "train_ROC": 0.9926125855903395,
        "n_test": 37885,
        "test_accuracy": 0.7057674541375214,
        "test_f1_micro": 0.7057674541375214,
        "test_f1_macro": 0.5337381612420586,
        "test_f1_weighted": 0.6967313287576867,
        "test_ROC": 0.9880502929139167,
        "solution": [33, 35, 49, 167, 168, 169, 170, 185, 194, 234, 371, 412, 592, 682, 775, 872, 966, 967, 969, 979, 980, 981, 982, 983, 992, 993, 1029, 1063, 1148, 1256, 1264, 1301, 1377, 1391, 1449, 1457, 1537, 1540, 1553, 1555, 1595, 1597, 1600, 1603, 1683, 1685, 1689, 1690, 1761, 1846, 1853, 1906, 1907, 1909, 1939, 2031, 2124, 2125, 2239, 2288, 2350, 2368, 2408, 2423, 2507, 2594, 2640, 2714, 2734, 2738, 2751, 2768, 2792, 2896, 2897, 2960, 2961]
    },
    "4": {
        "n_train": 37884,
        "n_features_in": 2968,
        "n_features": 102,
        "n_classes": 75,
        "scale": false,
        "normalize": false,
        "train_accuracy": 0.7753669095132509,
        "train_f1_micro": 0.7753669095132509,
        "train_f1_macro": 0.6873489098348471,
        "train_f1_weighted": 0.7715622858397433,
        "train_ROC": 0.9945779778298148,
        "n_test": 37885,
        "test_accuracy": 0.7307905503497426,
        "test_f1_micro": 0.7307905503497426,
        "test_f1_macro": 0.5740431654384919,
        "test_f1_weighted": 0.7248203625805836,
        "test_ROC": 0.9896339084442222,
        "solution": [33, 34, 35, 49, 56, 167, 168, 169, 170, 185, 194, 234, 371, 372, 404, 412, 514, 592, 682, 775, 850, 872, 913, 966, 967, 969, 979, 980, 981, 982, 983, 992, 993, 1029, 1063, 1148, 1172, 1177, 1256, 1264, 1301, 1358, 1377, 1391, 1449, 1457, 1487, 1537, 1540, 1553, 1555, 1595, 1597, 1600, 1602, 1603, 1636, 1683, 1685, 1689, 1690, 1761, 1765, 1779, 1832, 1846, 1853, 1863, 1865, 1906, 1907, 1909, 1939, 1952, 2031, 2056, 2124, 2125, 2138, 2207, 2239, 2288, 2350, 2368, 2408, 2423, 2471, 2507, 2594, 2640, 2714, 2734, 2737, 2738, 2751, 2768, 2781, 2792, 2896, 2897, 2960, 2961]
    },
    "5": {
        "n_train": 37884,
        "n_features_in": 2968,
        "n_features": 121,
        "n_classes": 75,
        "scale": false,
        "normalize": false,
        "train_accuracy": 0.808124802027241,
        "train_f1_micro": 0.808124802027241,
        "train_f1_macro": 0.7472598454074446,
        "train_f1_weighted": 0.8057453017255488,
        "train_ROC": 0.9960997228686614,
        "n_test": 37885,
        "test_accuracy": 0.7543618846509172,
        "test_f1_micro": 0.7543618846509172,
        "test_f1_macro": 0.5977109501484928,
        "test_f1_weighted": 0.7499010912366948,
        "test_ROC": 0.991177332386234,
        "solution": [33, 34, 35, 37, 49, 56, 137, 163, 167, 168, 169, 170, 185, 194, 234, 371, 372, 404, 412, 514, 592, 682, 686, 775, 776, 850, 872, 913, 966, 967, 969, 973, 979, 980, 981, 982, 983, 992, 993, 1029, 1063, 1148, 1159, 1172, 1177, 1197, 1256, 1264, 1301, 1358, 1377, 1391, 1449, 1457, 1487, 1537, 1540, 1553, 1555, 1595, 1597, 1600, 1602, 1603, 1636, 1683, 1685, 1689, 1690, 1761, 1765, 1779, 1821, 1832, 1843, 1846, 1850, 1853, 1863, 1865, 1906, 1907, 1909, 1939, 1952, 2019, 2031, 2056, 2066, 2124, 2125, 2138, 2207, 2239, 2288, 2331, 2350, 2368, 2408, 2413, 2423, 2425, 2471, 2507, 2572, 2594, 2640, 2714, 2734, 2737, 2738, 2751, 2768, 2781, 2792, 2880, 2893, 2896, 2897, 2960, 2961]
    },
    "6": {
        "n_train": 37884,
        "n_features_in": 2968,
        "n_features": 145,
        "n_classes": 75,
        "scale": false,
        "normalize": false,
        "train_accuracy": 0.8382694541231127,
        "train_f1_micro": 0.8382694541231127,
        "train_f1_macro": 0.7959743785641837,
        "train_f1_weighted": 0.8365759820241527,
        "train_ROC": 0.997146738121779,
        "n_test": 37885,
        "test_accuracy": 0.7734723505345124,
        "test_f1_micro": 0.7734723505345125,
        "test_f1_macro": 0.6200002690016064,
        "test_f1_weighted": 0.7697800461970059,
        "test_ROC": 0.9922083331802554,
        "solution": [33, 34, 35, 37, 49, 56, 137, 163, 167, 168, 169, 170, 171, 185, 187, 194, 234, 314, 334, 371, 372, 404, 412, 446, 514, 592, 682, 683, 686, 775, 776, 849, 850, 872, 913, 966, 967, 969, 973, 979, 980, 981, 982, 983, 992, 993, 1029, 1063, 1148, 1159, 1172, 1177, 1197, 1256, 1264, 1301, 1358, 1377, 1391, 1415, 1449, 1457, 1468, 1487, 1497, 1537, 1540, 1544, 1553, 1555, 1569, 1595, 1597, 1600, 1602, 1603, 1630, 1636, 1683, 1685, 1689, 1690, 1691, 1761, 1765, 1779, 1821, 1832, 1842, 1843, 1846, 1850, 1852, 1853, 1863, 1865, 1906, 1907, 1909, 1939, 1952, 2019, 2021, 2031, 2056, 2066, 2124, 2125, 2138, 2178, 2207, 2239, 2260, 2288, 2331, 2350, 2368, 2408, 2413, 2423, 2425, 2471, 2497, 2507, 2530, 2572, 2577, 2583, 2594, 2640, 2714, 2734, 2737, 2738, 2751, 2768, 2781, 2792, 2880, 2889, 2893, 2896, 2897, 2960, 2961]
    },
    "7": {
        "n_train": 37884,
        "n_features_in": 2968,
        "n_features": 180,
        "n_classes": 75,
        "scale": false,
        "normalize": false,
        "train_accuracy": 0.872452750501531,
        "train_f1_micro": 0.872452750501531,
        "train_f1_macro": 0.8524505623915847,
        "train_f1_weighted": 0.871521945506011,
        "train_ROC": 0.998207199347288,
        "n_test": 37885,
        "test_accuracy": 0.7900488319915534,
        "test_f1_micro": 0.7900488319915534,
        "test_f1_macro": 0.644085642405287,
        "test_f1_weighted": 0.7875722342070157,
        "test_ROC": 0.9928935160308601,