{
    "1": {
        "n_train": 37884,
        "n_features_in": 2968,
        "n_features": 30,
        "n_classes": 75,
        "scale": false,
        "normalize": false,
        "train_accuracy": 0.5315172632245803,
        "train_f1_micro": 0.5315172632245803,
        "train_f1_macro": 0.37057793314592996,
        "train_f1_weighted": 0.5033549733496182,
        "train_ROC": 0.9780947800422879,
        "n_test": 37885,
        "test_accuracy": 0.520839382341296,
        "test_f1_micro": 0.520839382341296,
        "test_f1_macro": 0.3414581105151447,
        "test_f1_weighted": 0.4924531741765819,
        "test_ROC": 0.9741903511329589,
        "solution": [562, 775, 717, 1415, 2408, 966, 1555, 1843, 1689, 2738, 979, 2423, 372, 1761, 981, 212, 49, 2751, 969, 982, 2410, 412, 1264, 1729, 965, 662, 2471, 850, 2239, 1906]
    },
    "2": {
        "n_train": 37884,
        "n_features_in": 2968,
        "n_features": 54,
        "n_classes": 75,
        "scale": false,
        "normalize": false,
        "train_accuracy": 0.6734769295744906,
        "train_f1_micro": 0.6734769295744906,
        "train_f1_macro": 0.5705149221609183,
        "train_f1_weighted": 0.6656871978100997,
        "train_ROC": 0.9900842399697883,
        "n_test": 37885,
        "test_accuracy": 0.6486736175267256,
        "test_f1_micro": 0.6486736175267256,
        "test_f1_macro": 0.49975315360807476,
        "test_f1_weighted": 0.6392836514361311,
        "test_ROC": 0.986478113702863,
        "solution": [1939, 1853, 2071, 965, 371, 372, 231, 1062, 2525, 717, 1259, 966, 791, 1826, 473, 1852, 2507, 412, 562, 775, 973, 1761, 1843, 2041, 982, 2804, 1264, 1907, 1851, 2408, 850, 981, 1555, 979, 1540, 1301, 2423, 980, 472, 1415, 1846, 1603, 1630, 49, 2704, 1842, 2897, 516, 872, 788, 194, 1689, 843, 1952]
    },
    "3": {
        "n_train": 37884,
        "n_features_in": 2968,
        "n_features": 77,
        "n_classes": 75,
        "scale": false,
        "normalize": false,
        "train_accuracy": 0.741130820399113,
        "train_f1_micro": 0.741130820399113,
        "train_f1_macro": 0.6712682874332969,
        "train_f1_weighted": 0.7374234719630421,
        "train_ROC": 0.9936008886236649,
        "n_test": 37885,
        "test_accuracy": 0.7046324402797941,
        "test_f1_micro": 0.7046324402797941,
        "test_f1_macro": 0.570506145464634,
        "test_f1_weighted": 0.6993576017985326,
        "test_ROC": 0.988980712783197,
        "solution": [1939, 1853, 965, 1852, 371, 231, 2719, 717, 412, 2041, 2071, 1952, 791, 1826, 372, 1743, 473, 1468, 973, 1843, 1062, 1259, 516, 2525, 1301, 472, 1206, 1761, 974, 2704, 2643, 562, 294, 966, 2408, 1851, 843, 1079, 1540, 775, 2925, 788, 1846, 2139, 555, 137, 334, 1028, 982, 1145, 981, 1555, 2507, 2014, 1630, 367, 212, 2424, 2804, 980, 1376, 1027, 49, 184, 2754, 182, 170, 2897, 3, 1402, 1907, 850, 194, 552, 370, 2471, 1078]
    },
    "4": {
        "n_train": 37884,
        "n_features_in": 2968,
        "n_features": 102,
        "n_classes": 75,
        "scale": false,
        "normalize": false,
        "train_accuracy": 0.7625646711012565,
        "train_f1_micro": 0.7625646711012565,
        "train_f1_macro": 0.7123035296711654,
        "train_f1_weighted": 0.7598910838411592,
        "train_ROC": 0.9946719147897397,
        "n_test": 37885,
        "test_accuracy": 0.7100963441995513,
        "test_f1_micro": 0.7100963441995511,
        "test_f1_macro": 0.5732345418612974,
        "test_f1_weighted": 0.7057398689602901,
        "test_ROC": 0.9889864416473292,
        "solution": [1853, 1939, 965, 1852, 372, 371, 717, 2041, 412, 1843, 1952, 2719, 231, 1062, 1826, 791, 1301, 1743, 473, 973, 1468, 2071, 1761, 334, 2230, 516, 294, 843, 2643, 2576, 974, 170, 1206, 472, 2704, 182, 2139, 212, 1079, 555, 3, 1145, 2424, 1406, 982, 370, 367, 1376, 2925, 2754, 2014, 189, 2963, 1377, 139, 1402, 2408, 1259, 562, 1028, 2525, 1073, 1961, 2059, 4, 137, 1995, 2133, 2337, 1027, 815, 1630, 966, 2471, 884, 167, 992, 1361, 1223, 2110, 318, 1762, 775, 2737, 49, 983, 1540, 2701, 993, 2425, 1078, 526, 229, 94, 1154, 2804, 788, 1580, 980, 2288, 850, 969]
    },
    "5": {
        "n_train": 37884,
        "n_features_in": 2968,
        "n_features": 121,
        "n_classes": 75,
        "scale": false,
        "normalize": false,
        "train_accuracy": 0.791151937493401,
        "train_f1_micro": 0.791151937493401,
        "train_f1_macro": 0.7554800506523449,
        "train_f1_weighted": 0.7894169818039082,
        "train_ROC": 0.9959068692654135,
        "n_test": 37885,
        "test_accuracy": 0.7269631780388016,
        "test_f1_micro": 0.7269631780388015,
        "test_f1_macro": 0.5869186351101683,
        "test_f1_weighted": 0.7238534989140492,
        "test_ROC": 0.9897370971653343,
        "solution": [1939, 1853, 371, 965, 1852, 717, 1062, 2041, 2719, 412, 1952, 1826, 372, 973, 791, 1743, 1468, 473, 334, 231, 843, 516, 2230, 294, 2071, 170, 562, 974, 1843, 2139, 2643, 367, 1406, 182, 1761, 3, 1206, 2704, 2963, 472, 1079, 1376, 1301, 370, 2576, 1145, 555, 2754, 2424, 212, 139, 2014, 1961, 4, 1402, 2133, 1073, 189, 2059, 2337, 2925, 1028, 318, 1027, 815, 2110, 1361, 1259, 229, 1580, 1762, 526, 884, 137, 2525, 2008, 2568, 94, 1630, 2408, 2701, 982, 659, 983, 1154, 2425, 2081, 1159, 520, 2689, 992, 2471, 1605, 2603, 966, 2897, 2737, 1078, 2007, 2696, 1377, 373, 434, 1305, 1995, 483, 1847, 1223, 993, 2288, 1505, 2636, 598, 2618, 49, 25, 2080, 1540, 430, 184, 167]
    },
    "6": {
        "n_train": 37884,
        "n_features_in": 2968,
        "n_features": 145,
        "n_classes": 75,
        "scale": false,
        "normalize": false,
        "train_accuracy": 0.8234874881216344,
        "train_f1_micro": 0.8234874881216344,
        "train_f1_macro": 0.8036214279571368,
        "train_f1_weighted": 0.8223476117497892,
        "train_ROC": 0.9970610222681987,
        "n_test": 37885,
        "test_accuracy": 0.7448330473802296,
        "test_f1_micro": 0.7448330473802297,
        "test_f1_macro": 0.5999737972117433,
        "test_f1_weighted": 0.7425799394639537,
        "test_ROC": 0.9906804539990322,
        "solution": [2071, 965, 231, 2525, 412, 1028, 1952, 2925, 973, 1206, 2701, 2643, 294, 1062, 555, 2754, 2531, 966, 2424, 1402, 334, 1301, 1743, 974, 2696, 189, 1505, 2704, 1154, 1762, 1078, 1145, 32, 1761, 1361, 884, 1223, 483, 2568, 2081, 434, 94, 166, 2014, 815, 1259, 2059, 1079, 2110, 2689, 1630, 2737, 325, 1248, 2576, 1073, 1108, 212, 139, 2230, 2425, 2408, 443, 1227, 1945, 137, 2897, 2883, 1406, 667, 430, 1027, 1995, 2597, 2471, 2304, 980, 2636, 58, 1540, 639, 1177, 1096, 2937, 598, 626, 2603, 562, 79, 2007, 1656, 2288, 1416, 260, 982, 1605, 2337, 86, 1159, 170, 993, 516, 983, 992, 1377, 1847, 182, 2008, 2618, 370, 526, 229, 872, 1961, 1580, 3, 4, 791, 472, 373, 1305, 2133, 318, 1939, 520, 659, 1376, 473, 2963, 1843, 1852, 843, 371, 2041, 1826, 2719, 2139, 367, 1468, 717, 1853, 372, 2080, 2082, 512]
    },
    "7": {
        "n_train": 37884,
        "n_features_in": 2968,
        "n_features": 180,
        "n_classes": 75,
        "scale": false,
        "normalize": false,
        "train_accuracy": 0.8560870024284658,
        "train_f1_micro": 0.8560870024284658,
        "train_f1_macro": 0.8488813752870398,
        "train_f1_weighted": 0.855385680367868,
        "train_ROC": 0.9980152616338654,
        "n_test": 37885,
        "test_accuracy": 0.7603537019928732,
        "test_f1_micro": 0.7603537019928733,
        "test_f1_macro": 0.6184891111242766,
        "test_f1_weighted": 0.758751225157962,
        "test_ROC": 0.9912442917723213,