{
    "1": {
        "n_train": 37884,
        "n_features_in": 2968,
        "n_features": 30,
        "n_classes": 75,
        "scale": false,
        "normalize": false,
        "train_accuracy": 0.5833597297011931,
        "train_f1_micro": 0.5833597297011931,
        "train_f1_macro": 0.45011385519535896,
        "train_f1_weighted": 0.5701281912148797,
        "train_ROC": 0.98126604994083,
        "n_test": 37885,
        "test_accuracy": 0.5644450310149135,
        "test_f1_micro": 0.5644450310149135,
        "test_f1_macro": 0.40375130924561803,
        "test_f1_weighted": 0.5498516052945662,
        "test_ROC": 0.9766945717129738,
        "solution": [1761, 849, 966, 1079, 1264, 2804, 981, 334, 2583, 973, 212, 2139, 1062, 698, 2014, 780, 1223, 723, 1700, 294, 1377, 1741, 41, 2676, 223, 850, 1843, 2124, 1743, 1287]
    },
    "2": {
        "n_train": 37884,
        "n_features_in": 2968,
        "n_features": 50,
        "n_classes": 75,
        "scale": false,
        "normalize": false,
        "train_accuracy": 0.7309946151409566,
        "train_f1_micro": 0.7309946151409566,
        "train_f1_macro": 0.6191528739901991,
        "train_f1_weighted": 0.7257715432082174,
        "train_ROC": 0.9922086533699709,
        "n_test": 37885,
        "test_accuracy": 0.7065857199419295,
        "test_f1_micro": 0.7065857199419295,
        "test_f1_macro": 0.5564594511154447,
        "test_f1_weighted": 0.7000562059758968,
        "test_ROC": 0.9884575125925831,
        "solution": [1761, 1555, 966, 334, 2031, 979, 170, 973, 372, 182, 698, 493, 2704, 1062, 780, 294, 2301, 212, 1264, 1223, 682, 418, 1826, 1222, 1377, 2139, 2689, 86, 206, 2014, 723, 1630, 849, 1939, 37, 775, 1846, 1842, 850, 2463, 1290, 223, 1229, 208, 980, 2056, 1843, 41, 1287, 1845]
    },
    "3": {
        "n_train": 37884,
        "n_features_in": 2968,
        "n_features": 75,
        "n_classes": 75,
        "scale": false,
        "normalize": false,
        "train_accuracy": 0.7780065462992293,
        "train_f1_micro": 0.7780065462992292,
        "train_f1_macro": 0.6875028467415496,
        "train_f1_weighted": 0.7748246159676491,
        "train_ROC": 0.9950455597554948,
        "n_test": 37885,
        "test_accuracy": 0.7382605252738551,
        "test_f1_micro": 0.7382605252738551,
        "test_f1_macro": 0.5898409628993116,
        "test_f1_weighted": 0.7339453690853902,
        "test_ROC": 0.9906367483110536,
        "solution": [1939, 2239, 1555, 412, 982, 182, 493, 966, 973, 2031, 1224, 2897, 231, 780, 212, 2301, 2689, 2139, 371, 1826, 1391, 334, 1264, 698, 885, 682, 294, 2152, 747, 723, 2014, 1062, 1197, 755, 917, 1630, 1846, 514, 775, 1377, 37, 2698, 1661, 86, 2824, 208, 2041, 1223, 2716, 850, 2597, 1408, 2056, 965, 2424, 1954, 404, 1860, 1145, 473, 2023, 209, 1718, 1845, 979, 2124, 1651, 41, 2120, 1385, 2763, 1290, 509, 1287, 702]
    },
    "4": {
        "n_train": 37884,
        "n_features_in": 2968,
        "n_features": 99,
        "n_classes": 75,
        "scale": false,
        "normalize": false,
        "train_accuracy": 0.8157005596029986,
        "train_f1_micro": 0.8157005596029986,
        "train_f1_macro": 0.7533366608387625,
        "train_f1_weighted": 0.8138376204467321,
        "train_ROC": 0.9967696884442678,
        "n_test": 37885,
        "test_accuracy": 0.766794245743698,
        "test_f1_micro": 0.766794245743698,
        "test_f1_macro": 0.627116901439271,
        "test_f1_weighted": 0.76400907199743,
        "test_ROC": 0.9921376072210777,
        "solution": [2738, 2239, 1689, 1555, 37, 2792, 1906, 850, 182, 981, 973, 334, 2897, 212, 1062, 2301, 966, 371, 2689, 2704, 1865, 2139, 1826, 1939, 780, 885, 1224, 592, 1264, 1843, 2152, 698, 2014, 974, 46, 682, 372, 294, 1197, 2716, 723, 2424, 755, 2425, 2466, 34, 83, 206, 2041, 514, 1846, 86, 243, 1223, 1408, 1630, 493, 2597, 1222, 224, 298, 775, 1729, 1377, 380, 109, 2698, 965, 49, 2577, 849, 2754, 1660, 208, 717, 509, 412, 776, 1145, 473, 209, 1845, 1327, 235, 979, 2125, 2124, 1842, 1651, 1743, 1080, 41, 1385, 791, 2763, 1290, 1287, 782, 702]
    },
    "5": {
        "n_train": 37884,
        "n_features_in": 2968,
        "n_features": 130,
        "n_classes": 75,
        "scale": false,
        "normalize": false,
        "train_accuracy": 0.8615510505754408,
        "train_f1_micro": 0.8615510505754408,
        "train_f1_macro": 0.8280799687747118,
        "train_f1_weighted": 0.860636334917113,
        "train_ROC": 0.9980956436925239,
        "n_test": 37885,
        "test_accuracy": 0.7930315428269764,
        "test_f1_micro": 0.7930315428269763,
        "test_f1_macro": 0.6587740613842827,
        "test_f1_weighted": 0.791261831774847,
        "test_ROC": 0.9937722296177037,
        "solution": [2738, 2239, 1689, 1555, 49, 2124, 1377, 1603, 1906, 850, 1553, 973, 1079, 2689, 182, 212, 231, 2301, 2897, 371, 966, 1063, 2704, 334, 1826, 780, 1939, 1224, 2139, 418, 1264, 294, 1062, 917, 2152, 974, 1391, 982, 698, 2014, 682, 372, 965, 2041, 1358, 2714, 723, 37, 717, 2698, 83, 1843, 514, 755, 960, 1846, 2125, 206, 775, 35, 1630, 1197, 2754, 493, 1661, 2260, 885, 1853, 2206, 41, 86, 243, 404, 1223, 2023, 1964, 380, 2597, 298, 868, 2576, 1852, 2498, 555, 1954, 2425, 2056, 2577, 2583, 1468, 1145, 325, 2333, 473, 1065, 412, 1544, 1651, 1050, 208, 209, 1722, 472, 1845, 1408, 1327, 969, 979, 2019, 2737, 2266, 993, 1743, 1080, 2299, 2120, 1385, 2128, 791, 2763, 1290, 509, 1287, 730, 1053, 224, 782, 1793, 702, 2636]
    },
    "6": {
        "n_train": 37884,
        "n_features_in": 2968,
        "n_features": 155,
        "n_classes": 75,
        "scale": false,
        "normalize": false,
        "train_accuracy": 0.8847534579241896,
        "train_f1_micro": 0.8847534579241896,
        "train_f1_macro": 0.8655278610353251,
        "train_f1_weighted": 0.88417427364241,
        "train_ROC": 0.9986629510813362,
        "n_test": 37885,
        "test_accuracy": 0.8041969117064801,
        "test_f1_micro": 0.8041969117064801,
        "test_f1_macro": 0.6702218548637493,
        "test_f1_weighted": 0.8029532377131331,
        "test_ROC": 0.9941539371671875,
        "solution": [2738, 1939, 2239, 1689, 775, 1555, 2124, 682, 2792, 850, 1603, 1906, 849, 981, 973, 334, 1063, 182, 371, 2897, 212, 2301, 231, 1224, 1865, 966, 2689, 2139, 1062, 2704, 170, 1826, 46, 698, 974, 1264, 372, 885, 2152, 717, 780, 2714, 1391, 2014, 418, 965, 2466, 1660, 294, 2056, 325, 2041, 723, 1223, 1, 1843, 1853, 755, 592, 209, 514, 35, 960, 1743, 1846, 1400, 2716, 206, 982, 1197, 493, 1408, 83, 2424, 1100, 1222, 1630, 2754, 412, 747, 2207, 2206, 86, 2425, 298, 41, 979, 1540, 1415, 2698, 473, 1065, 243, 2288, 380, 2576, 447, 791, 2597, 1236, 1954, 1327, 320, 154, 1377, 404, 2583, 1145, 1823, 472, 1454, 2636, 49, 2577, 993, 37, 868, 1468, 2230, 2824, 208, 2763, 39, 1845, 235, 678, 969, 2019, 2125, 1301, 1842, 2035, 1651, 2042, 913, 1080, 2299, 1852, 2607, 2333, 1385, 2128, 1290, 509, 1287, 730, 1424, 1053, 2110, 2300, 224, 782, 1793, 702, 1022]
    },
    "7": {
        "n_train": 37884,
        "n_features_in": 2968,
        "n_features": 184,
        "n_classes": 75,
        "scale": false,
        "normalize": false,
        "train_accuracy": 0.9045243374511667,
        "train_f1_micro": 0.9045243374511667,
        "train_f1_macro": 0.8972438630398177,
        "train_f1_weighted": 0.9041711685396953,
        "train_ROC": 0.9990885985574194,
        "n_test": 37885,
        "test_accuracy": 0.8112973472350534,
        "test_f1_micro": 0.8112973472350534,
        "test_f1_macro": 0.6796576326816091,
        "test_f1_weighted": 0.8108383809416906,
        "test_ROC": 0.9943491883701993,