{
    "1": {
        "n_features": 7,
        "phenotypes": 7,
        "n_features_in": 16484,
        "JS": 0.2431455194986771,
        "entropy": 0.18299481646089327,
        "pearson": 0.9275280117521641,
        "deconvolution": [0.026236026861102203, 0.06778301403704266, 0.13234438583211752, 0.024105598189546502, 0.3545687569716418, 0.39496221810854937, 0.0],
        "solution": [689, 1223, 1660, 3379, 3869, 4406, 4562]
    },
    "2": {
        "n_features": 14,
        "phenotypes": 7,
        "n_features_in": 16484,
        "JS": 0.1192579249780225,
        "entropy": 0.05175391384509563,
        "pearson": 0.9570962752219689,
        "deconvolution": [0.09524926719052601, 0.05077207932474642, 0.11753085708274379, 0.020245845272954647, 0.30868933979075047, 0.3569855292420064, 0.050527082096272234],
        "solution": [689, 708, 1223, 1355, 1629, 1660, 3287, 3379, 3865, 3869, 4169, 4406, 4562, 4570]
    },
    "3": {
        "n_features": 21,
        "phenotypes": 7,
        "n_features_in": 16484,
        "JS": 0.024574532559906586,
        "entropy": 0.002409259365563826,
        "pearson": 0.9958386396007677,
        "deconvolution": [0.08176101554100607, 0.06693358442146521, 0.10166250473627166, 0.03011147749848814, 0.27472980427985544, 0.2980933665650708, 0.1467082469578426],
        "solution": [330, 689, 708, 1176, 1223, 1355, 1629, 1660, 3072, 3287, 3379, 3432, 3865, 3869, 3871, 4109, 4169, 4406, 4518, 4562, 4570]
    },
    "4": {
        "n_features": 28,
        "phenotypes": 7,
        "n_features_in": 16484,
        "JS": 0.028563509990475237,
        "entropy": 0.0032794579055976172,
        "pearson": 0.9944942308538767,
        "deconvolution": [0.07561545753487074, 0.06783045108718545, 0.109442895582842, 0.028257187165046445, 0.2597481030492228, 0.30845567507841987, 0.1506502305024126],
        "solution": [134, 330, 689, 708, 1176, 1223, 1355, 1395, 1629, 1660, 2550, 3072, 3287, 3379, 3432, 3587, 3865, 3869, 3871, 3901, 4109, 4165, 4169, 4406, 4518, 4538, 4562, 4570]
    },
    "5": {
        "n_features": 35,
        "phenotypes": 7,
        "n_features_in": 16484,
        "JS": 0.029397998087477978,
        "entropy": 0.0034617709552040455,
        "pearson": 0.9947152213893257,
        "deconvolution": [0.08166732963579669, 0.06689235166769418, 0.10843944049083938, 0.028013876079708237, 0.2601468240068908, 0.3060166445292174, 0.14882353358985334],
        "solution": [134, 181, 330, 689, 708, 1176, 1202, 1223, 1355, 1395, 1629, 1660, 1827, 2550, 3072, 3274, 3287, 3379, 3432, 3587, 3855, 3865, 3869, 3871, 3901, 4109, 4165, 4169, 4269, 4406, 4518, 4536, 4538, 4562, 4570]
    },
    "6": {
        "n_features": 42,
        "phenotypes": 7,
        "n_features_in": 16484,
        "JS": 0.028574153434341235,
        "entropy": 0.00326982452961482,
        "pearson": 0.9956063227772034,
        "deconvolution": [0.08522601695584993, 0.0660090173547145, 0.10912186609042154, 0.028823567475590044, 0.2613472009197313, 0.30769532540426736, 0.14177700579942534],
        "solution": [134, 181, 330, 689, 708, 1025, 1176, 1202, 1223, 1355, 1368, 1395, 1629, 1660, 1827, 2550, 3020, 3072, 3117, 3274, 3287, 3379, 3432, 3587, 3855, 3865, 3869, 3871, 3882, 3901, 4109, 4165, 4169, 4269, 4279, 4406, 4518, 4529, 4536, 4538, 4562, 4570]
    },
    "7": {
        "n_features": 49,
        "phenotypes": 7,
        "n_features_in": 16484,
        "JS": 0.02136579516108003,
        "entropy": 0.001811047790381248,
        "pearson": 0.997597987491452,
        "deconvolution": [0.07476885718814068, 0.06704262884087692, 0.10384601059993283, 0.028675237284698136, 0.2682060191320071, 0.3131325260375536, 0.14432872091679075],
        "solution": [53, 134, 181, 330, 689, 708, 1025, 1176, 1178, 1202, 1223, 1355, 1368, 1395, 1629, 1660, 1827, 2479, 2550, 3020, 3072, 3117, 3274, 3287, 3379, 3432, 3438, 3587, 3855, 3865, 3869, 3871, 3882, 3885, 3901, 4109, 4165, 4169, 4177, 4269, 4279, 4406, 4518, 4524, 4529, 4536, 4538, 4562, 4570]
    },
    "8": {
        "n_features": 56,
        "phenotypes": 7,
        "n_features_in": 16484,
        "JS": 0.022092508594991588,
        "entropy": 0.0019351974147103872,
        "pearson": 0.9974228254847586,
        "deconvolution": [0.07506783369636433, 0.06730312028341814, 0.10444878523769689, 0.02794550539755832, 0.266386204420165, 0.31493068632197185, 0.14391786464282563],
        "solution": [53, 54, 134, 181, 330, 689, 708, 1025, 1176, 1178, 1202, 1223, 1355, 1368, 1395, 1629, 1660, 1827, 2033, 2410, 2479, 2550, 3020, 3072, 3117, 3274, 3287, 3308, 3379, 3432, 3438, 3587, 3855, 3865, 3869, 3871, 3882, 3885, 3896, 3901, 4109, 4152, 4165, 4169, 4177, 4269, 4279, 4406, 4518, 4524, 4529, 4536, 4538, 4562, 4568, 4570]
    },
    "9": {
        "n_features": 63,
        "phenotypes": 7,
        "n_features_in": 16484,
        "JS": 0.02692214803395685,
        "entropy": 0.0029027868405199463,
        "pearson": 0.9955907985696508,
        "deconvolution": [0.07399327801168194, 0.06901880644057792, 0.10723311701205972, 0.026725694869653475, 0.26587909645725316, 0.3066861397955607, 0.15046386741321308],
        "solution": [53, 54, 134, 181, 330, 570, 689, 708, 1025, 1176, 1178, 1202, 1223, 1355, 1368, 1374, 1395, 1629, 1660, 1827, 2033, 2410, 2479, 2508, 2550, 3020, 3072, 3117, 3274, 3278, 3287, 3308, 3379, 3432, 3438, 3587, 3845, 3855, 3865, 3869, 3871, 3882, 3885, 3896, 3901, 4109, 4152, 4165, 4169, 4171, 4177, 4269, 4279, 4406, 4518, 4524, 4529, 4536, 4538, 4544, 4562, 4568, 4570]
    },
    "10": {
        "n_features": 70,
        "phenotypes": 7,
        "n_features_in": 16484,
        "JS": 0.025381578122422026,
        "entropy": 0.0025692356192640164,
        "pearson": 0.996341916888261,
        "deconvolution": [0.08046517728318725, 0.06777698772622216, 0.10508096889848094, 0.027549251233996062, 0.26451261473390386, 0.30764280053854937, 0.1469721995856602],
        "solution": [53, 54, 134, 181, 330, 570, 603, 689, 708, 1025, 1176, 1178, 1202, 1223, 1355, 1368, 1374, 1395, 1405, 1629, 1660, 1827, 1998, 2033, 2410, 2479, 2508, 2550, 3020, 3072, 3117, 3272, 3274, 3278, 3287, 3308, 3379, 3432, 3438, 3587, 3669, 3845, 3855, 3865, 3869, 3871, 3882, 3885, 3896, 3901, 4109, 4152, 4165, 4169, 4171, 4175, 4177, 4269, 4279, 4406, 4518, 4524, 4529, 4536, 4538, 4544, 4547, 4562, 4568, 4570]
    },
    "11": {
        "n_features": 77,
        "phenotypes": 7,
        "n_features_in": 16484,
        "JS": 0.02690860555498082,
        "entropy": 0.0028920276876619883,
        "pearson": 0.9958018834399449,
        "deconvolution": [0.08101766944205224, 0.06779889343752041, 0.10553657523000047, 0.027277711655707318, 0.2640646971706038, 0.30591811679833475, 0.14838633626578093],
        "solution": [53, 54, 106, 134, 181, 330, 570, 603, 689, 708, 1025, 1176, 1178, 1202, 1223, 1343, 1355, 1368, 1374, 1395, 1405, 1629, 1660, 1827, 1971, 1998, 2033, 2410, 2479, 2508, 2550, 3020, 3072, 3117, 3272, 3274, 3278, 3287, 3302, 3308, 3379, 3432, 3438, 3587, 3669, 3845, 3855, 3865, 3869, 3871, 3882, 3885, 3896, 3897, 3901, 4109, 4152, 4165, 4169, 4171, 4175, 4177, 4188, 4269, 4279, 4406, 4518, 4524, 4529, 4536, 4538, 4544, 4547, 4554, 4562, 4568, 4570]
    },
    "12": {
        "n_features": 84,
        "phenotypes": 7,
        "n_features_in": 16484,
        "JS": 0.02678845315747571,
        "entropy": 0.0028758740286879136,
        "pearson": 0.9959921805395324,
        "deconvolution": [0.08444418084539379, 0.06877726248518111, 0.10461740126499507, 0.02763052176654549, 0.2628572747594685, 0.3049485320725947, 0.14672482680582144],