{
    "1": {
        "n_train": 37884,
        "n_features_in": 2968,
        "n_features": 30,
        "n_classes": 75,
        "scale": false,
        "normalize": false,
        "train_accuracy": 0.5976401647133355,
        "train_f1_micro": 0.5976401647133355,
        "train_f1_macro": 0.39487571683103556,
        "train_f1_weighted": 0.5752974810757402,
        "train_ROC": 0.9807103516107702,
        "n_test": 37885,
        "test_accuracy": 0.585535172231754,
        "test_f1_micro": 0.585535172231754,
        "test_f1_macro": 0.364075727079063,
        "test_f1_weighted": 0.5606645978653825,
        "test_ROC": 0.977102537232755,
        "solution": [49, 194, 234, 412, 682, 775, 969, 979, 981, 1063, 1449, 1540, 1555, 1597, 1685, 1689, 1761, 1906, 1907, 1939, 2031, 2125, 2239, 2350, 2408, 2423, 2734, 2738, 2751, 2961]
    },
    "2": {
        "n_train": 37884,
        "n_features_in": 2968,
        "n_features": 54,
        "n_classes": 75,
        "scale": false,
        "normalize": false,
        "train_accuracy": 0.6649509027557808,
        "train_f1_micro": 0.6649509027557808,
        "train_f1_macro": 0.5124726553905382,
        "train_f1_weighted": 0.6522731609078192,
        "train_ROC": 0.9883130158261757,
        "n_test": 37885,
        "test_accuracy": 0.6440279794113766,
        "test_f1_micro": 0.6440279794113766,
        "test_f1_macro": 0.4552806147014623,
        "test_f1_weighted": 0.6288376161917235,
        "test_ROC": 0.9841433907940978,
        "solution": [49, 194, 234, 371, 412, 682, 775, 872, 967, 969, 979, 980, 981, 1063, 1256, 1264, 1377, 1449, 1537, 1540, 1555, 1597, 1600, 1603, 1685, 1689, 1690, 1761, 1842, 1846, 1906, 1907, 1939, 2031, 2056, 2066, 2124, 2125, 2239, 2350, 2408, 2423, 2471, 2507, 2734, 2738, 2751, 2768, 2792, 2804, 2896, 2897, 2960, 2961]
    },
    "3": {
        "n_train": 37884,
        "n_features_in": 2968,
        "n_features": 77,
        "n_classes": 75,
        "scale": false,
        "normalize": false,
        "train_accuracy": 0.7198553479041284,
        "train_f1_micro": 0.7198553479041284,
        "train_f1_macro": 0.5986129168973195,
        "train_f1_weighted": 0.7121436849460154,
        "train_ROC": 0.9915341284029023,
        "n_test": 37885,
        "test_accuracy": 0.6883727068760723,
        "test_f1_micro": 0.6883727068760723,
        "test_f1_macro": 0.5119736757896766,
        "test_f1_weighted": 0.6788256069164122,
        "test_ROC": 0.9868535408470477,
        "solution": [33, 49, 56, 168, 170, 194, 234, 371, 404, 412, 592, 682, 775, 792, 872, 967, 969, 979, 980, 981, 982, 992, 1063, 1148, 1159, 1172, 1256, 1264, 1377, 1391, 1449, 1537, 1540, 1553, 1555, 1595, 1597, 1600, 1603, 1636, 1685, 1689, 1690, 1761, 1821, 1842, 1846, 1906, 1907, 1939, 2031, 2056, 2066, 2124, 2125, 2207, 2239, 2288, 2350, 2368, 2408, 2423, 2471, 2507, 2640, 2734, 2737, 2738, 2751, 2768, 2781, 2792, 2804, 2896, 2897, 2960, 2961]
    },
    "4": {
        "n_train": 37884,
        "n_features_in": 2968,
        "n_features": 102,
        "n_classes": 75,
        "scale": false,
        "normalize": false,
        "train_accuracy": 0.7677911519374934,
        "train_f1_micro": 0.7677911519374934,
        "train_f1_macro": 0.6776812041547895,
        "train_f1_weighted": 0.763290589827831,
        "train_ROC": 0.9941832821986011,
        "n_test": 37885,
        "test_accuracy": 0.7232941797545203,
        "test_f1_micro": 0.7232941797545202,
        "test_f1_macro": 0.5633899405012648,
        "test_f1_weighted": 0.7169301818658125,
        "test_ROC": 0.9892679845421362,
        "solution": [33, 34, 35, 37, 49, 56, 83, 137, 163, 167, 168, 169, 170, 185, 194, 234, 314, 371, 404, 412, 592, 662, 682, 683, 775, 792, 872, 966, 967, 969, 979, 980, 981, 982, 992, 1063, 1148, 1159, 1164, 1172, 1177, 1256, 1264, 1301, 1377, 1391, 1430, 1449, 1537, 1540, 1553, 1555, 1595, 1597, 1600, 1602, 1603, 1630, 1636, 1685, 1689, 1690, 1761, 1821, 1842, 1846, 1906, 1907, 1939, 2031, 2056, 2066, 2124, 2125, 2138, 2207, 2230, 2239, 2288, 2350, 2368, 2408, 2410, 2413, 2423, 2471, 2507, 2579, 2640, 2714, 2734, 2737, 2738, 2751, 2768, 2781, 2792, 2804, 2896, 2897, 2960, 2961]
    },
    "5": {
        "n_train": 37884,
        "n_features_in": 2968,
        "n_features": 121,
        "n_classes": 75,
        "scale": false,
        "normalize": false,
        "train_accuracy": 0.8106588533417801,
        "train_f1_micro": 0.8106588533417801,
        "train_f1_macro": 0.7517887098011525,
        "train_f1_weighted": 0.8079604881745147,
        "train_ROC": 0.9961441575026625,
        "n_test": 37885,
        "test_accuracy": 0.7568166820641414,
        "test_f1_micro": 0.7568166820641414,
        "test_f1_macro": 0.608528466941811,
        "test_f1_weighted": 0.752397917196156,
        "test_ROC": 0.9914572939180054,
        "solution": [33, 34, 35, 37, 49, 56, 83, 137, 163, 167, 168, 169, 170, 185, 194, 234, 314, 371, 372, 404, 412, 514, 592, 662, 682, 683, 775, 776, 792, 859, 872, 913, 960, 966, 967, 969, 973, 979, 980, 981, 982, 983, 992, 993, 1063, 1148, 1159, 1164, 1172, 1177, 1197, 1256, 1264, 1301, 1377, 1391, 1430, 1449, 1537, 1540, 1553, 1555, 1595, 1597, 1600, 1602, 1603, 1630, 1636, 1685, 1689, 1690, 1761, 1821, 1832, 1842, 1843, 1846, 1850, 1853, 1863, 1906, 1907, 1939, 2019, 2031, 2056, 2066, 2124, 2125, 2138, 2207, 2230, 2239, 2288, 2350, 2368, 2408, 2410, 2413, 2423, 2471, 2497, 2507, 2579, 2583, 2594, 2640, 2714, 2734, 2737, 2738, 2751, 2768, 2781, 2792, 2804, 2896, 2897, 2960, 2961]
    },
    "6": {
        "n_train": 37884,
        "n_features_in": 2968,
        "n_features": 145,
        "n_classes": 75,
        "scale": false,
        "normalize": false,
        "train_accuracy": 0.8381638686516736,
        "train_f1_micro": 0.8381638686516736,
        "train_f1_macro": 0.7974788205842063,
        "train_f1_weighted": 0.8363871222585045,
        "train_ROC": 0.9970933671247656,
        "n_test": 37885,
        "test_accuracy": 0.7722581496634552,
        "test_f1_micro": 0.7722581496634552,
        "test_f1_macro": 0.6242619242460921,
        "test_f1_weighted": 0.7688845258550556,
        "test_ROC": 0.9923147440095886,
        "solution": [33, 34, 35, 37, 49, 56, 83, 137, 163, 164, 167, 168, 169, 170, 185, 194, 231, 234, 314, 320, 371, 372, 404, 412, 446, 514, 592, 662, 682, 683, 686, 775, 776, 780, 792, 849, 859, 868, 872, 913, 960, 966, 967, 969, 973, 979, 980, 981, 982, 983, 992, 993, 1063, 1148, 1159, 1164, 1172, 1177, 1197, 1256, 1264, 1301, 1358, 1377, 1391, 1415, 1430, 1449, 1487, 1517, 1537, 1540, 1553, 1555, 1595, 1597, 1599, 1600, 1602, 1603, 1630, 1636, 1685, 1689, 1690, 1691, 1761, 1765, 1821, 1832, 1842, 1843, 1846, 1850, 1853, 1863, 1865, 1906, 1907, 1909, 1939, 2019, 2031, 2056, 2066, 2124, 2125, 2138, 2207, 2230, 2239, 2288, 2331, 2332, 2350, 2368, 2408, 2410, 2413, 2423, 2471, 2497, 2507, 2544, 2577, 2579, 2583, 2594, 2637, 2640, 2714, 2734, 2737, 2738, 2751, 2768, 2781, 2792, 2804, 2893, 2896, 2897, 2929, 2960, 2961]
    },
    "7": {
        "n_train": 37884,
        "n_features_in": 2968,
        "n_features": 180,
        "n_classes": 75,
        "scale": false,
        "normalize": false,
        "train_accuracy": 0.8636891563720832,
        "train_f1_micro": 0.8636891563720833,
        "train_f1_macro": 0.8391409427590938,
        "train_f1_weighted": 0.8625332889898838,
        "train_ROC": 0.9979285134041648,
        "n_test": 37885,
        "test_accuracy": 0.7821565263296819,
        "test_f1_micro": 0.7821565263296819,
        "test_f1_macro": 0.6312813490469404,
        "test_f1_weighted": 0.7793225258238526,
        "test_ROC": 0.9923469325835722,