{
    "1": {
        "n_train": 37884,
        "n_features_in": 2968,
        "n_features": 30,
        "n_classes": 75,
        "scale": false,
        "normalize": false,
        "train_accuracy": 0.5656213704994193,
        "train_f1_micro": 0.5656213704994193,
        "train_f1_macro": 0.42978971051481757,
        "train_f1_weighted": 0.5517995449807552,
        "train_ROC": 0.9790294918506262,
        "n_test": 37885,
        "test_accuracy": 0.5504289296555365,
        "test_f1_micro": 0.5504289296555365,
        "test_f1_macro": 0.3853518607422486,
        "test_f1_weighted": 0.5352365987583524,
        "test_ROC": 0.974834790178236,
        "solution": [1761, 849, 966, 1079, 1264, 2804, 1791, 334, 973, 780, 917, 2139, 231, 2583, 2689, 168, 1197, 412, 723, 376, 1602, 1823, 1945, 2300, 982, 1741, 224, 1537, 380, 698]
    },
    "2": {
        "n_train": 37884,
        "n_features_in": 2968,
        "n_features": 54,
        "n_classes": 75,
        "scale": false,
        "normalize": false,
        "train_accuracy": 0.7058652729384437,
        "train_f1_micro": 0.7058652729384437,
        "train_f1_macro": 0.5928044853721409,
        "train_f1_weighted": 0.6996020995152136,
        "train_ROC": 0.9910630154329696,
        "n_test": 37885,
        "test_accuracy": 0.6780256038009767,
        "test_f1_micro": 0.6780256038009767,
        "test_f1_macro": 0.5283918257954529,
        "test_f1_weighted": 0.6708510939128844,
        "test_ROC": 0.9870321411045347,
        "solution": [2239, 979, 1377, 1301, 2583, 170, 2299, 966, 974, 372, 1079, 212, 182, 46, 1264, 1062, 1224, 448, 2704, 2019, 514, 325, 2041, 2139, 1391, 2689, 1651, 780, 83, 1416, 1945, 1846, 2714, 2424, 2408, 1826, 493, 2266, 1338, 960, 698, 2230, 1823, 1124, 49, 2301, 412, 56, 2124, 380, 334, 208, 2300, 702]
    },
    "3": {
        "n_train": 37884,
        "n_features_in": 2968,
        "n_features": 77,
        "n_classes": 75,
        "scale": false,
        "normalize": false,
        "train_accuracy": 0.7792207792207793,
        "train_f1_micro": 0.7792207792207793,
        "train_f1_macro": 0.6915125393296584,
        "train_f1_weighted": 0.7764739989352322,
        "train_ROC": 0.9950624900825623,
        "n_test": 37885,
        "test_accuracy": 0.7405569486604197,
        "test_f1_micro": 0.7405569486604197,
        "test_f1_macro": 0.5990880855625459,
        "test_f1_weighted": 0.7361695368137116,
        "test_ROC": 0.9913384806620168,
        "solution": [1939, 1689, 1555, 2792, 37, 1301, 1906, 982, 974, 1223, 2897, 182, 966, 1062, 371, 1264, 2689, 2301, 212, 2139, 1391, 334, 780, 2041, 2714, 2704, 2152, 681, 294, 83, 2466, 320, 2410, 755, 231, 973, 1660, 2424, 1651, 46, 1599, 109, 2014, 298, 1846, 1823, 960, 1826, 723, 2597, 1408, 2056, 792, 2266, 164, 775, 2019, 980, 1416, 209, 2174, 376, 49, 412, 404, 2300, 1683, 1377, 56, 2124, 380, 1952, 208, 509, 2459, 702, 1953]
    },
    "4": {
        "n_train": 37884,
        "n_features_in": 2968,
        "n_features": 102,
        "n_classes": 75,
        "scale": false,
        "normalize": false,
        "train_accuracy": 0.8206894731284975,
        "train_f1_micro": 0.8206894731284975,
        "train_f1_macro": 0.75447068872848,
        "train_f1_weighted": 0.8188694037723332,
        "train_ROC": 0.9967201176002211,
        "n_test": 37885,
        "test_accuracy": 0.7684043816814042,
        "test_f1_micro": 0.7684043816814042,
        "test_f1_macro": 0.6256990845093653,
        "test_f1_weighted": 0.764896520368039,
        "test_ROC": 0.9925808176213237,
        "solution": [1939, 1689, 2239, 1555, 981, 1377, 2792, 850, 1906, 37, 182, 1062, 2897, 966, 2301, 371, 1224, 2689, 334, 212, 2819, 974, 1449, 1264, 2041, 2704, 2139, 698, 294, 780, 418, 973, 791, 1826, 723, 2714, 1391, 2152, 231, 320, 46, 2466, 755, 1223, 2424, 1197, 1058, 493, 1952, 792, 83, 682, 35, 849, 2014, 2174, 376, 2110, 224, 1846, 1408, 982, 1823, 965, 775, 1416, 164, 86, 2266, 1630, 446, 639, 443, 185, 2056, 209, 1672, 2618, 2300, 1631, 412, 980, 2577, 2583, 1860, 684, 1080, 2019, 49, 56, 380, 2579, 872, 1213, 208, 318, 509, 2459, 908, 702, 1953, 2825]
    },
    "5": {
        "n_train": 37884,
        "n_features_in": 2968,
        "n_features": 121,
        "n_classes": 75,
        "scale": false,
        "normalize": false,
        "train_accuracy": 0.846716291838243,
        "train_f1_micro": 0.846716291838243,
        "train_f1_macro": 0.7971553961432941,
        "train_f1_weighted": 0.8455848005484178,
        "train_ROC": 0.9976484469067893,
        "n_test": 37885,
        "test_accuracy": 0.7891777748449255,
        "test_f1_micro": 0.7891777748449255,
        "test_f1_macro": 0.6536634807732137,
        "test_f1_weighted": 0.7868052550364275,
        "test_ROC": 0.9936159787454509,
        "solution": [1939, 1689, 2239, 1555, 981, 49, 682, 850, 1906, 2897, 334, 982, 2583, 2301, 1062, 182, 966, 973, 212, 371, 1063, 170, 1224, 231, 2689, 2819, 717, 1264, 974, 698, 2139, 885, 2410, 46, 780, 2704, 2041, 1391, 2152, 2714, 418, 723, 1843, 2466, 320, 2698, 1223, 412, 1826, 755, 1408, 294, 168, 2300, 2135, 224, 35, 1400, 1630, 2014, 376, 1651, 83, 2174, 2597, 775, 965, 1750, 1599, 1823, 1846, 2424, 1416, 86, 1377, 792, 2777, 2056, 37, 298, 2124, 404, 109, 446, 208, 1945, 2266, 1952, 2230, 1743, 2700, 517, 2618, 1954, 2019, 980, 2579, 223, 2754, 1606, 325, 209, 1938, 2110, 1065, 979, 185, 2471, 380, 1791, 913, 1213, 1751, 509, 2459, 908, 1795, 702, 2636, 1953, 2825]
    },
    "6": {
        "n_train": 37884,
        "n_features_in": 2968,
        "n_features": 145,
        "n_classes": 75,
        "scale": false,
        "normalize": false,
        "train_accuracy": 0.8767817548305353,
        "train_f1_micro": 0.8767817548305353,
        "train_f1_macro": 0.8446057351684279,
        "train_f1_weighted": 0.8761266683531141,
        "train_ROC": 0.9984669390748945,
        "n_test": 37885,
        "test_accuracy": 0.8027979411376535,
        "test_f1_micro": 0.8027979411376535,
        "test_f1_macro": 0.6660800401806678,
        "test_f1_weighted": 0.8011283683384531,
        "test_ROC": 0.9939989921943381,
        "solution": [1939, 1761, 1689, 2239, 1555, 979, 1553, 682, 982, 1906, 966, 1377, 850, 1079, 2031, 2689, 170, 182, 371, 973, 212, 231, 2301, 1224, 334, 2897, 2704, 1062, 46, 1264, 917, 780, 2139, 1826, 974, 2466, 1391, 2410, 2152, 2041, 698, 294, 885, 791, 1660, 2714, 717, 2425, 2698, 965, 723, 2757, 775, 2236, 412, 320, 418, 2583, 185, 1223, 514, 1651, 1743, 376, 755, 1843, 35, 1630, 2618, 1400, 2174, 404, 1197, 2014, 83, 1823, 792, 2700, 493, 1945, 2424, 224, 1408, 446, 243, 1846, 168, 1416, 1645, 2135, 2110, 2438, 1952, 372, 2597, 1836, 86, 1540, 2206, 208, 1672, 2300, 1065, 1954, 2777, 980, 2954, 37, 2230, 777, 251, 473, 639, 209, 555, 2636, 2579, 1080, 2042, 2754, 325, 2467, 1236, 235, 2019, 49, 2124, 1301, 992, 380, 2138, 1860, 872, 913, 1766, 1751, 318, 509, 2459, 908, 1795, 2549, 702, 1953, 2825]
    },
    "7": {
        "n_train": 37884,
        "n_features_in": 2968,
        "n_features": 180,
        "n_classes": 75,
        "scale": false,
        "normalize": false,
        "train_accuracy": 0.90291415901172,
        "train_f1_micro": 0.90291415901172,
        "train_f1_macro": 0.8910623814880351,
        "train_f1_weighted": 0.9025193723087028,
        "train_ROC": 0.9990309371597234,
        "n_test": 37885,
        "test_accuracy": 0.8141744753860367,
        "test_f1_micro": 0.8141744753860367,
        "test_f1_macro": 0.675055362019508,
        "test_f1_weighted": 0.8128891625308237,
        "test_ROC": 0.994324778721063,