{
    "1": {
        "n_features": 56,
        "phenotypes": 75,
        "n_features_in": 2968,
        "JS": 0.26535507284310605,
        "entropy": 0.31544177819671515,
        "pearson": 0.7849286799631137,
        "deconvolution": [0.010100634393671452, 0.008170575862348083, 0.0, 0.012939710609093845, 0.026961828882367166, 0.018236032805743475, 0.007725457033261918, 0.006087981614895454, 0.006149498330981878, 0.002545297714787255, 5.781652439447294e-05, 0.019455510429571766, 0.0, 0.012379315719076267, 0.0, 0.005810373208747295, 0.0, 0.0022292138321857056, 0.05449012025637892, 0.031094963174220308, 0.01702922277003792, 0.0029692949833331635, 0.029260302011365633, 0.05704619133327398, 0.0, 0.003361420686541486, 0.0014288686667715614, 0.014291295581771528, 0.004300093986785273, 0.0, 0.0, 0.017414698405371083, 0.02227288434985883, 0.027948044576893063, 0.010251731890666128, 0.006940227262541643, 0.014418803983482963, 0.008316521716692008, 0.0017810253044051715, 0.0002395295664908526, 0.015867091975489918, 0.01776971817616475, 0.012082925154602879, 0.008140895847268497, 0.021773465486946118, 0.017875495636271513, 0.010630122210465803, 0.010731046376288116, 0.020370942284760826, 0.0060029493953748, 0.014794528158577031, 0.05588108122929225, 0.017477416736591193, 0.0023142005164474935, 0.01154326824377839, 0.0, 0.01342318151342307, 0.04217569902464941, 0.02542523381632984, 0.011170497134267413, 0.003065974693361128, 0.011160156250372762, 0.017698769533429706, 0.0, 0.008977865907723826, 0.0, 0.026188638370167275, 0.0, 0.02315102092770468, 0.0166762248989008, 0.01245612600803367, 0.018030380978239068, 0.03284984835655153, 0.022664709060192117, 0.00792603863032664],
        "solution": [34, 164, 185, 192, 194, 209, 231, 286, 320, 404, 472, 562, 592, 662, 717, 775, 792, 812, 820, 850, 869, 965, 966, 985, 1415, 1449, 1537, 1540, 1603, 1645, 1683, 1685, 1843, 1853, 1935, 2066, 2070, 2071, 2138, 2152, 2174, 2207, 2230, 2239, 2408, 2467, 2471, 2579, 2594, 2714, 2734, 2738, 2751, 2804, 2866, 2961]
    },
    "2": {
        "n_features": 93,
        "phenotypes": 75,
        "n_features_in": 2968,
        "JS": 0.22923439751425756,
        "entropy": 0.2074019907916134,
        "pearson": 0.8824338731614653,
        "deconvolution": [0.007560401360349486, 0.016762504238135707, 0.0029359267019037375, 0.0, 0.0570581164865209, 0.03322132466668353, 0.019351454915735897, 0.0008134957519865719, 0.0014599574877402369, 0.005133176720347247, 0.004231711059567253, 0.010648270361501202, 0.004442650378202803, 0.010096185145929082, 0.0, 0.0006632606675992235, 0.0, 0.012444949426442442, 0.056356238765435086, 0.04087008234677622, 0.003428794082642474, 0.0025340958845651153, 0.023401048926031787, 0.05969500756229946, 0.008701433135803825, 9.14058746048247e-05, 0.0028431826839775283, 0.01926544612866305, 0.004886357246218563, 0.0001738985793186394, 0.0016773993404181069, 0.0341880343051303, 0.028434156049931034, 0.03175398020035234, 0.0, 0.01846896329153892, 0.01648199637912079, 0.0, 9.006689300905554e-05, 0.003030903537591837, 0.014657742174926767, 0.020138292018342944, 0.009638316391748673, 0.0, 0.012908730891037081, 0.02494143254209924, 0.0020632453713073456, 0.009316896590417692, 0.018173126621616964, 0.0022563476867152772, 0.014666522474669857, 0.057054794351229184, 0.013691221526306335, 0.0033099219706696236, 0.01460391185207345, 0.0, 0.0069102715120147, 0.04259488961658342, 0.03605446623848071, 0.0039558129335094784, 0.0, 0.009721126493759438, 0.021710513602499718, 0.006554030802331925, 0.011911574526592441, 0.007059815107110682, 0.001747941533932425, 0.0025868624595399296, 0.007943380572519301, 0.0028253904906819474, 0.00967956599620275, 0.009213619462840597, 0.04287891804417829, 0.01603544156198754, 0.0],
        "solution": [33, 34, 58, 164, 185, 192, 194, 208, 209, 231, 286, 320, 370, 371, 372, 404, 446, 472, 494, 509, 552, 562, 592, 662, 682, 686, 717, 741, 775, 792, 812, 820, 843, 850, 869, 965, 966, 967, 984, 985, 1063, 1122, 1159, 1231, 1327, 1391, 1393, 1400, 1415, 1449, 1537, 1540, 1597, 1603, 1645, 1683, 1685, 1843, 1845, 1853, 1907, 1935, 2066, 2070, 2071, 2124, 2138, 2152, 2174, 2207, 2230, 2236, 2239, 2408, 2423, 2467, 2471, 2579, 2594, 2638, 2656, 2714, 2716, 2734, 2738, 2751, 2792, 2804, 2823, 2866, 2896, 2937, 2961]
    },
    "3": {
        "n_features": 133,
        "phenotypes": 75,
        "n_features_in": 2968,
        "JS": 0.19944133073173095,
        "entropy": 0.17530338099058726,
        "pearson": 0.9249671684158502,
        "deconvolution": [0.0, 0.017961469351754633, 0.004954301251739489, 0.00029879317023895775, 0.05307697093707262, 0.01831047296560192, 0.023776809006373915, 0.0055725891486702, 0.005110717788733119, 0.0, 0.00035659031484984325, 0.013761125175565376, 0.003651503499513862, 0.00956624229066151, 0.0, 0.011747734490352123, 0.0036367510448799896, 0.01054360501695808, 0.05697608739006638, 0.04550684787437646, 0.004141926808300369, 0.0056316242371865525, 0.024757586831609783, 0.06498090804890556, 0.008393186053427041, 0.0, 0.009836782782316441, 0.010195961191209612, 0.003980574474557689, 0.00041431967304496846, 0.004870200099923131, 0.04395154825683285, 0.02325652266339261, 0.02340883275432917, 0.0, 0.015090262447807475, 0.0016917149451871436, 0.00565482378865508, 0.00025830150605314926, 0.008381032609322827, 0.013975436968244609, 0.016756255515047436, 0.005568498748097867, 0.012383387571421975, 0.0051561090004010116, 0.018504955271069778, 0.0020055179425674803, 0.009767114778257705, 0.01982202160553935, 0.009942913285326052, 0.01679620079473691, 0.058548533570067236, 0.013579929934361756, 0.0004501027525602487, 0.017698805979672553, 0.0010944119881900792, 0.0066504099885178625, 0.042426833742000514, 0.01818037794595438, 0.007925398612881876, 0.013889427468523705, 0.0063871699141469455, 0.004761517424548981, 0.017263056564571656, 0.012469140509962243, 0.006752172146200244, 0.002951153467730367, 0.0012793879321304263, 0.014749365411735658, 0.0, 0.015701047907670324, 0.008304790627403415, 0.04287629932374565, 0.01167753541724385, 0.0],
        "solution": [33, 34, 35, 58, 137, 164, 169, 185, 192, 194, 208, 209, 231, 286, 313, 314, 320, 358, 370, 371, 372, 376, 378, 379, 380, 404, 446, 472, 473, 494, 509, 552, 562, 592, 662, 682, 686, 717, 741, 775, 792, 812, 820, 840, 843, 850, 869, 913, 965, 966, 967, 969, 982, 984, 985, 1063, 1122, 1151, 1159, 1231, 1264, 1320, 1327, 1391, 1393, 1400, 1415, 1449, 1537, 1540, 1597, 1603, 1631, 1645, 1647, 1660, 1683, 1685, 1689, 1729, 1743, 1761, 1763, 1843, 1845, 1852, 1853, 1907, 1909, 1935, 1939, 2066, 2070, 2071, 2124, 2138, 2152, 2174, 2207, 2230, 2236, 2239, 2332, 2333, 2350, 2408, 2410, 2423, 2467, 2471, 2507, 2530, 2579, 2594, 2638, 2656, 2714, 2716, 2734, 2738, 2751, 2757, 2768, 2781, 2792, 2804, 2823, 2866, 2896, 2927, 2937, 2960, 2961]
    },
    "4": {
        "n_features": 168,
        "phenotypes": 75,
        "n_features_in": 2968,
        "JS": 0.1660569217607512,
        "entropy": 0.11130274395054097,
        "pearson": 0.9578402764422705,