{
    "1": {
        "n_train": 37884,
        "n_features_in": 2968,
        "n_features": 56,
        "n_classes": 75,
        "scale": false,
        "normalize": false,
        "train_accuracy": 0.6225583359729702,
        "train_f1_micro": 0.6225583359729702,
        "train_f1_macro": 0.4810098175880389,
        "train_f1_weighted": 0.6095273066065564,
        "train_ROC": 0.9853692844690581,
        "n_test": 37885,
        "test_accuracy": 0.5965157714134882,
        "test_f1_micro": 0.5965157714134882,
        "test_f1_macro": 0.421298481106406,
        "test_f1_weighted": 0.5818849235735443,
        "test_ROC": 0.9805472179685211,
        "solution": [34, 164, 185, 192, 194, 209, 231, 286, 320, 404, 472, 562, 592, 662, 717, 775, 792, 812, 820, 850, 869, 965, 966, 985, 1415, 1449, 1537, 1540, 1603, 1645, 1683, 1685, 1843, 1853, 1935, 2066, 2070, 2071, 2138, 2152, 2174, 2207, 2230, 2239, 2408, 2467, 2471, 2579, 2594, 2714, 2734, 2738, 2751, 2804, 2866, 2961]
    },
    "2": {
        "n_train": 37884,
        "n_features_in": 2968,
        "n_features": 93,
        "n_classes": 75,
        "scale": false,
        "normalize": false,
        "train_accuracy": 0.7085577024601415,
        "train_f1_micro": 0.7085577024601415,
        "train_f1_macro": 0.5942056896404481,
        "train_f1_weighted": 0.7009129653676035,
        "train_ROC": 0.9913028461877551,
        "n_test": 37885,
        "test_accuracy": 0.6637455457305002,
        "test_f1_micro": 0.6637455457305002,
        "test_f1_macro": 0.49277081314625054,
        "test_f1_weighted": 0.6542618918957946,
        "test_ROC": 0.9853459510052759,
        "solution": [33, 34, 58, 164, 185, 192, 194, 208, 209, 231, 286, 320, 370, 371, 372, 404, 446, 472, 494, 509, 552, 562, 592, 662, 682, 686, 717, 741, 775, 792, 812, 820, 843, 850, 869, 965, 966, 967, 984, 985, 1063, 1122, 1159, 1231, 1327, 1391, 1393, 1400, 1415, 1449, 1537, 1540, 1597, 1603, 1645, 1683, 1685, 1843, 1845, 1853, 1907, 1935, 2066, 2070, 2071, 2124, 2138, 2152, 2174, 2207, 2230, 2236, 2239, 2408, 2423, 2467, 2471, 2579, 2594, 2638, 2656, 2714, 2716, 2734, 2738, 2751, 2792, 2804, 2823, 2866, 2896, 2937, 2961]
    },
    "3": {
        "n_train": 37884,
        "n_features_in": 2968,
        "n_features": 133,
        "n_classes": 75,
        "scale": false,
        "normalize": false,
        "train_accuracy": 0.779009608277901,
        "train_f1_micro": 0.779009608277901,
        "train_f1_macro": 0.7060807889334066,
        "train_f1_weighted": 0.7750865953790848,
        "train_ROC": 0.9950252266017597,
        "n_test": 37885,
        "test_accuracy": 0.718701332981391,
        "test_f1_micro": 0.718701332981391,
        "test_f1_macro": 0.5601130235085233,
        "test_f1_weighted": 0.7132019223361485,
        "test_ROC": 0.9891192409858083,
        "solution": [33, 34, 35, 58, 137, 164, 169, 185, 192, 194, 208, 209, 231, 286, 313, 314, 320, 358, 370, 371, 372, 376, 378, 379, 380, 404, 446, 472, 473, 494, 509, 552, 562, 592, 662, 682, 686, 717, 741, 775, 792, 812, 820, 840, 843, 850, 869, 913, 965, 966, 967, 969, 982, 984, 985, 1063, 1122, 1151, 1159, 1231, 1264, 1320, 1327, 1391, 1393, 1400, 1415, 1449, 1537, 1540, 1597, 1603, 1631, 1645, 1647, 1660, 1683, 1685, 1689, 1729, 1743, 1761, 1763, 1843, 1845, 1852, 1853, 1907, 1909, 1935, 1939, 2066, 2070, 2071, 2124, 2138, 2152, 2174, 2207, 2230, 2236, 2239, 2332, 2333, 2350, 2408, 2410, 2423, 2467, 2471, 2507, 2530, 2579, 2594, 2638, 2656, 2714, 2716, 2734, 2738, 2751, 2757, 2768, 2781, 2792, 2804, 2823, 2866, 2896, 2927, 2937, 2960, 2961]
    },
    "4": {
        "n_train": 37884,
        "n_features_in": 2968,
        "n_features": 168,
        "n_classes": 75,
        "scale": false,
        "normalize": false,
        "train_accuracy": 0.8248337028824834,
        "train_f1_micro": 0.8248337028824833,
        "train_f1_macro": 0.7747649815587736,
        "train_f1_weighted": 0.8228625792268063,
        "train_ROC": 0.9967734986348255,
        "n_test": 37885,
        "test_accuracy": 0.7485812326778408,
        "test_f1_micro": 0.7485812326778408,
        "test_f1_macro": 0.5895477862096167,
        "test_f1_weighted": 0.7448097352921729,
        "test_ROC": 0.990585930428391,
        "solution": [33, 34, 35, 41, 58, 137, 164, 168, 169, 185, 192, 194, 208, 209, 218, 231, 233, 286, 313, 314, 320, 336, 358, 370, 371, 372, 376, 378, 379, 380, 404, 446, 472, 473, 494, 509, 512, 514, 517, 552, 562, 591, 592, 662, 682, 686, 717, 741, 775, 791, 792, 812, 820, 840, 843, 850, 869, 872, 908, 913, 965, 966, 967, 969, 979, 982, 984, 985, 1027, 1063, 1122, 1151, 1159, 1197, 1223, 1224, 1231, 1264, 1320, 1327, 1355, 1391, 1393, 1400, 1415, 1449, 1457, 1537, 1540, 1597, 1600, 1602, 1603, 1631, 1645, 1647, 1660, 1683, 1685, 1689, 1729, 1743, 1761, 1763, 1821, 1840, 1843, 1845, 1846, 1852, 1853, 1907, 1909, 1935, 1939, 1954, 1974, 2056, 2066, 2070, 2071, 2124, 2125, 2138, 2139, 2152, 2174, 2207, 2230, 2236, 2239, 2332, 2333, 2350, 2408, 2410, 2423, 2425, 2467, 2471, 2497, 2507, 2530, 2577, 2579, 2594, 2638, 2640, 2656, 2666, 2714, 2716, 2734, 2738, 2751, 2757, 2768, 2781, 2792, 2802, 2804, 2823, 2866, 2896, 2927, 2937, 2960, 2961]
    },
    "5": {
        "n_train": 37884,
        "n_features_in": 2968,
        "n_features": 199,
        "n_classes": 75,
        "scale": false,
        "normalize": false,
        "train_accuracy": 0.8476665610811952,
        "train_f1_micro": 0.8476665610811952,
        "train_f1_macro": 0.8153256641458486,
        "train_f1_weighted": 0.8462262758005353,
        "train_ROC": 0.9976102890696702,
        "n_test": 37885,
        "test_accuracy": 0.7579780915929788,
        "test_f1_micro": 0.7579780915929788,
        "test_f1_macro": 0.6025470855595051,
        "test_f1_weighted": 0.7554419291879287,
        "test_ROC": 0.9908628295714114,
        "solution": [24, 33, 34, 35, 38, 41, 58, 65, 137, 164, 168, 169, 184, 185, 192, 194, 208, 209, 218, 224, 231, 233, 255, 286, 313, 314, 320, 336, 358, 370, 371, 372, 376, 378, 379, 380, 393, 404, 412, 446, 460, 472, 473, 481, 494, 509, 512, 514, 517, 552, 562, 591, 592, 598, 662, 682, 686, 717, 741, 775, 776, 791, 792, 812, 820, 840, 843, 850, 869, 872, 908, 913, 965, 966, 967, 969, 979, 982, 984, 985, 1027, 1029, 1062, 1063, 1078, 1111, 1122, 1151, 1159, 1177, 1197, 1223, 1224, 1231, 1264, 1320, 1327, 1355, 1363, 1391, 1393, 1400, 1415, 1449, 1457, 1487, 1537, 1540, 1544, 1595, 1597, 1600, 1602, 1603, 1605, 1630, 1631, 1645, 1647, 1660, 1683, 1685, 1689, 1729, 1743, 1761, 1763, 1821, 1832, 1840, 1843, 1845, 1846, 1850, 1852, 1853, 1907, 1909, 1935, 1939, 1954, 1974, 2031, 2056, 2066, 2070, 2071, 2121, 2124, 2125, 2138, 2139, 2152, 2174, 2207, 2230, 2236, 2239, 2332, 2333, 2350, 2389, 2408, 2410, 2423, 2424, 2425, 2467, 2471, 2497, 2507, 2530, 2549, 2577, 2579, 2594, 2638, 2640, 2656, 2666, 2714, 2716, 2734, 2738, 2751, 2757, 2768, 2781, 2792, 2802, 2804, 2823, 2866, 2896, 2926, 2927, 2937, 2960, 2961]
    },
    "6": {
        "n_train": 37884,
        "n_features_in": 2968,
        "n_features": 227,
        "n_classes": 75,
        "scale": false,
        "normalize": false,
        "train_accuracy": 0.8665399641009397,
        "train_f1_micro": 0.8665399641009398,
        "train_f1_macro": 0.8441317767938088,
        "train_f1_weighted": 0.8655158141105121,
        "train_ROC": 0.9981409113185337,
        "n_test": 37885,
        "test_accuracy": 0.7631516431305266,
        "test_f1_micro": 0.7631516431305265,
        "test_f1_macro": 0.6063969964037295,
        "test_f1_weighted": 0.760797749609397,
        "test_ROC": 0.9908443998944139,