{
    "1": {
        "n_features": 32,
        "phenotypes": 33,
        "n_features_in": 4443,
        "JS": 0.1811030974909745,
        "entropy": 0.18962575335382317,
        "pearson": 0.9790110378318682,
        "deconvolution": [0.004786179936217372, 0.012456034201154608, 0.013240855740375375, 0.0, 0.003236054241736502, 0.007574851522566934, 0.00045657040776177454, 0.0, 0.0060113809762437145, 0.0, 0.0, 0.006138779021489158, 0.009666389259031256, 0.35729052849044485, 0.23313893893127882, 0.0019072244518493755, 0.08749666955772117, 0.0034547546696708374, 0.029531349847228903, 0.0004122099438037103, 0.03866384432381314, 0.03413074559193721, 0.004938387311168734, 0.005201812261597869, 0.003141586262363018, 0.0031436927587418758, 0.0012044342164313705, 0.001625058874791865, 0.005227461170708962, 0.03374768123025239, 0.06086325079217698, 0.015785485010610095, 0.015527788996832097],
        "solution": [316, 505, 522, 575, 686, 856, 1161, 1164, 1183, 1299, 1367, 1539, 1638, 1651, 1684, 1812, 2105, 2112, 2206, 2264, 2287, 2562, 2574, 3089, 3222, 3265, 3359, 3446, 3630, 4024, 4260, 4343]
    },
    "2": {
        "n_features": 62,
        "phenotypes": 33,
        "n_features_in": 4443,
        "JS": 0.17250958608667413,
        "entropy": 0.16150919957524074,
        "pearson": 0.9750612236374667,
        "deconvolution": [0.004423453486968976, 0.01259622481784256, 0.012604671109288434, 0.002849658291176624, 0.001397373873604349, 0.006389359003306688, 0.0008398700359916985, 0.0, 0.008087480571521765, 0.0, 0.009762449992704493, 0.0, 0.0076691963624365336, 0.3499519287093735, 0.2478512854075995, 0.0018440876250301005, 0.08542802749155845, 0.0012986791994926328, 0.020779430257980912, 0.00033391043542109434, 0.040326684283157756, 0.03881355334175859, 0.0032823359296490534, 0.0031936410560744867, 0.0006828562731583468, 0.0035865740456797837, 0.0005457010115809033, 0.0011239969131825582, 0.0022893486658908937, 0.05073500278485821, 0.06325875777483189, 0.01686230291084782, 0.0011921583380314295],
        "solution": [136, 316, 378, 389, 505, 522, 574, 575, 648, 686, 780, 856, 1161, 1164, 1183, 1203, 1205, 1299, 1341, 1367, 1462, 1539, 1565, 1638, 1651, 1652, 1684, 1812, 2026, 2053, 2105, 2112, 2140, 2206, 2231, 2239, 2264, 2287, 2370, 2459, 2562, 2574, 2643, 2780, 2853, 2875, 2986, 3089, 3222, 3265, 3284, 3359, 3446, 3459, 3630, 3657, 3778, 4011, 4024, 4161, 4260, 4343]
    },
    "3": {
        "n_features": 95,
        "phenotypes": 33,
        "n_features_in": 4443,
        "JS": 0.06976619664160714,
        "entropy": 0.020478994273046197,
        "pearson": 0.9990466679644667,
        "deconvolution": [0.00461614695326999, 0.024669800720284817, 0.013191527145768432, 0.002094277779908909, 0.0017555362807993179, 0.009050700956815849, 0.0022849271562560888, 0.0, 0.009186182794097648, 0.0003043990808412179, 0.005618756315717453, 0.0, 0.009541620384003064, 0.412988781298396, 0.24921231315709108, 0.00197373007359234, 0.027245832929743766, 0.0012918360318167896, 0.026007530021814725, 0.0009321979424025193, 0.04288702678910743, 0.04203890005128068, 0.003963619132694902, 0.003746889338447586, 0.002040748774603148, 0.003540879643023616, 0.0, 0.003164001699984519, 0.0019506906668645405, 0.020412697433164394, 0.061632790356201894, 0.009634952885001156, 0.003020706207006097],
        "solution": [134, 136, 316, 322, 378, 389, 505, 522, 574, 575, 633, 648, 686, 780, 806, 834, 856, 923, 1161, 1164, 1183, 1203, 1205, 1266, 1270, 1275, 1299, 1341, 1367, 1374, 1410, 1431, 1443, 1462, 1465, 1539, 1565, 1638, 1651, 1652, 1665, 1684, 1780, 1812, 1841, 1889, 2026, 2053, 2105, 2110, 2112, 2140, 2169, 2190, 2198, 2206, 2231, 2239, 2264, 2287, 2370, 2426, 2438, 2450, 2459, 2476, 2562, 2574, 2643, 2780, 2853, 2875, 2986, 3033, 3075, 3089, 3197, 3202, 3222, 3265, 3284, 3308, 3359, 3438, 3446, 3459, 3630, 3657, 3778, 3915, 4011, 4024, 4161, 4260, 4343]
    },
    "4": {
        "n_features": 121,
        "phenotypes": 33,
        "n_features_in": 4443,
        "JS": 0.037892434865324204,
        "entropy": 0.005729961313603876,
        "pearson": 0.999720025810387,
        "deconvolution": [0.0052081471789283615, 0.025622732502239003, 0.013817429743760292, 0.0026260192686009243, 0.0014502068588464626, 0.011329214167690836, 0.0026918416587052574, 0.0003229017827030062, 0.008886897513955116, 0.0005923246484354388, 0.00196083663601069, 0.0017050631574883415, 0.009721966778116015, 0.41402925763268744, 0.2487901132582071, 0.0018890997894684244, 0.016807733039228525, 0.002386598416805565, 0.028528350668729614, 0.000671960376088381, 0.045334187993240085, 0.0411159632015005, 0.0031024722601528765, 0.004010629602996783, 0.0018487381690433452, 0.0041798792556030735, 0.00013875430233456655, 0.002079613352841861, 0.0027031167829413296, 0.017647609946306375, 0.06114327999948577, 0.016606195408035533, 0.001050864648823156],
        "solution": [72, 134, 136, 316, 322, 378, 389, 505, 522, 574, 575, 633, 648, 686, 756, 780, 806, 834, 856, 919, 923, 966, 1140, 1161, 1164, 1183, 1203, 1205, 1266, 1270, 1275, 1296, 1299, 1341, 1367, 1374, 1410, 1431, 1443, 1445, 1462, 1465, 1539, 1565, 1638, 1651, 1652, 1665, 1684, 1780, 1794, 1812, 1841, 1889, 1920, 2026, 2043, 2053, 2105, 2110, 2112, 2140, 2169, 2190, 2198, 2205, 2206, 2215, 2231, 2239, 2264, 2287, 2316, 2370, 2392, 2426, 2438, 2450, 2459, 2476, 2499, 2562, 2574, 2586, 2604, 2618, 2643, 2659, 2780, 2853, 2875, 2986, 3033, 3075, 3078, 3081, 3089, 3197, 3202, 3222, 3265, 3284, 3308, 3359, 3377, 3404, 3438, 3446, 3459, 3630, 3657, 3778, 3786, 3915, 4005, 4011, 4024, 4050, 4161, 4260, 4343]
    },
    "5": {
        "n_features": 153,
        "phenotypes": 33,
        "n_features_in": 4443,
        "JS": 0.049570966075469874,
        "entropy": 0.009936378221735142,
        "pearson": 0.9994438986449723,
        "deconvolution": [0.005046033328153434, 0.024986506488996463, 0.013460930350741392, 0.002624346001717256, 0.0013713949598624956, 0.010756852268748337, 0.0026217253800345512, 0.00016063448630804897, 0.009515037537573929, 0.0005188615591375489, 0.002981220326416142, 0.001390355755169454, 0.009626640277111024, 0.41018473213128215, 0.24817121191595531, 0.001885140904880615, 0.020717460094419087, 0.0019545097665464, 0.027463118985656218, 0.0006902585799072939, 0.045437788636311274, 0.040860725642580094, 0.0033618849085483753, 0.0037914055312282483, 0.0022230762450861545, 0.004181722275919611, 0.0, 0.0022725069398518505, 0.0023064124680537766, 0.01848806385188022, 0.06106095320964793, 0.01872323194741074, 0.0011652572448645135],
        "solution": [62, 72, 115, 134, 136, 190, 316, 322, 378, 389, 472, 498, 505, 522, 528, 574, 575, 633, 648, 686, 756, 780, 806, 834, 856, 919, 923, 966, 967, 1093, 1114, 1140, 1161, 1164, 1178, 1183, 1203, 1205, 1266, 1270, 1275, 1296, 1299, 1341, 1367, 1374, 1410, 1431, 1443, 1445, 1462, 1465, 1539, 1565, 1638, 1651, 1652, 1665, 1684, 1708, 1741, 1780, 1794, 1812, 1841, 1889, 1893, 1908, 1920, 2026, 2043, 2053, 2094, 2105, 2110, 2112, 2118, 2140, 2169, 2190, 2195, 2198, 2205, 2206, 2215, 2231, 2239, 2264, 2286, 2287, 2316, 2370, 2373, 2392, 2426, 2438, 2441, 2450, 2459, 2476, 2499, 2540, 2562, 2574, 2586, 2604, 2618, 2643, 2659, 2677, 2700, 2726, 2780, 2825, 2853, 2875, 2986, 3033, 3075, 3078, 3081, 3089, 3192, 3197, 3202, 3222, 3265, 3284, 3308, 3359, 3377, 3404, 3438, 3440, 3446, 3459, 3490, 3630, 3657, 3726, 3778, 3786, 3915, 4005, 4011, 4024, 4050, 4161, 4201, 4260, 4343, 4346, 4436]
    },
    "6": {
        "n_features": 178,
        "phenotypes": 33,
        "n_features_in": 4443,
        "JS": 0.029596327537937665,
        "entropy": 0.0033940959750266174,
        "pearson": 0.9998398752454755,