{
    "1": {
        "n_train": 48098,
        "n_features_in": 4443,
        "n_features": 32,
        "n_classes": 33,
        "scale": false,
        "normalize": false,
        "train_accuracy": 0.7774335731215435,
        "train_f1_micro": 0.7774335731215435,
        "train_f1_macro": 0.6391972965250857,
        "train_f1_weighted": 0.7638215011397312,
        "train_ROC": 0.9710445739741941,
        "n_test": 48098,
        "test_accuracy": 0.7687014013056676,
        "test_f1_micro": 0.7687014013056676,
        "test_f1_macro": 0.5835284722279623,
        "test_f1_weighted": 0.7543339314593183,
        "test_ROC": 0.9673770967556286,
        "solution": [316, 505, 522, 575, 686, 856, 1161, 1164, 1183, 1299, 1367, 1539, 1638, 1651, 1684, 1812, 2105, 2112, 2206, 2264, 2287, 2562, 2574, 3089, 3222, 3265, 3359, 3446, 3630, 4024, 4260, 4343]
    },
    "2": {
        "n_train": 48098,
        "n_features_in": 4443,
        "n_features": 62,
        "n_classes": 33,
        "scale": false,
        "normalize": false,
        "train_accuracy": 0.8276851428333818,
        "train_f1_micro": 0.8276851428333818,
        "train_f1_macro": 0.7594673644842727,
        "train_f1_weighted": 0.8198826355703601,
        "train_ROC": 0.9866182386081256,
        "n_test": 48098,
        "test_accuracy": 0.8194311613788515,
        "test_f1_micro": 0.8194311613788515,
        "test_f1_macro": 0.6870647883022278,
        "test_f1_weighted": 0.8107302905840132,
        "test_ROC": 0.9835567648767447,
        "solution": [136, 316, 378, 389, 505, 522, 574, 575, 648, 686, 780, 856, 1161, 1164, 1183, 1203, 1205, 1299, 1341, 1367, 1462, 1539, 1565, 1638, 1651, 1652, 1684, 1812, 2026, 2053, 2105, 2112, 2140, 2206, 2231, 2239, 2264, 2287, 2370, 2459, 2562, 2574, 2643, 2780, 2853, 2875, 2986, 3089, 3222, 3265, 3284, 3359, 3446, 3459, 3630, 3657, 3778, 4011, 4024, 4161, 4260, 4343]
    },
    "3": {
        "n_train": 48098,
        "n_features_in": 4443,
        "n_features": 95,
        "n_classes": 33,
        "scale": false,
        "normalize": false,
        "train_accuracy": 0.8655245540355109,
        "train_f1_micro": 0.8655245540355109,
        "train_f1_macro": 0.8555720258134079,
        "train_f1_weighted": 0.8612133065705481,
        "train_ROC": 0.992952184007373,
        "n_test": 48098,
        "test_accuracy": 0.8521352239178345,
        "test_f1_micro": 0.8521352239178346,
        "test_f1_macro": 0.753932810330329,
        "test_f1_weighted": 0.8470728765225904,
        "test_ROC": 0.9899493643689498,
        "solution": [134, 136, 316, 322, 378, 389, 505, 522, 574, 575, 633, 648, 686, 780, 806, 834, 856, 923, 1161, 1164, 1183, 1203, 1205, 1266, 1270, 1275, 1299, 1341, 1367, 1374, 1410, 1431, 1443, 1462, 1465, 1539, 1565, 1638, 1651, 1652, 1665, 1684, 1780, 1812, 1841, 1889, 2026, 2053, 2105, 2110, 2112, 2140, 2169, 2190, 2198, 2206, 2231, 2239, 2264, 2287, 2370, 2426, 2438, 2450, 2459, 2476, 2562, 2574, 2643, 2780, 2853, 2875, 2986, 3033, 3075, 3089, 3197, 3202, 3222, 3265, 3284, 3308, 3359, 3438, 3446, 3459, 3630, 3657, 3778, 3915, 4011, 4024, 4161, 4260, 4343]
    },
    "4": {
        "n_train": 48098,
        "n_features_in": 4443,
        "n_features": 121,
        "n_classes": 33,
        "scale": false,
        "normalize": false,
        "train_accuracy": 0.8810137635660527,
        "train_f1_micro": 0.8810137635660527,
        "train_f1_macro": 0.8951048850355772,
        "train_f1_weighted": 0.877527516591067,
        "train_ROC": 0.9944288815359514,
        "n_test": 48098,
        "test_accuracy": 0.8638404923281633,
        "test_f1_micro": 0.8638404923281633,
        "test_f1_macro": 0.7741272123940814,
        "test_f1_weighted": 0.8596453964377914,
        "test_ROC": 0.9911672867349712,
        "solution": [72, 134, 136, 316, 322, 378, 389, 505, 522, 574, 575, 633, 648, 686, 756, 780, 806, 834, 856, 919, 923, 966, 1140, 1161, 1164, 1183, 1203, 1205, 1266, 1270, 1275, 1296, 1299, 1341, 1367, 1374, 1410, 1431, 1443, 1445, 1462, 1465, 1539, 1565, 1638, 1651, 1652, 1665, 1684, 1780, 1794, 1812, 1841, 1889, 1920, 2026, 2043, 2053, 2105, 2110, 2112, 2140, 2169, 2190, 2198, 2205, 2206, 2215, 2231, 2239, 2264, 2287, 2316, 2370, 2392, 2426, 2438, 2450, 2459, 2476, 2499, 2562, 2574, 2586, 2604, 2618, 2643, 2659, 2780, 2853, 2875, 2986, 3033, 3075, 3078, 3081, 3089, 3197, 3202, 3222, 3265, 3284, 3308, 3359, 3377, 3404, 3438, 3446, 3459, 3630, 3657, 3778, 3786, 3915, 4005, 4011, 4024, 4050, 4161, 4260, 4343]
    },
    "5": {
        "n_train": 48098,
        "n_features_in": 4443,
        "n_features": 153,
        "n_classes": 33,
        "scale": false,
        "normalize": false,
        "train_accuracy": 0.8908894340721027,
        "train_f1_micro": 0.8908894340721027,
        "train_f1_macro": 0.9161541435666812,
        "train_f1_weighted": 0.888198764212958,
        "train_ROC": 0.9955224761523488,
        "n_test": 48098,
        "test_accuracy": 0.8689550501060335,
        "test_f1_micro": 0.8689550501060335,
        "test_f1_macro": 0.7910662363933733,
        "test_f1_weighted": 0.8653624863688512,
        "test_ROC": 0.9918548188290555,
        "solution": [62, 72, 115, 134, 136, 190, 316, 322, 378, 389, 472, 498, 505, 522, 528, 574, 575, 633, 648, 686, 756, 780, 806, 834, 856, 919, 923, 966, 967, 1093, 1114, 1140, 1161, 1164, 1178, 1183, 1203, 1205, 1266, 1270, 1275, 1296, 1299, 1341, 1367, 1374, 1410, 1431, 1443, 1445, 1462, 1465, 1539, 1565, 1638, 1651, 1652, 1665, 1684, 1708, 1741, 1780, 1794, 1812, 1841, 1889, 1893, 1908, 1920, 2026, 2043, 2053, 2094, 2105, 2110, 2112, 2118, 2140, 2169, 2190, 2195, 2198, 2205, 2206, 2215, 2231, 2239, 2264, 2286, 2287, 2316, 2370, 2373, 2392, 2426, 2438, 2441, 2450, 2459, 2476, 2499, 2540, 2562, 2574, 2586, 2604, 2618, 2643, 2659, 2677, 2700, 2726, 2780, 2825, 2853, 2875, 2986, 3033, 3075, 3078, 3081, 3089, 3192, 3197, 3202, 3222, 3265, 3284, 3308, 3359, 3377, 3404, 3438, 3440, 3446, 3459, 3490, 3630, 3657, 3726, 3778, 3786, 3915, 4005, 4011, 4024, 4050, 4161, 4201, 4260, 4343, 4346, 4436]
    },
    "6": {
        "n_train": 48098,
        "n_features_in": 4443,
        "n_features": 178,
        "n_classes": 33,
        "scale": false,
        "normalize": false,
        "train_accuracy": 0.8994136970352198,
        "train_f1_micro": 0.8994136970352198,
        "train_f1_macro": 0.9326574391969334,
        "train_f1_weighted": 0.8973891434543758,
        "train_ROC": 0.996589665937621,
        "n_test": 48098,
        "test_accuracy": 0.8756497151648717,
        "test_f1_micro": 0.8756497151648717,
        "test_f1_macro": 0.7985969886475309,
        "test_f1_weighted": 0.8725897642523219,
        "test_ROC": 0.9931038867437032,
        "solution": [50, 62, 72, 115, 117, 130, 134, 136, 190, 297, 316, 322, 378, 389, 434, 472, 498, 505, 522, 528, 574, 575, 633, 648, 686, 748, 756, 764, 780, 806, 834, 856, 919, 920, 923, 966, 967, 1091, 1093, 1114, 1140, 1161, 1164, 1178, 1183, 1185, 1203, 1205, 1266, 1270, 1275, 1296, 1299, 1341, 1342, 1367, 1374, 1408, 1410, 1431, 1443, 1445, 1462, 1465, 1539, 1565, 1638, 1651, 1652, 1665, 1684, 1708, 1741, 1780, 1794, 1797, 1812, 1841, 1889, 1893, 1908, 1920, 1925, 1930, 2026, 2043, 2053, 2094, 2105, 2110, 2112, 2118, 2140, 2169, 2190, 2195, 2198, 2205, 2206, 2215, 2231, 2239, 2264, 2279, 2286, 2287, 2294, 2316, 2335, 2370, 2373, 2392, 2405, 2426, 2438, 2441, 2442, 2450, 2459, 2476, 2499, 2540, 2562, 2574, 2586, 2604, 2618, 2643, 2659, 2677, 2700, 2726, 2780, 2825, 2837, 2853, 2875, 2986, 3016, 3033, 3075, 3078, 3081, 3089, 3192, 3197, 3202, 3222, 3265, 3284, 3308, 3359, 3377, 3404, 3437, 3438, 3440, 3446, 3459, 3490, 3630, 3657, 3726, 3778, 3786, 3915, 3925, 4005, 4011, 4024, 4050, 4161, 4201, 4260, 4343, 4346, 4361, 4436]
    },
    "7": {
        "n_train": 48098,
        "n_features_in": 4443,
        "n_features": 205,
        "n_classes": 33,
        "scale": false,
        "normalize": false,
        "train_accuracy": 0.9069607883903696,