{
    "1": {
        "n_train": 37884,
        "n_features_in": 2968,
        "n_features": 30,
        "n_classes": 75,
        "scale": false,
        "normalize": false,
        "train_accuracy": 0.6988702354556013,
        "train_f1_micro": 0.6988702354556013,
        "train_f1_macro": 0.5390894707243614,
        "train_f1_weighted": 0.688545853259332,
        "train_ROC": 0.9884880758539203,
        "n_test": 37885,
        "test_accuracy": 0.6845453345651313,
        "test_f1_micro": 0.6845453345651313,
        "test_f1_macro": 0.49520601735170194,
        "test_f1_weighted": 0.6734602859009048,
        "test_ROC": 0.9858405093482371,
        "solution": [170, 182, 334, 412, 682, 973, 979, 1063, 1264, 1301, 1320, 1391, 1553, 1603, 1685, 1761, 1821, 1853, 1906, 1939, 2021, 2124, 2135, 2139, 2408, 2689, 2738, 2751, 2754, 2961]
    },
    "2": {
        "n_train": 37884,
        "n_features_in": 2968,
        "n_features": 54,
        "n_classes": 75,
        "scale": false,
        "normalize": false,
        "train_accuracy": 0.7839721254355401,
        "train_f1_micro": 0.7839721254355401,
        "train_f1_macro": 0.6728254232441035,
        "train_f1_weighted": 0.7795960423573193,
        "train_ROC": 0.9943985590547173,
        "n_test": 37885,
        "test_accuracy": 0.7537019928731687,
        "test_f1_micro": 0.7537019928731687,
        "test_f1_macro": 0.5969720278126247,
        "test_f1_weighted": 0.7483835099643684,
        "test_ROC": 0.9917466474545464,
        "solution": [46, 167, 170, 182, 231, 320, 334, 371, 412, 418, 662, 682, 685, 775, 885, 973, 979, 1063, 1124, 1264, 1301, 1320, 1377, 1391, 1468, 1540, 1553, 1603, 1685, 1761, 1821, 1846, 1852, 1853, 1906, 1939, 2021, 2056, 2124, 2135, 2139, 2350, 2408, 2425, 2463, 2471, 2689, 2698, 2704, 2738, 2751, 2754, 2897, 2961]
    },
    "3": {
        "n_train": 37884,
        "n_features_in": 2968,
        "n_features": 77,
        "n_classes": 75,
        "scale": false,
        "normalize": false,
        "train_accuracy": 0.8295850490972442,
        "train_f1_micro": 0.8295850490972442,
        "train_f1_macro": 0.7487888472538339,
        "train_f1_weighted": 0.8272361969268917,
        "train_ROC": 0.9966805292983559,
        "n_test": 37885,
        "test_accuracy": 0.7902863930315428,
        "test_f1_micro": 0.7902863930315428,
        "test_f1_macro": 0.6491996639241927,
        "test_f1_weighted": 0.7874271407592023,
        "test_ROC": 0.993570441415604,
        "solution": [46, 49, 167, 170, 182, 231, 320, 334, 371, 404, 412, 418, 662, 682, 685, 775, 850, 885, 973, 974, 979, 981, 1063, 1065, 1124, 1197, 1223, 1264, 1301, 1320, 1377, 1391, 1400, 1468, 1540, 1553, 1603, 1660, 1683, 1685, 1761, 1821, 1846, 1852, 1853, 1906, 1939, 1952, 2021, 2056, 2071, 2124, 2133, 2135, 2139, 2152, 2239, 2301, 2350, 2408, 2423, 2425, 2463, 2471, 2583, 2597, 2643, 2689, 2698, 2704, 2714, 2738, 2751, 2754, 2897, 2961, 2965]
    },
    "4": {
        "n_train": 37884,
        "n_features_in": 2968,
        "n_features": 102,
        "n_classes": 75,
        "scale": false,
        "normalize": false,
        "train_accuracy": 0.8662760004223419,
        "train_f1_micro": 0.8662760004223419,
        "train_f1_macro": 0.8105854188631149,
        "train_f1_weighted": 0.8649946173318829,
        "train_ROC": 0.9979781580319036,
        "n_test": 37885,
        "test_accuracy": 0.8140952883727068,
        "test_f1_micro": 0.8140952883727068,
        "test_f1_macro": 0.6842897329188635,
        "test_f1_weighted": 0.8121182415199483,
        "test_ROC": 0.9946283315008156,
        "solution": [37, 46, 49, 166, 167, 169, 170, 182, 231, 234, 320, 334, 371, 404, 412, 418, 516, 548, 662, 682, 685, 775, 780, 850, 885, 973, 974, 979, 981, 1010, 1062, 1063, 1065, 1079, 1124, 1159, 1197, 1223, 1264, 1301, 1320, 1358, 1377, 1391, 1400, 1468, 1540, 1553, 1555, 1597, 1603, 1660, 1683, 1685, 1743, 1761, 1821, 1826, 1846, 1852, 1853, 1906, 1907, 1939, 1945, 1952, 2021, 2056, 2071, 2124, 2125, 2133, 2135, 2138, 2139, 2152, 2230, 2239, 2301, 2302, 2350, 2408, 2423, 2425, 2463, 2471, 2579, 2583, 2597, 2643, 2689, 2698, 2704, 2714, 2738, 2751, 2754, 2792, 2819, 2897, 2961, 2965]
    },
    "5": {
        "n_train": 37884,
        "n_features_in": 2968,
        "n_features": 121,
        "n_classes": 75,
        "scale": false,
        "normalize": false,
        "train_accuracy": 0.8875514729173266,
        "train_f1_micro": 0.8875514729173265,
        "train_f1_macro": 0.8468046343047958,
        "train_f1_weighted": 0.8867365257102688,
        "train_ROC": 0.9985087229242413,
        "n_test": 37885,
        "test_accuracy": 0.8210373498746205,
        "test_f1_micro": 0.8210373498746205,
        "test_f1_macro": 0.6871937765221552,
        "test_f1_weighted": 0.81955274687065,
        "test_ROC": 0.9949284041522407,
        "solution": [37, 46, 49, 166, 167, 169, 170, 182, 231, 234, 243, 294, 317, 320, 334, 371, 380, 404, 412, 418, 516, 548, 662, 682, 685, 775, 780, 849, 850, 872, 885, 973, 974, 979, 981, 1010, 1062, 1063, 1065, 1079, 1124, 1148, 1159, 1197, 1223, 1253, 1264, 1301, 1320, 1358, 1377, 1391, 1400, 1449, 1468, 1540, 1553, 1555, 1597, 1603, 1624, 1660, 1683, 1685, 1690, 1743, 1761, 1821, 1826, 1835, 1846, 1852, 1853, 1863, 1896, 1906, 1907, 1909, 1939, 1945, 1952, 2014, 2021, 2056, 2071, 2124, 2125, 2133, 2135, 2138, 2139, 2152, 2206, 2230, 2239, 2301, 2302, 2350, 2408, 2423, 2425, 2463, 2471, 2525, 2536, 2579, 2583, 2597, 2643, 2689, 2698, 2704, 2714, 2738, 2751, 2754, 2792, 2819, 2897, 2961, 2965]
    },
    "6": {
        "n_train": 37884,
        "n_features_in": 2968,
        "n_features": 145,
        "n_classes": 75,
        "scale": false,
        "normalize": false,
        "train_accuracy": 0.9063456868334917,
        "train_f1_micro": 0.9063456868334918,
        "train_f1_macro": 0.8822003193871073,
        "train_f1_weighted": 0.9057673538018054,
        "train_ROC": 0.9989720534830305,
        "n_test": 37885,
        "test_accuracy": 0.8296159429853504,
        "test_f1_micro": 0.8296159429853504,
        "test_f1_macro": 0.7007468305968003,
        "test_f1_weighted": 0.828804070015494,
        "test_ROC": 0.9949517212962092,
        "solution": [37, 46, 49, 56, 166, 167, 169, 170, 182, 231, 234, 243, 294, 317, 320, 334, 371, 380, 404, 412, 415, 418, 419, 446, 516, 548, 662, 682, 685, 755, 775, 780, 791, 849, 850, 856, 872, 885, 913, 960, 966, 973, 974, 979, 981, 992, 1010, 1058, 1062, 1063, 1065, 1079, 1108, 1124, 1148, 1151, 1159, 1197, 1223, 1253, 1264, 1301, 1320, 1358, 1377, 1391, 1400, 1449, 1468, 1540, 1553, 1555, 1597, 1603, 1624, 1651, 1660, 1683, 1685, 1689, 1690, 1743, 1761, 1765, 1821, 1826, 1835, 1846, 1852, 1853, 1863, 1896, 1906, 1907, 1909, 1939, 1945, 1952, 2008, 2014, 2021, 2056, 2066, 2071, 2124, 2125, 2133, 2135, 2138, 2139, 2152, 2206, 2230, 2239, 2301, 2302, 2350, 2408, 2423, 2425, 2463, 2471, 2507, 2525, 2536, 2579, 2583, 2597, 2643, 2689, 2698, 2704, 2708, 2714, 2734, 2738, 2751, 2754, 2792, 2819, 2897, 2961, 2964, 2965, 2966]
    },
    "7": {
        "n_train": 37884,
        "n_features_in": 2968,
        "n_features": 180,
        "n_classes": 75,
        "scale": false,
        "normalize": false,
        "train_accuracy": 0.9287825995143069,
        "train_f1_micro": 0.9287825995143069,
        "train_f1_macro": 0.9172688628032798,
        "train_f1_weighted": 0.9284182568768345,
        "train_ROC": 0.9993696217975994,
        "n_test": 37885,
        "test_accuracy": 0.8350534512339977,
        "test_f1_micro": 0.8350534512339977,
        "test_f1_macro": 0.7033845100966357,
        "test_f1_weighted": 0.8344467411196272,
        "test_ROC": 0.9952778502631332,