{
    "1": {
        "n_train": 37884,
        "n_features_in": 2968,
        "n_features": 30,
        "n_classes": 75,
        "scale": false,
        "normalize": false,
        "train_accuracy": 0.5872927885123007,
        "train_f1_micro": 0.5872927885123007,
        "train_f1_macro": 0.38639986116232694,
        "train_f1_weighted": 0.5560347489591833,
        "train_ROC": 0.9785685934764066,
        "n_test": 37885,
        "test_accuracy": 0.5778276362676521,
        "test_f1_micro": 0.5778276362676521,
        "test_f1_macro": 0.3660864023441672,
        "test_f1_weighted": 0.5441421420674085,
        "test_ROC": 0.9754778628138873,
        "solution": [194, 371, 662, 682, 775, 850, 969, 979, 1063, 1391, 1449, 1540, 1555, 1597, 1600, 1603, 1685, 1689, 1853, 1906, 1939, 2066, 2125, 2408, 2471, 2482, 2734, 2738, 2751, 2961]
    },
    "2": {
        "n_train": 37884,
        "n_features_in": 2968,
        "n_features": 54,
        "n_classes": 75,
        "scale": false,
        "normalize": false,
        "train_accuracy": 0.671365220145708,
        "train_f1_micro": 0.671365220145708,
        "train_f1_macro": 0.5226601038208027,
        "train_f1_weighted": 0.6580943122761954,
        "train_ROC": 0.9880129858235663,
        "n_test": 37885,
        "test_accuracy": 0.6505477101755313,
        "test_f1_micro": 0.6505477101755313,
        "test_f1_macro": 0.47131169377556387,
        "test_f1_weighted": 0.6353620548389995,
        "test_ROC": 0.9842707104722062,
        "solution": [33, 49, 194, 234, 314, 371, 412, 662, 682, 775, 850, 969, 979, 981, 1063, 1177, 1256, 1264, 1391, 1449, 1537, 1540, 1555, 1597, 1600, 1603, 1685, 1689, 1761, 1853, 1906, 1907, 1939, 2031, 2056, 2066, 2124, 2125, 2239, 2350, 2408, 2423, 2471, 2482, 2734, 2738, 2751, 2768, 2792, 2804, 2866, 2896, 2897, 2961]
    },
    "3": {
        "n_train": 37884,
        "n_features_in": 2968,
        "n_features": 77,
        "n_classes": 75,
        "scale": false,
        "normalize": false,
        "train_accuracy": 0.7171893147502904,
        "train_f1_micro": 0.7171893147502904,
        "train_f1_macro": 0.6023267763347305,
        "train_f1_weighted": 0.708362795952398,
        "train_ROC": 0.9912083313216956,
        "n_test": 37885,
        "test_accuracy": 0.6830143856407549,
        "test_f1_micro": 0.6830143856407549,
        "test_f1_macro": 0.517330401696614,
        "test_f1_weighted": 0.6724968243632874,
        "test_ROC": 0.9869934342525187,
        "solution": [33, 35, 49, 168, 194, 234, 314, 371, 404, 412, 592, 662, 682, 775, 792, 850, 872, 967, 969, 979, 980, 981, 982, 1063, 1177, 1256, 1264, 1377, 1391, 1430, 1449, 1537, 1540, 1553, 1555, 1597, 1600, 1603, 1685, 1689, 1690, 1761, 1842, 1846, 1853, 1906, 1907, 1939, 2031, 2056, 2066, 2124, 2125, 2230, 2239, 2350, 2368, 2408, 2413, 2423, 2471, 2482, 2507, 2640, 2714, 2734, 2738, 2751, 2768, 2781, 2792, 2804, 2866, 2896, 2897, 2960, 2961]
    },
    "4": {
        "n_train": 37884,
        "n_features_in": 2968,
        "n_features": 102,
        "n_classes": 75,
        "scale": false,
        "normalize": false,
        "train_accuracy": 0.764808362369338,
        "train_f1_micro": 0.764808362369338,
        "train_f1_macro": 0.6715696721140686,
        "train_f1_weighted": 0.7591371836943349,
        "train_ROC": 0.9940107380136525,
        "n_test": 37885,
        "test_accuracy": 0.7201530948924376,
        "test_f1_micro": 0.7201530948924377,
        "test_f1_macro": 0.5634649796136386,
        "test_f1_weighted": 0.7126185719556215,
        "test_ROC": 0.98955074605345,
        "solution": [33, 34, 35, 49, 168, 169, 170, 185, 194, 234, 314, 371, 372, 404, 412, 494, 592, 662, 682, 683, 775, 792, 850, 872, 966, 967, 969, 979, 980, 981, 982, 992, 1063, 1159, 1164, 1172, 1177, 1256, 1264, 1377, 1391, 1415, 1430, 1449, 1468, 1537, 1540, 1553, 1555, 1595, 1597, 1600, 1602, 1603, 1630, 1685, 1689, 1690, 1761, 1821, 1842, 1846, 1853, 1906, 1907, 1939, 2031, 2056, 2066, 2124, 2125, 2138, 2207, 2230, 2239, 2350, 2368, 2408, 2410, 2413, 2423, 2425, 2471, 2482, 2507, 2518, 2579, 2640, 2714, 2734, 2738, 2751, 2757, 2768, 2781, 2792, 2804, 2866, 2896, 2897, 2960, 2961]
    },
    "5": {
        "n_train": 37884,
        "n_features_in": 2968,
        "n_features": 121,
        "n_classes": 75,
        "scale": false,
        "normalize": false,
        "train_accuracy": 0.7996251715763911,
        "train_f1_micro": 0.7996251715763911,
        "train_f1_macro": 0.7336008404966514,
        "train_f1_weighted": 0.7960597970148734,
        "train_ROC": 0.9957232427166184,
        "n_test": 37885,
        "test_accuracy": 0.7430909330869737,
        "test_f1_micro": 0.7430909330869737,
        "test_f1_macro": 0.594393456607441,
        "test_f1_weighted": 0.7377652819121902,
        "test_ROC": 0.9911498476240591,
        "solution": [18, 33, 34, 35, 49, 137, 163, 168, 169, 170, 185, 194, 234, 314, 371, 372, 404, 412, 494, 514, 552, 592, 662, 682, 683, 775, 792, 850, 859, 872, 913, 966, 967, 969, 973, 979, 980, 981, 982, 992, 993, 1029, 1063, 1148, 1159, 1164, 1172, 1177, 1197, 1223, 1256, 1264, 1301, 1377, 1391, 1393, 1415, 1430, 1432, 1449, 1468, 1487, 1537, 1540, 1553, 1555, 1595, 1597, 1600, 1602, 1603, 1630, 1685, 1689, 1690, 1761, 1821, 1842, 1846, 1850, 1853, 1906, 1907, 1939, 2031, 2056, 2066, 2124, 2125, 2138, 2207, 2230, 2239, 2350, 2368, 2408, 2410, 2413, 2423, 2425, 2471, 2482, 2507, 2518, 2579, 2640, 2714, 2734, 2737, 2738, 2751, 2757, 2768, 2781, 2792, 2804, 2866, 2896, 2897, 2960, 2961]
    },
    "6": {
        "n_train": 37884,
        "n_features_in": 2968,
        "n_features": 145,
        "n_classes": 75,
        "scale": false,
        "normalize": false,
        "train_accuracy": 0.820874247703516,
        "train_f1_micro": 0.820874247703516,
        "train_f1_macro": 0.7671432488334867,
        "train_f1_weighted": 0.8180692685516021,
        "train_ROC": 0.9965890626800544,
        "n_test": 37885,
        "test_accuracy": 0.7566583080374819,
        "test_f1_micro": 0.7566583080374818,
        "test_f1_macro": 0.614080880620319,
        "test_f1_weighted": 0.7522914892306517,
        "test_ROC": 0.9918095462140458,
        "solution": [18, 33, 34, 35, 49, 83, 137, 163, 167, 168, 169, 170, 185, 194, 234, 314, 320, 371, 372, 404, 412, 494, 514, 552, 559, 562, 592, 662, 682, 683, 686, 775, 792, 850, 859, 868, 872, 913, 966, 967, 969, 973, 979, 980, 981, 982, 983, 992, 993, 1029, 1063, 1148, 1159, 1164, 1172, 1177, 1197, 1223, 1224, 1241, 1256, 1264, 1301, 1327, 1377, 1391, 1393, 1415, 1430, 1432, 1449, 1468, 1487, 1537, 1540, 1553, 1555, 1595, 1597, 1600, 1602, 1603, 1630, 1636, 1647, 1660, 1685, 1689, 1690, 1761, 1807, 1821, 1842, 1843, 1846, 1850, 1853, 1906, 1907, 1939, 2031, 2056, 2066, 2068, 2124, 2125, 2138, 2207, 2230, 2239, 2245, 2288, 2350, 2368, 2408, 2410, 2413, 2423, 2425, 2471, 2482, 2497, 2507, 2518, 2530, 2577, 2579, 2583, 2594, 2640, 2714, 2734, 2737, 2738, 2751, 2757, 2768, 2781, 2792, 2804, 2866, 2896, 2897, 2960, 2961]
    },
    "7": {
        "n_train": 37884,
        "n_features_in": 2968,
        "n_features": 180,
        "n_classes": 75,
        "scale": false,
        "normalize": false,
        "train_accuracy": 0.8662496040544821,
        "train_f1_micro": 0.866249604054482,
        "train_f1_macro": 0.8368083469658739,
        "train_f1_weighted": 0.865037271767602,
        "train_ROC": 0.9980520871250562,
        "n_test": 37885,
        "test_accuracy": 0.7861950640095025,
        "test_f1_micro": 0.7861950640095025,
        "test_f1_macro": 0.6472111972684399,
        "test_f1_weighted": 0.783835240056003,
        "test_ROC": 0.993236766523648,