{
    "4": {
        "n_features": 16,
        "phenotypes": 7,
        "n_features_in": 16484,
        "JS": 0.10513750327163211,
        "entropy": 0.04925602530545198,
        "pearson": 0.9424641032487296,
        "deconvolution": [0.08620125980388096, 0.10074807859589686, 0.06909326959915751, 0.08768004372399488, 0.2905461599410067, 0.26935746215481093, 0.09637372618125224],
        "solution": [4242, 16482, 3184, 2825, 743, 13739, 3311, 3313, 8933, 4390, 2712, 1893, 2636, 1237, 2382, 1182]
    },
    "9": {
        "n_features": 31,
        "phenotypes": 7,
        "n_features_in": 16484,
        "JS": 0.021931289476537413,
        "entropy": 0.001921974735148646,
        "pearson": 0.9971740446483596,
        "deconvolution": [0.06485537642357991, 0.08642641753790471, 0.1059101220653311, 0.03414689393933084, 0.27530159575476415, 0.298926705570135, 0.1344328887089544],
        "solution": [2546, 4269, 1985, 2794, 379, 1180, 3110, 1823, 3791, 1175, 3573, 306, 3651, 1696, 4031, 1223, 1866, 3577, 226, 3307, 1864, 1753, 3081, 3373, 181, 2819, 6022, 10140, 15708, 749, 8102]
    },
    "14": {
        "n_features": 50,
        "phenotypes": 7,
        "n_features_in": 16484,
        "JS": 0.037335965298847563,
        "entropy": 0.005502191545848547,
        "pearson": 0.9956708692466979,
        "deconvolution": [0.06990919144937104, 0.07334767575747238, 0.08982991343203738, 0.026515197804089573, 0.2858381185366179, 0.34584644958119115, 0.10871345343922065],
        "solution": [734, 3329, 215, 10750, 836, 14329, 7963, 5641, 10705, 14290, 2678, 1178, 2525, 16480, 1175, 601, 3442, 369, 3850, 1955, 4597, 1857, 4484, 4445, 379, 2075, 14355, 1239, 3583, 3184, 1823, 3325, 3284, 3293, 2172, 3300, 1814, 3290, 1586, 1800, 4269, 4171, 3454, 2625, 2052, 108, 1649, 2045, 3038, 1148]
    },
    "19": {
        "n_features": 69,
        "phenotypes": 7,
        "n_features_in": 16484,
        "JS": 0.017530065434485598,
        "entropy": 0.001188772594391337,
        "pearson": 0.9996327568978667,
        "deconvolution": [0.07176139184590949, 0.07645782333810014, 0.10094130961868425, 0.025036961258519334, 0.2762664050982285, 0.3177305808150319, 0.13180552802552628],
        "solution": [10508, 12781, 9158, 8596, 3521, 5275, 2974, 2438, 14635, 9131, 1176, 1146, 659, 2884, 1585, 743, 1329, 3072, 601, 2982, 1175, 3385, 2413, 1581, 2983, 5320, 2525, 4128, 3651, 4175, 1297, 1181, 1606, 134, 1371, 3308, 108, 4578, 3984, 3322, 3006, 373, 485, 4529, 4188, 3432, 3577, 1852, 4031, 714, 3107, 1900, 3128, 1543, 3583, 1302, 1876, 1201, 4403, 1667, 315, 14890, 27, 7675, 1239, 13369, 2335, 374, 3295]
    },
    "24": {
        "n_features": 90,
        "phenotypes": 7,
        "n_features_in": 16484,
        "JS": 0.024223618924847208,
        "entropy": 0.0023402723039560895,
        "pearson": 0.9976082307345218,
        "deconvolution": [0.08623679233634578, 0.07112281204740357, 0.1047240257376349, 0.025851947437001102, 0.26717603740218165, 0.3134446263675047, 0.1314437586719284],
        "solution": [14836, 6267, 16045, 13624, 9195, 1465, 5090, 2879, 8390, 11162, 6502, 8280, 16330, 11893, 5270, 1478, 871, 1176, 560, 1852, 570, 4501, 3082, 3583, 3290, 17, 3901, 1795, 1629, 1223, 3428, 2410, 757, 2033, 2986, 575, 2688, 3226, 4538, 1588, 2889, 1201, 110, 2522, 1660, 590, 373, 2825, 4526, 215, 1414, 1331, 3020, 2020, 3296, 3877, 4398, 4566, 3651, 4445, 3274, 1237, 15548, 3626, 2922, 14875, 10189, 1574, 14927, 4154, 3454, 2550, 4175, 4546, 10618, 3295, 8372, 1411, 4143, 1146, 1597, 2719, 7513, 1753, 2636, 1265, 4277, 2639, 10947, 3027]
    },
    "29": {
        "n_features": 112,
        "phenotypes": 7,
        "n_features_in": 16484,
        "JS": 0.046781949363548236,
        "entropy": 0.008789058703135746,
        "pearson": 0.9854102448599434,
        "deconvolution": [0.06445988496888613, 0.057318301661013246, 0.097357094588621, 0.03568347350174267, 0.2732666208116949, 0.30172165910012405, 0.17019296536791803],
        "solution": [9848, 13510, 9074, 13161, 9920, 2683, 7167, 7696, 15017, 6157, 11379, 9730, 3418, 4870, 10090, 15148, 7735, 2493, 282, 12494, 1291, 16452, 1374, 1355, 2413, 2204, 2052, 3669, 1383, 1990, 741, 1175, 3720, 1289, 1955, 3876, 3442, 134, 2529, 3433, 2712, 3293, 13739, 4143, 3646, 1308, 2584, 4169, 1656, 2357, 3579, 2082, 4175, 1248, 14467, 587, 4563, 575, 1776, 296, 2889, 3865, 2385, 3114, 3224, 681, 1329, 1178, 4152, 4582, 3284, 2732, 4256, 2009, 8372, 3902, 1890, 4189, 1580, 4394, 3839, 2664, 857, 89, 2006, 3585, 1803, 1615, 1433, 6964, 1055, 16459, 3117, 1303, 1152, 3308, 8970, 15564, 7498, 1696, 6022, 398, 357, 3382, 27, 1143, 1104, 2522, 1667, 4570, 1413, 4568]
    },
    "34": {
        "n_features": 142,
        "phenotypes": 7,
        "n_features_in": 16484,
        "JS": 0.0538020469816244,
        "entropy": 0.011266334330920178,
        "pearson": 0.9916266825599003,
        "deconvolution": [0.06736626381496821, 0.060227397592601414, 0.06774321780156521, 0.026771239364616492, 0.31380966750045447, 0.32110499963139155, 0.1429772142944026],
        "solution": [3322, 5198, 13207, 9013, 6318, 1930, 1134, 11535, 15992, 12150, 15410, 3337, 6915, 12751, 8238, 13907, 5260, 2186, 9370, 11780, 1076, 14120, 12100, 1665, 11676, 5776, 923, 3667, 11777, 10129, 15846, 2322, 12039, 4343, 13679, 10750, 1176, 2413, 4171, 4596, 1591, 1478, 2075, 1998, 1216, 1571, 188, 1837, 1893, 603, 3301, 1585, 11276, 1333, 1253, 4557, 2652, 3072, 4256, 7933, 558, 2712, 1297, 4620, 3472, 8362, 2156, 2639, 4276, 20, 29, 379, 2584, 3955, 3579, 1868, 3882, 1395, 1303, 1201, 27, 16477, 509, 4173, 3023, 1393, 1405, 296, 2059, 4203, 4398, 16388, 3062, 3633, 1657, 1291, 12991, 647, 306, 14623, 3424, 1441, 4285, 4520, 1025, 1990, 3382, 3325, 16472, 3038, 687, 1246, 2006, 16471, 4154, 3028, 836, 4390, 3559, 587, 1802, 2707, 15708, 1426, 1357, 4270, 16481, 3586, 3116, 203, 12518, 3394, 5815, 3011, 4541, 2664, 2068, 4501, 5932, 5953, 3959, 11119]
    },
    "39": {
        "n_features": 171,
        "phenotypes": 7,
        "n_features_in": 16484,
        "JS": 0.023169653911172077,
        "entropy": 0.002121443942010407,
        "pearson": 0.9990648097008196,
        "deconvolution": [0.06392230204067298, 0.06869538490550486, 0.09338797837810674, 0.030733032909300004, 0.2782799387667868, 0.33243067554316097, 0.13255068745646767],
        "solution": [1672, 186, 355, 7424, 9138, 647, 9187, 7998, 11007, 6861, 12258, 6237, 13245, 9135, 12661, 479, 4810, 1092, 6189, 597, 15626, 7542, 4163, 7552, 13160, 15427, 1356, 13884, 7983, 10943, 4730, 8130, 6266, 13406, 2660, 12435, 3461, 6178, 13655, 12863, 4506, 12420, 5994, 8967, 5830, 14220, 3110, 11696, 13282, 14315, 2524, 1210, 2986, 1955, 2583, 1180, 105, 3293, 15539, 3577, 1223, 1591, 2069, 4445, 14927, 1706, 2410, 4625, 2529, 3442, 1893, 2551, 1343, 3001, 1890, 3583, 1985, 1660, 192, 14468, 860, 601, 1395, 4517, 3302, 13944, 3379, 1776, 3596, 1436, 54, 1169, 108, 4597, 4444, 4143, 889, 16478, 681, 1297, 306, 1175, 12153, 1200, 224, 90, 1346, 1055, 2074, 442, 4180, 1345, 3011, 3428, 1285, 103, 3866, 2825, 3651, 10173, 2625, 5083, 2100, 3292, 887, 4391, 7680, 15778, 4347, 668, 321, 12919, 424, 1361, 1183, 3082, 3940, 15023, 4494, 12847, 2446, 3559, 3588, 1246, 4403, 2708, 1357, 3426, 12683, 3300, 3140, 701, 14671, 1481, 13657, 1723, 2018, 15964, 78, 2534, 4102, 1387, 2709, 5563, 3000, 4253, 4277, 10585, 1419, 3981, 3013]
    }
}