{
    "4": {
        "n_train": 1502,
        "n_features_in": 16484,
        "n_features": 16,
        "n_classes": 7,
        "scale": false,
        "normalize": false,
        "train_accuracy": 0.8761651131824234,
        "train_f1_micro": 0.8761651131824234,
        "train_f1_macro": 0.8160147991705443,
        "train_f1_weighted": 0.8744187553358121,
        "train_ROC": 0.9824540311529277,
        "n_test": 1503,
        "test_accuracy": 0.8542914171656687,
        "test_f1_micro": 0.8542914171656687,
        "test_f1_macro": 0.7842210399465522,
        "test_f1_weighted": 0.8514048827754105,
        "test_ROC": 0.9697999609800145,
        "solution": [4242, 16482, 3184, 2825, 743, 13739, 3311, 3313, 8933, 4390, 2712, 1893, 2636, 1237, 2382, 1182]
    },
    "9": {
        "n_train": 1502,
        "n_features_in": 16484,
        "n_features": 31,
        "n_classes": 7,
        "scale": false,
        "normalize": false,
        "train_accuracy": 0.9567243675099867,
        "train_f1_micro": 0.9567243675099867,
        "train_f1_macro": 0.948144104731167,
        "train_f1_weighted": 0.956679120794012,
        "train_ROC": 0.9972106485394657,
        "n_test": 1503,
        "test_accuracy": 0.914836992681304,
        "test_f1_micro": 0.914836992681304,
        "test_f1_macro": 0.8777415046834921,
        "test_f1_weighted": 0.914356868860433,
        "test_ROC": 0.9883340036957851,
        "solution": [2546, 4269, 1985, 2794, 379, 1180, 3110, 1823, 3791, 1175, 3573, 306, 3651, 1696, 4031, 1223, 1866, 3577, 226, 3307, 1864, 1753, 3081, 3373, 181, 2819, 6022, 10140, 15708, 749, 8102]
    },
    "14": {
        "n_train": 1502,
        "n_features_in": 16484,
        "n_features": 50,
        "n_classes": 7,
        "scale": false,
        "normalize": false,
        "train_accuracy": 0.9860186418109188,
        "train_f1_micro": 0.9860186418109188,
        "train_f1_macro": 0.9836384434131263,
        "train_f1_weighted": 0.9860053758206409,
        "train_ROC": 0.9997396869431967,
        "n_test": 1503,
        "test_accuracy": 0.916833000665336,
        "test_f1_micro": 0.916833000665336,
        "test_f1_macro": 0.8909273040322693,
        "test_f1_weighted": 0.9164980521898722,
        "test_ROC": 0.9898207995749921,
        "solution": [734, 3329, 215, 10750, 836, 14329, 7963, 5641, 10705, 14290, 2678, 1178, 2525, 16480, 1175, 601, 3442, 369, 3850, 1955, 4597, 1857, 4484, 4445, 379, 2075, 14355, 1239, 3583, 3184, 1823, 3325, 3284, 3293, 2172, 3300, 1814, 3290, 1586, 1800, 4269, 4171, 3454, 2625, 2052, 108, 1649, 2045, 3038, 1148]
    },
    "19": {
        "n_train": 1502,
        "n_features_in": 16484,
        "n_features": 69,
        "n_classes": 7,
        "scale": false,
        "normalize": false,
        "train_accuracy": 0.9980026631158455,
        "train_f1_micro": 0.9980026631158455,
        "train_f1_macro": 0.9981599290922432,
        "train_f1_weighted": 0.9979996298371877,
        "train_ROC": 0.9999921074394825,
        "n_test": 1503,
        "test_accuracy": 0.9288090485695276,
        "test_f1_micro": 0.9288090485695276,
        "test_f1_macro": 0.9021818480760351,
        "test_f1_weighted": 0.9288126685447554,
        "test_ROC": 0.9944936945398657,
        "solution": [10508, 12781, 9158, 8596, 3521, 5275, 2974, 2438, 14635, 9131, 1176, 1146, 659, 2884, 1585, 743, 1329, 3072, 601, 2982, 1175, 3385, 2413, 1581, 2983, 5320, 2525, 4128, 3651, 4175, 1297, 1181, 1606, 134, 1371, 3308, 108, 4578, 3984, 3322, 3006, 373, 485, 4529, 4188, 3432, 3577, 1852, 4031, 714, 3107, 1900, 3128, 1543, 3583, 1302, 1876, 1201, 4403, 1667, 315, 14890, 27, 7675, 1239, 13369, 2335, 374, 3295]
    },
    "24": {
        "n_train": 1502,
        "n_features_in": 16484,
        "n_features": 90,
        "n_classes": 7,
        "scale": false,
        "normalize": false,
        "train_accuracy": 0.9993342210386151,
        "train_f1_micro": 0.9993342210386151,
        "train_f1_macro": 0.9994880207980055,
        "train_f1_weighted": 0.9993337370409583,
        "train_ROC": 1.0,
        "n_test": 1503,
        "test_accuracy": 0.9427811044577512,
        "test_f1_micro": 0.9427811044577512,
        "test_f1_macro": 0.9274615725192239,
        "test_f1_weighted": 0.9426072543114553,
        "test_ROC": 0.9956173778741412,
        "solution": [14836, 6267, 16045, 13624, 9195, 1465, 5090, 2879, 8390, 11162, 6502, 8280, 16330, 11893, 5270, 1478, 871, 1176, 560, 1852, 570, 4501, 3082, 3583, 3290, 17, 3901, 1795, 1629, 1223, 3428, 2410, 757, 2033, 2986, 575, 2688, 3226, 4538, 1588, 2889, 1201, 110, 2522, 1660, 590, 373, 2825, 4526, 215, 1414, 1331, 3020, 2020, 3296, 3877, 4398, 4566, 3651, 4445, 3274, 1237, 15548, 3626, 2922, 14875, 10189, 1574, 14927, 4154, 3454, 2550, 4175, 4546, 10618, 3295, 8372, 1411, 4143, 1146, 1597, 2719, 7513, 1753, 2636, 1265, 4277, 2639, 10947, 3027]
    },
    "29": {
        "n_train": 1502,
        "n_features_in": 16484,
        "n_features": 112,
        "n_classes": 7,
        "scale": false,
        "normalize": false,
        "train_accuracy": 1.0,
        "train_f1_micro": 1.0,
        "train_f1_macro": 1.0,
        "train_f1_weighted": 1.0,
        "train_ROC": 1.0,
        "n_test": 1503,
        "test_accuracy": 0.9394544244843646,
        "test_f1_micro": 0.9394544244843644,
        "test_f1_macro": 0.9250415598498299,
        "test_f1_weighted": 0.9391559929835886,
        "test_ROC": 0.9960641706206997,
        "solution": [9848, 13510, 9074, 13161, 9920, 2683, 7167, 7696, 15017, 6157, 11379, 9730, 3418, 4870, 10090, 15148, 7735, 2493, 282, 12494, 1291, 16452, 1374, 1355, 2413, 2204, 2052, 3669, 1383, 1990, 741, 1175, 3720, 1289, 1955, 3876, 3442, 134, 2529, 3433, 2712, 3293, 13739, 4143, 3646, 1308, 2584, 4169, 1656, 2357, 3579, 2082, 4175, 1248, 14467, 587, 4563, 575, 1776, 296, 2889, 3865, 2385, 3114, 3224, 681, 1329, 1178, 4152, 4582, 3284, 2732, 4256, 2009, 8372, 3902, 1890, 4189, 1580, 4394, 3839, 2664, 857, 89, 2006, 3585, 1803, 1615, 1433, 6964, 1055, 16459, 3117, 1303, 1152, 3308, 8970, 15564, 7498, 1696, 6022, 398, 357, 3382, 27, 1143, 1104, 2522, 1667, 4570, 1413, 4568]
    },
    "34": {
        "n_train": 1502,
        "n_features_in": 16484,
        "n_features": 142,
        "n_classes": 7,
        "scale": false,
        "normalize": false,
        "train_accuracy": 1.0,
        "train_f1_micro": 1.0,
        "train_f1_macro": 1.0,
        "train_f1_weighted": 1.0,
        "train_ROC": 1.0,
        "n_test": 1503,
        "test_accuracy": 0.9414504324683965,
        "test_f1_micro": 0.9414504324683965,
        "test_f1_macro": 0.9188853338974029,
        "test_f1_weighted": 0.9410820269679993,
        "test_ROC": 0.9959436968057738,
        "solution": [3322, 5198, 13207, 9013, 6318, 1930, 1134, 11535, 15992, 12150, 15410, 3337, 6915, 12751, 8238, 13907, 5260, 2186, 9370, 11780, 1076, 14120, 12100, 1665, 11676, 5776, 923, 3667, 11777, 10129, 15846, 2322, 12039, 4343, 13679, 10750, 1176, 2413, 4171, 4596, 1591, 1478, 2075, 1998, 1216, 1571, 188, 1837, 1893, 603, 3301, 1585, 11276, 1333, 1253, 4557, 2652, 3072, 4256, 7933, 558, 2712, 1297, 4620, 3472, 8362, 2156, 2639, 4276, 20, 29, 379, 2584, 3955, 3579, 1868, 3882, 1395, 1303, 1201, 27, 16477, 509, 4173, 3023, 1393, 1405, 296, 2059, 4203, 4398, 16388, 3062, 3633, 1657, 1291, 12991, 647, 306, 14623, 3424, 1441, 4285, 4520, 1025, 1990, 3382, 3325, 16472, 3038, 687, 1246, 2006, 16471, 4154, 3028, 836, 4390, 3559, 587, 1802, 2707, 15708, 1426, 1357, 4270, 16481, 3586, 3116, 203, 12518, 3394, 5815, 3011, 4541, 2664, 2068, 4501, 5932, 5953, 3959, 11119]
    },
    "39": {
        "n_train": 1502,
        "n_features_in": 16484,
        "n_features": 171,
        "n_classes": 7,
        "scale": false,
        "normalize": false,
        "train_accuracy": 1.0,
        "train_f1_micro": 1.0,
        "train_f1_macro": 1.0,
        "train_f1_weighted": 1.0,
        "train_ROC": 1.0,
        "n_test": 1503,
        "test_accuracy": 0.9580838323353293,