{
    "1": {
        "n_features": 53,
        "phenotypes": 75,
        "n_features_in": 2968,
        "JS": 0.24778492256082593,
        "entropy": 0.29891335116431395,
        "pearson": 0.8693532590225854,
        "deconvolution": [0.004693803110656728, 0.01930460789066107, 0.0, 0.02146919738676951, 0.06206052764783909, 0.0012855159149133186, 0.011880118684428143, 0.019612314331082053, 0.002709792689694121, 0.0, 0.005624899110459305, 0.006570916214229458, 0.0035818228514603034, 0.0, 0.0, 0.0178625348430404, 0.0, 0.009794018219868868, 0.051687106110585676, 0.045899448338166275, 0.0019673375413121427, 0.011630461111205305, 0.021925070131560812, 0.0556403242546143, 0.012034641551633168, 0.0, 0.007650066057917541, 0.0, 0.004970717538267228, 0.020045170829394648, 0.008226602439316938, 0.034774683099376084, 0.019044110058047046, 0.02025739801768582, 0.005293066751825468, 0.0010963327727221757, 0.009145690448282898, 0.007492400871894714, 0.0, 0.009099994852401549, 0.018957943423447216, 0.02157885691690715, 0.006810958533725488, 0.008125803078921925, 0.006999270766499497, 0.014640769641716027, 0.005983880855361698, 0.01632472881969983, 0.01650906011358743, 0.007289629700889689, 0.010499521251875771, 0.05127515898708108, 0.013756576785891575, 0.001387651338110345, 0.0, 0.011293621133510292, 0.0, 0.04360263744064068, 0.023845494892947853, 0.011712411454548528, 0.016154755298860745, 0.009053573828963483, 0.02474760585074805, 0.005484215671413727, 0.008718994540545892, 0.0, 0.001668115210246348, 7.190701495724151e-05, 0.028255281776489935, 0.0, 0.027506123382249628, 0.012271685383389791, 0.03043806908474925, 0.007760101175287005, 0.002944904975424493],
        "solution": [34, 164, 185, 192, 194, 209, 231, 286, 320, 404, 473, 509, 562, 592, 662, 717, 775, 792, 812, 820, 850, 965, 966, 985, 1231, 1415, 1449, 1537, 1540, 1603, 1631, 1645, 1685, 1853, 1935, 2066, 2070, 2071, 2174, 2207, 2230, 2408, 2471, 2579, 2594, 2638, 2714, 2734, 2738, 2751, 2804, 2866, 2961]
    },
    "2": {
        "n_features": 89,
        "phenotypes": 75,
        "n_features_in": 2968,
        "JS": 0.25517343403227666,
        "entropy": 0.2704081261615841,
        "pearson": 0.8267785954269471,
        "deconvolution": [0.0, 0.025530699817001897, 0.009277356273258557, 0.0008364567154418306, 0.03960480164666792, 0.011785362580942236, 0.012584918458001474, 0.0, 0.008302334271470839, 0.0, 0.024833369210439136, 0.0030098112221575235, 0.005310324906743099, 0.008222280703927597, 0.0, 0.012610713011961847, 0.0, 0.010688905992187433, 0.04502932251694356, 0.036180173502487124, 0.0, 0.0036439101348285075, 0.013602733438967686, 0.05103753982580808, 0.018008622210194638, 0.008572476172416429, 0.0, 0.010264571944504036, 0.004678059952453271, 0.00019933842850606334, 0.01228514606393086, 0.04997654463817291, 0.012998906130532721, 0.03865004554786828, 0.0, 0.01985998750000551, 0.007784834938480328, 0.004367724762989964, 0.0, 0.015258709012814056, 0.013298851136550638, 0.016781086238730994, 0.0, 0.008734005890987986, 0.022387414183295113, 0.0076657475649793165, 0.0007663702686780417, 0.006303157587017494, 0.017466563474336425, 0.007112589601755533, 0.0155005254127755, 0.04625091675653819, 0.013436307072914972, 0.0023342888379024648, 0.0, 0.010406496193916424, 0.0, 0.04046194120338288, 0.02507006623679664, 0.02105060351646102, 0.00044850386712552064, 0.0033764061217886605, 0.0592541680645283, 0.018416205557701685, 0.023356373645816456, 0.00497612864140471, 0.0070430986513935435, 0.005184774209897396, 0.0, 0.0, 0.022962052810012, 0.0017973627199489109, 0.03926248255141585, 0.013899530449841864, 0.0],
        "solution": [33, 34, 58, 164, 185, 192, 194, 208, 209, 231, 286, 320, 370, 371, 372, 404, 473, 494, 509, 517, 552, 562, 592, 662, 682, 686, 717, 741, 775, 792, 812, 820, 840, 850, 869, 965, 966, 967, 985, 1063, 1159, 1231, 1327, 1391, 1393, 1400, 1415, 1449, 1537, 1540, 1544, 1597, 1603, 1631, 1645, 1683, 1685, 1743, 1843, 1853, 1907, 1935, 2066, 2070, 2071, 2174, 2207, 2230, 2236, 2239, 2408, 2423, 2467, 2471, 2507, 2579, 2594, 2638, 2714, 2734, 2738, 2751, 2757, 2792, 2804, 2866, 2896, 2937, 2961]
    },
    "3": {
        "n_features": 127,
        "phenotypes": 75,
        "n_features_in": 2968,
        "JS": 0.20201150842877108,
        "entropy": 0.14904540564474408,
        "pearson": 0.9286583405003492,
        "deconvolution": [0.0116586543871789, 0.029134753399911693, 0.00699591876745066, 0.0017422766815442666, 0.04924067876497547, 0.00021661070147713417, 0.0, 0.0133756573582386, 0.0015219444212457047, 0.0, 0.012887744260894915, 0.00224115588080096, 0.005480693173294077, 0.008928478411049268, 0.0, 0.017940368661231283, 0.0, 0.014259239668088368, 0.05017134540862026, 0.038102458617861004, 0.008875773736841515, 0.003339740540242007, 0.015125610968685182, 0.05889889323435621, 0.004287925404979352, 0.006176541454011279, 0.0, 0.006943883830684018, 0.005705789986342742, 0.0004833514289416837, 0.01532580487470469, 0.056863661114053936, 0.03815235493664874, 0.02313331858709934, 0.0048945552403173425, 0.007977835305282652, 0.01220658784703524, 0.002711777227006507, 0.0, 0.007971947887685403, 0.01578852665765193, 0.019379942295953256, 0.003615441786086219, 0.01933813901039785, 0.01924385453510355, 0.006215664228035312, 0.0, 0.005708060655358564, 0.02147156206789635, 0.01566181037217446, 0.021648310883029608, 0.05084196626066661, 0.013832926457372732, 0.0009019163608132995, 0.0, 0.005224945410844905, 0.0, 0.04478718251763481, 0.0242478148989805, 0.0, 0.00953974218509751, 0.0, 0.037842561847328905, 0.006497450604343527, 0.030128668879167333, 0.005745314242088894, 0.0022921320022851847, 0.0011187081596674459, 0.0, 0.0, 0.016727112160245985, 0.001036065735273034, 0.04218091489892587, 0.014273524894306892, 0.0017364078244891327],
        "solution": [33, 34, 35, 58, 137, 164, 185, 192, 194, 208, 209, 231, 286, 313, 314, 320, 358, 370, 371, 372, 379, 380, 404, 446, 473, 494, 509, 514, 517, 552, 562, 591, 592, 662, 682, 686, 717, 741, 775, 792, 812, 820, 840, 843, 850, 869, 913, 965, 966, 967, 969, 982, 985, 1063, 1151, 1159, 1223, 1224, 1231, 1264, 1320, 1327, 1391, 1393, 1400, 1415, 1449, 1456, 1537, 1540, 1544, 1597, 1602, 1603, 1631, 1645, 1647, 1660, 1683, 1685, 1729, 1743, 1763, 1843, 1845, 1853, 1907, 1909, 1935, 1939, 2066, 2070, 2071, 2124, 2138, 2174, 2207, 2230, 2236, 2239, 2408, 2410, 2423, 2467, 2471, 2507, 2530, 2579, 2591, 2594, 2638, 2656, 2714, 2734, 2738, 2751, 2757, 2768, 2781, 2792, 2804, 2866, 2896, 2927, 2937, 2960, 2961]
    },
    "4": {
        "n_features": 165,
        "phenotypes": 75,
        "n_features_in": 2968,
        "JS": 0.22856685728893253,
        "entropy": 0.2192186595362465,
        "pearson": 0.9123996403049685,