{
    "1": {
        "n_train": 37884,
        "n_features_in": 2968,
        "n_features": 53,
        "n_classes": 75,
        "scale": false,
        "normalize": false,
        "train_accuracy": 0.5991711540492028,
        "train_f1_micro": 0.5991711540492028,
        "train_f1_macro": 0.4507950705761296,
        "train_f1_weighted": 0.5834089947491844,
        "train_ROC": 0.9829610549571703,
        "n_test": 37885,
        "test_accuracy": 0.5795961462320179,
        "test_f1_micro": 0.5795961462320179,
        "test_f1_macro": 0.41183420151528227,
        "test_f1_weighted": 0.5618960722551957,
        "test_ROC": 0.9781152559607329,
        "solution": [34, 164, 185, 192, 194, 209, 231, 286, 320, 404, 473, 509, 562, 592, 662, 717, 775, 792, 812, 820, 850, 965, 966, 985, 1231, 1415, 1449, 1537, 1540, 1603, 1631, 1645, 1685, 1853, 1935, 2066, 2070, 2071, 2174, 2207, 2230, 2408, 2471, 2579, 2594, 2638, 2714, 2734, 2738, 2751, 2804, 2866, 2961]
    },
    "2": {
        "n_train": 37884,
        "n_features_in": 2968,
        "n_features": 89,
        "n_classes": 75,
        "scale": false,
        "normalize": false,
        "train_accuracy": 0.705706894731285,
        "train_f1_micro": 0.705706894731285,
        "train_f1_macro": 0.5894819426308279,
        "train_f1_weighted": 0.6988230817163459,
        "train_ROC": 0.9913913883283297,
        "n_test": 37885,
        "test_accuracy": 0.6699221327702257,
        "test_f1_micro": 0.6699221327702257,
        "test_f1_macro": 0.5070575862032527,
        "test_f1_weighted": 0.6608288239658878,
        "test_ROC": 0.986033859746421,
        "solution": [33, 34, 58, 164, 185, 192, 194, 208, 209, 231, 286, 320, 370, 371, 372, 404, 473, 494, 509, 517, 552, 562, 592, 662, 682, 686, 717, 741, 775, 792, 812, 820, 840, 850, 869, 965, 966, 967, 985, 1063, 1159, 1231, 1327, 1391, 1393, 1400, 1415, 1449, 1537, 1540, 1544, 1597, 1603, 1631, 1645, 1683, 1685, 1743, 1843, 1853, 1907, 1935, 2066, 2070, 2071, 2174, 2207, 2230, 2236, 2239, 2408, 2423, 2467, 2471, 2507, 2579, 2594, 2638, 2714, 2734, 2738, 2751, 2757, 2792, 2804, 2866, 2896, 2937, 2961]
    },
    "3": {
        "n_train": 37884,
        "n_features_in": 2968,
        "n_features": 127,
        "n_classes": 75,
        "scale": false,
        "normalize": false,
        "train_accuracy": 0.765177911519375,
        "train_f1_micro": 0.765177911519375,
        "train_f1_macro": 0.6851800359923509,
        "train_f1_weighted": 0.7611206949879854,
        "train_ROC": 0.9946155977924749,
        "n_test": 37885,
        "test_accuracy": 0.7118648541639171,
        "test_f1_micro": 0.7118648541639171,
        "test_f1_macro": 0.5561303044838614,
        "test_f1_weighted": 0.705870473675569,
        "test_ROC": 0.9887641286394533,
        "solution": [33, 34, 35, 58, 137, 164, 185, 192, 194, 208, 209, 231, 286, 313, 314, 320, 358, 370, 371, 372, 379, 380, 404, 446, 473, 494, 509, 514, 517, 552, 562, 591, 592, 662, 682, 686, 717, 741, 775, 792, 812, 820, 840, 843, 850, 869, 913, 965, 966, 967, 969, 982, 985, 1063, 1151, 1159, 1223, 1224, 1231, 1264, 1320, 1327, 1391, 1393, 1400, 1415, 1449, 1456, 1537, 1540, 1544, 1597, 1602, 1603, 1631, 1645, 1647, 1660, 1683, 1685, 1729, 1743, 1763, 1843, 1845, 1853, 1907, 1909, 1935, 1939, 2066, 2070, 2071, 2124, 2138, 2174, 2207, 2230, 2236, 2239, 2408, 2410, 2423, 2467, 2471, 2507, 2530, 2579, 2591, 2594, 2638, 2656, 2714, 2734, 2738, 2751, 2757, 2768, 2781, 2792, 2804, 2866, 2896, 2927, 2937, 2960, 2961]
    },
    "4": {
        "n_train": 37884,
        "n_features_in": 2968,
        "n_features": 165,
        "n_classes": 75,
        "scale": false,
        "normalize": false,
        "train_accuracy": 0.813720832013515,
        "train_f1_micro": 0.813720832013515,
        "train_f1_macro": 0.7629415617992055,
        "train_f1_weighted": 0.8117359224177031,
        "train_ROC": 0.996591867342887,
        "n_test": 37885,
        "test_accuracy": 0.7436716378513923,
        "test_f1_micro": 0.7436716378513923,
        "test_f1_macro": 0.5972848973582126,
        "test_f1_weighted": 0.7394941349879625,
        "test_ROC": 0.9906584192569325,
        "solution": [33, 34, 35, 41, 58, 137, 164, 168, 169, 185, 192, 194, 208, 209, 231, 286, 313, 314, 320, 358, 370, 371, 372, 378, 379, 380, 404, 412, 446, 460, 472, 473, 494, 509, 514, 517, 552, 562, 591, 592, 662, 682, 686, 717, 741, 775, 792, 812, 820, 840, 843, 850, 868, 869, 872, 908, 913, 965, 966, 967, 969, 979, 982, 985, 1029, 1063, 1151, 1159, 1197, 1223, 1224, 1231, 1264, 1320, 1327, 1355, 1363, 1391, 1393, 1400, 1415, 1449, 1456, 1457, 1487, 1537, 1540, 1544, 1597, 1600, 1602, 1603, 1605, 1630, 1631, 1645, 1647, 1660, 1683, 1685, 1689, 1729, 1743, 1763, 1821, 1843, 1845, 1846, 1851, 1852, 1853, 1907, 1909, 1935, 1939, 1954, 2056, 2066, 2070, 2071, 2124, 2125, 2138, 2152, 2174, 2207, 2230, 2236, 2239, 2332, 2350, 2408, 2410, 2423, 2425, 2467, 2471, 2497, 2507, 2530, 2579, 2591, 2593, 2594, 2638, 2640, 2656, 2666, 2714, 2716, 2734, 2738, 2751, 2757, 2768, 2781, 2792, 2802, 2804, 2866, 2896, 2927, 2937, 2960, 2961]
    },
    "5": {
        "n_train": 37884,
        "n_features_in": 2968,
        "n_features": 195,
        "n_classes": 75,
        "scale": false,
        "normalize": false,
        "train_accuracy": 0.850121423292155,
        "train_f1_micro": 0.850121423292155,
        "train_f1_macro": 0.815165399757172,
        "train_f1_weighted": 0.8488912472022888,
        "train_ROC": 0.9976835925240081,
        "n_test": 37885,
        "test_accuracy": 0.7618582552461396,
        "test_f1_micro": 0.7618582552461396,
        "test_f1_macro": 0.6130751858859814,
        "test_f1_weighted": 0.7588187426564491,
        "test_ROC": 0.9915402841505465,
        "solution": [24, 33, 34, 35, 38, 41, 58, 137, 164, 168, 169, 185, 192, 194, 208, 209, 218, 231, 255, 286, 313, 314, 320, 336, 358, 370, 371, 372, 376, 378, 379, 380, 404, 412, 446, 460, 472, 473, 481, 494, 509, 514, 517, 552, 562, 591, 592, 598, 662, 682, 686, 717, 741, 755, 775, 791, 792, 812, 820, 840, 843, 850, 868, 869, 872, 908, 913, 965, 966, 967, 969, 979, 982, 985, 1029, 1062, 1063, 1078, 1111, 1122, 1151, 1159, 1177, 1197, 1223, 1224, 1231, 1264, 1320, 1327, 1355, 1363, 1391, 1393, 1400, 1415, 1449, 1456, 1457, 1487, 1537, 1540, 1544, 1597, 1600, 1602, 1603, 1605, 1630, 1631, 1645, 1647, 1660, 1683, 1685, 1689, 1729, 1743, 1761, 1763, 1821, 1840, 1843, 1845, 1846, 1851, 1852, 1853, 1907, 1909, 1935, 1936, 1939, 1954, 2031, 2056, 2066, 2070, 2071, 2121, 2124, 2125, 2138, 2139, 2152, 2174, 2197, 2207, 2230, 2236, 2239, 2288, 2332, 2350, 2389, 2408, 2410, 2423, 2424, 2425, 2466, 2467, 2471, 2497, 2507, 2530, 2549, 2576, 2579, 2591, 2593, 2594, 2638, 2640, 2656, 2666, 2672, 2714, 2716, 2734, 2738, 2751, 2757, 2768, 2781, 2792, 2802, 2804, 2823, 2866, 2896, 2927, 2937, 2960, 2961]
    },
    "6": {
        "n_train": 37884,
        "n_features_in": 2968,
        "n_features": 218,
        "n_classes": 75,
        "scale": false,
        "normalize": false,
        "train_accuracy": 0.862976454439869,
        "train_f1_micro": 0.8629764544398689,
        "train_f1_macro": 0.838472379097885,
        "train_f1_weighted": 0.8619115314887991,
        "train_ROC": 0.9980260289028261,
        "n_test": 37885,
        "test_accuracy": 0.766794245743698,
        "test_f1_micro": 0.766794245743698,
        "test_f1_macro": 0.619916468907985,
        "test_f1_weighted": 0.7641246274058082,
        "test_ROC": 0.9915627688634745,