{
    "1": {
        "n_features": 32,
        "phenotypes": 33,
        "n_features_in": 4443,
        "JS": 0.26904539316159715,
        "entropy": 0.3920379499289534,
        "pearson": 0.8730592628390828,
        "deconvolution": [0.0038863252088732476, 0.011104418098978112, 0.01364607104619126, 0.004739493549414379, 0.002307902661774261, 0.006403674227812422, 0.000849613536530154, 0.0, 0.00613733068856174, 0.0014568803184051998, 0.012641839832094366, 0.0, 0.007118296815901475, 0.22654688126509948, 0.24351145750151929, 0.001786093471813387, 0.09384556300420739, 0.0012102668345877088, 0.02559551196934913, 0.0, 0.038034828902293566, 0.03854818340025469, 0.0029678105955352244, 0.003328127717533895, 0.00027139105906491686, 0.004349538701875268, 0.0018888239995781845, 0.0011800182201916667, 0.004993815338192491, 0.10826599989551054, 0.06958141236294567, 0.06348613009503604, 0.00031629968087484866],
        "solution": [136, 316, 856, 1161, 1164, 1205, 1367, 1539, 1565, 1638, 1651, 1812, 1841, 2105, 2112, 2206, 2239, 2287, 2450, 2562, 2574, 2780, 2853, 2986, 3089, 3222, 3265, 3359, 3446, 3630, 4161, 4260]
    },
    "2": {
        "n_features": 64,
        "phenotypes": 33,
        "n_features_in": 4443,
        "JS": 0.16700190000900306,
        "entropy": 0.1609279480835175,
        "pearson": 0.9763585689809924,
        "deconvolution": [0.003966298974776686, 0.010188668525323605, 0.012857428343446792, 0.002294811057578894, 0.0010973067755472167, 0.005644219659815978, 0.0011518752083007604, 0.0012878050388834862, 0.004977749795894793, 0.0003577243053209497, 0.0, 0.002562177760228361, 0.006307187969015445, 0.3741568992495517, 0.2430957900026888, 0.0017961506503138024, 0.09985176552218311, 0.0014793725660412857, 0.028044196733778618, 0.0, 0.039742491259654567, 0.041026180042984764, 0.0020529814970412287, 0.003079919919630894, 0.0002598681293968828, 0.004269155768015863, 0.0017281520566638027, 0.0010535477519646778, 0.001999131122191571, 0.017031219162985105, 0.06710336841131377, 0.018746429194799085, 0.0007901275446674948],
        "solution": [134, 136, 316, 378, 505, 522, 574, 575, 686, 856, 1161, 1164, 1183, 1203, 1205, 1299, 1341, 1367, 1431, 1462, 1539, 1565, 1638, 1651, 1652, 1684, 1812, 1841, 2026, 2053, 2105, 2112, 2140, 2206, 2231, 2239, 2264, 2287, 2370, 2450, 2459, 2562, 2574, 2643, 2659, 2780, 2853, 2875, 2986, 3078, 3089, 3222, 3265, 3359, 3446, 3459, 3630, 3657, 3778, 4011, 4024, 4161, 4260, 4343]
    },
    "3": {
        "n_features": 95,
        "phenotypes": 33,
        "n_features_in": 4443,
        "JS": 0.13227003589064965,
        "entropy": 0.08841011195935919,
        "pearson": 0.9907924094741012,
        "deconvolution": [0.0046617206381967665, 0.01626731206298074, 0.013736176289567855, 0.0024633791915786075, 0.00012112177088433215, 0.006037600290648844, 0.001546271178857058, 0.00010910022590130718, 0.005945752950752011, 0.0007901361249972303, 0.0, 0.0036422318658969628, 0.007785125272020957, 0.39258721569564864, 0.24605253305513408, 0.0018678699650228748, 0.06666191257924876, 0.0020905404796331827, 0.027069355909583294, 9.128364325862706e-05, 0.040300725761078446, 0.04455471092345577, 0.001603138601471341, 0.0031184827336761607, 8.848981511509432e-05, 0.004873202075192227, 0.0018620469588784413, 0.001167044524291004, 0.0, 0.021705614637865172, 0.06779406190096977, 0.013110808331499973, 0.00029503454669426425],
        "solution": [72, 134, 136, 316, 322, 378, 389, 505, 522, 574, 575, 633, 686, 780, 834, 856, 923, 1114, 1161, 1164, 1183, 1203, 1205, 1266, 1275, 1299, 1341, 1367, 1374, 1410, 1431, 1443, 1462, 1539, 1565, 1638, 1651, 1652, 1665, 1684, 1741, 1780, 1812, 1841, 1889, 2026, 2053, 2105, 2110, 2112, 2118, 2140, 2206, 2231, 2239, 2264, 2287, 2316, 2370, 2392, 2426, 2438, 2441, 2450, 2459, 2562, 2574, 2643, 2659, 2780, 2825, 2853, 2875, 2986, 3033, 3078, 3089, 3202, 3222, 3265, 3284, 3308, 3359, 3446, 3459, 3630, 3657, 3778, 3786, 4011, 4024, 4161, 4201, 4260, 4343]
    },
    "4": {
        "n_features": 125,
        "phenotypes": 33,
        "n_features_in": 4443,
        "JS": 0.1379198483136497,
        "entropy": 0.0961739490447073,
        "pearson": 0.9901320245143832,
        "deconvolution": [0.0045597137286483595, 0.017158020309756418, 0.013453410986503026, 0.0024651451446918967, 0.0, 0.0037876302999545965, 0.0011803599976209684, 0.0, 0.005244278120737893, 0.0006678582588123184, 0.0011428797456468694, 0.0020601039600964786, 0.007656064659113986, 0.3967670201625069, 0.24533874555137472, 0.0018538313446702867, 0.06975501875655142, 0.002260661747947624, 0.026661488699187327, 0.0, 0.04205094939003877, 0.042328169996665395, 0.0009320949533726145, 0.0029965010523832288, 0.0, 0.004688988065259535, 0.0018645117310384512, 0.001125147289436307, 0.0, 0.024189789986156025, 0.06732154418188, 0.010490071879948696, 0.0],
        "solution": [72, 134, 136, 141, 316, 322, 378, 389, 505, 522, 574, 575, 633, 648, 686, 764, 780, 806, 834, 856, 919, 923, 1114, 1140, 1161, 1164, 1183, 1203, 1205, 1266, 1270, 1275, 1299, 1341, 1367, 1374, 1408, 1410, 1431, 1443, 1445, 1462, 1465, 1466, 1510, 1539, 1565, 1587, 1638, 1651, 1652, 1665, 1684, 1708, 1741, 1780, 1794, 1812, 1841, 1889, 1893, 2026, 2043, 2053, 2105, 2110, 2112, 2118, 2140, 2205, 2206, 2231, 2239, 2264, 2287, 2316, 2370, 2392, 2426, 2438, 2441, 2450, 2459, 2476, 2499, 2540, 2562, 2574, 2604, 2643, 2659, 2780, 2825, 2837, 2853, 2875, 2986, 3033, 3078, 3089, 3197, 3202, 3222, 3265, 3284, 3308, 3359, 3377, 3404, 3440, 3446, 3459, 3630, 3657, 3726, 3778, 3786, 3915, 4005, 4011, 4024, 4161, 4201, 4260, 4343]
    },
    "5": {
        "n_features": 154,
        "phenotypes": 33,
        "n_features_in": 4443,
        "JS": 0.11065060353239442,
        "entropy": 0.0610856350830719,
        "pearson": 0.9942171381636805,
        "deconvolution": [0.005404297617731174, 0.01934872062861971, 0.012181103801087757, 0.002549435793659494, 0.00015131484706807394, 0.006208130395333025, 0.0014052228441689923, 0.00041121663410655107, 0.006272714664256842, 0.0007953731827866472, 0.0008271854192034402, 0.002333290905470369, 0.008255176326794919, 0.39934058413340684, 0.24656388321310727, 0.0018657230910995616, 0.05553275562459815, 0.002206281127586745, 0.028269426546565564, 0.00018592684765319999, 0.043829372661937746, 0.043020536882943376, 0.001646648911006601, 0.003217052949109002, 0.00047224734491103703, 0.004695535744298039, 0.001060193883421257, 0.0017409764546365768, 0.0, 0.021280900126385907, 0.06761943011291062, 0.011284628594872774, 2.4712689262622607e-05],
        "solution": [62, 72, 115, 134, 136, 141, 190, 234, 316, 322, 378, 389, 470, 472, 498, 505, 522, 528, 574, 575, 633, 648, 686, 715, 764, 780, 806, 834, 856, 919, 923, 966, 1114, 1140, 1161, 1164, 1178, 1183, 1203, 1205, 1266, 1270, 1275, 1296, 1299, 1341, 1367, 1374, 1408, 1410, 1431, 1443, 1445, 1462, 1465, 1466, 1510, 1539, 1565, 1587, 1638, 1651, 1652, 1665, 1684, 1708, 1741, 1780, 1794, 1812, 1841, 1889, 1893, 1920, 1925, 1991, 2026, 2043, 2050, 2053, 2094, 2105, 2110, 2112, 2118, 2140, 2198, 2205, 2206, 2231, 2239, 2264, 2287, 2294, 2316, 2370, 2373, 2392, 2426, 2438, 2441, 2450, 2459, 2476, 2499, 2540, 2562, 2574, 2586, 2604, 2618, 2643, 2659, 2677, 2700, 2726, 2780, 2825, 2837, 2853, 2875, 2986, 3016, 3033, 3075, 3078, 3089, 3192, 3197, 3202, 3222, 3265, 3284, 3308, 3359, 3377, 3404, 3440, 3446, 3459, 3490, 3630, 3657, 3726, 3778, 3786, 3915, 4005, 4011, 4024, 4161, 4201, 4260, 4343]
    },
    "6": {
        "n_features": 181,
        "phenotypes": 33,
        "n_features_in": 4443,
        "JS": 0.09888518326057891,
        "entropy": 0.05131202036467963,
        "pearson": 0.9951258031277889,