{
    "1": {
        "n_train": 48098,
        "n_features_in": 4443,
        "n_features": 32,
        "n_classes": 33,
        "scale": false,
        "normalize": false,
        "train_accuracy": 0.7760197929227827,
        "train_f1_micro": 0.7760197929227826,
        "train_f1_macro": 0.6433835854896075,
        "train_f1_weighted": 0.7631550675074151,
        "train_ROC": 0.9750172936531422,
        "n_test": 48098,
        "test_accuracy": 0.7693043369786685,
        "test_f1_micro": 0.7693043369786685,
        "test_f1_macro": 0.5895819036723673,
        "test_f1_weighted": 0.7559944344947247,
        "test_ROC": 0.9717290836044863,
        "solution": [136, 316, 856, 1161, 1164, 1205, 1367, 1539, 1565, 1638, 1651, 1812, 1841, 2105, 2112, 2206, 2239, 2287, 2450, 2562, 2574, 2780, 2853, 2986, 3089, 3222, 3265, 3359, 3446, 3630, 4161, 4260]
    },
    "2": {
        "n_train": 48098,
        "n_features_in": 4443,
        "n_features": 64,
        "n_classes": 33,
        "scale": false,
        "normalize": false,
        "train_accuracy": 0.8279346334566926,
        "train_f1_micro": 0.8279346334566925,
        "train_f1_macro": 0.7674321437236913,
        "train_f1_weighted": 0.8206011078858015,
        "train_ROC": 0.9870875943368372,
        "n_test": 48098,
        "test_accuracy": 0.8206370327248534,
        "test_f1_micro": 0.8206370327248534,
        "test_f1_macro": 0.6929521303720318,
        "test_f1_weighted": 0.8128206377372554,
        "test_ROC": 0.9840217113979747,
        "solution": [134, 136, 316, 378, 505, 522, 574, 575, 686, 856, 1161, 1164, 1183, 1203, 1205, 1299, 1341, 1367, 1431, 1462, 1539, 1565, 1638, 1651, 1652, 1684, 1812, 1841, 2026, 2053, 2105, 2112, 2140, 2206, 2231, 2239, 2264, 2287, 2370, 2450, 2459, 2562, 2574, 2643, 2659, 2780, 2853, 2875, 2986, 3078, 3089, 3222, 3265, 3359, 3446, 3459, 3630, 3657, 3778, 4011, 4024, 4161, 4260, 4343]
    },
    "3": {
        "n_train": 48098,
        "n_features_in": 4443,
        "n_features": 95,
        "n_classes": 33,
        "scale": false,
        "normalize": false,
        "train_accuracy": 0.8631336022287829,
        "train_f1_micro": 0.8631336022287829,
        "train_f1_macro": 0.851941179423875,
        "train_f1_weighted": 0.8587098135529999,
        "train_ROC": 0.9927720270595844,
        "n_test": 48098,
        "test_accuracy": 0.8524678780822488,
        "test_f1_micro": 0.8524678780822488,
        "test_f1_macro": 0.7500141634548773,
        "test_f1_weighted": 0.8474281077789023,
        "test_ROC": 0.9899450085524055,
        "solution": [72, 134, 136, 316, 322, 378, 389, 505, 522, 574, 575, 633, 686, 780, 834, 856, 923, 1114, 1161, 1164, 1183, 1203, 1205, 1266, 1275, 1299, 1341, 1367, 1374, 1410, 1431, 1443, 1462, 1539, 1565, 1638, 1651, 1652, 1665, 1684, 1741, 1780, 1812, 1841, 1889, 2026, 2053, 2105, 2110, 2112, 2118, 2140, 2206, 2231, 2239, 2264, 2287, 2316, 2370, 2392, 2426, 2438, 2441, 2450, 2459, 2562, 2574, 2643, 2659, 2780, 2825, 2853, 2875, 2986, 3033, 3078, 3089, 3202, 3222, 3265, 3284, 3308, 3359, 3446, 3459, 3630, 3657, 3778, 3786, 4011, 4024, 4161, 4201, 4260, 4343]
    },
    "4": {
        "n_train": 48098,
        "n_features_in": 4443,
        "n_features": 125,
        "n_classes": 33,
        "scale": false,
        "normalize": false,
        "train_accuracy": 0.8815751174685018,
        "train_f1_micro": 0.8815751174685018,
        "train_f1_macro": 0.8992491076471749,
        "train_f1_weighted": 0.8782329886325232,
        "train_ROC": 0.9947315921702448,
        "n_test": 48098,
        "test_accuracy": 0.8631336022287829,
        "test_f1_micro": 0.8631336022287829,
        "test_f1_macro": 0.7693763398272144,
        "test_f1_weighted": 0.8591829048108056,
        "test_ROC": 0.99132985025781,
        "solution": [72, 134, 136, 141, 316, 322, 378, 389, 505, 522, 574, 575, 633, 648, 686, 764, 780, 806, 834, 856, 919, 923, 1114, 1140, 1161, 1164, 1183, 1203, 1205, 1266, 1270, 1275, 1299, 1341, 1367, 1374, 1408, 1410, 1431, 1443, 1445, 1462, 1465, 1466, 1510, 1539, 1565, 1587, 1638, 1651, 1652, 1665, 1684, 1708, 1741, 1780, 1794, 1812, 1841, 1889, 1893, 2026, 2043, 2053, 2105, 2110, 2112, 2118, 2140, 2205, 2206, 2231, 2239, 2264, 2287, 2316, 2370, 2392, 2426, 2438, 2441, 2450, 2459, 2476, 2499, 2540, 2562, 2574, 2604, 2643, 2659, 2780, 2825, 2837, 2853, 2875, 2986, 3033, 3078, 3089, 3197, 3202, 3222, 3265, 3284, 3308, 3359, 3377, 3404, 3440, 3446, 3459, 3630, 3657, 3726, 3778, 3786, 3915, 4005, 4011, 4024, 4161, 4201, 4260, 4343]
    },
    "5": {
        "n_train": 48098,
        "n_features_in": 4443,
        "n_features": 154,
        "n_classes": 33,
        "scale": false,
        "normalize": false,
        "train_accuracy": 0.8917418603684145,
        "train_f1_micro": 0.8917418603684144,
        "train_f1_macro": 0.9221712086756167,
        "train_f1_weighted": 0.8891633981012774,
        "train_ROC": 0.9958015342382421,
        "n_test": 48098,
        "test_accuracy": 0.8709509750925194,
        "test_f1_micro": 0.8709509750925195,
        "test_f1_macro": 0.7956264441167672,
        "test_f1_weighted": 0.8676391787071691,
        "test_ROC": 0.9923973688310549,
        "solution": [62, 72, 115, 134, 136, 141, 190, 234, 316, 322, 378, 389, 470, 472, 498, 505, 522, 528, 574, 575, 633, 648, 686, 715, 764, 780, 806, 834, 856, 919, 923, 966, 1114, 1140, 1161, 1164, 1178, 1183, 1203, 1205, 1266, 1270, 1275, 1296, 1299, 1341, 1367, 1374, 1408, 1410, 1431, 1443, 1445, 1462, 1465, 1466, 1510, 1539, 1565, 1587, 1638, 1651, 1652, 1665, 1684, 1708, 1741, 1780, 1794, 1812, 1841, 1889, 1893, 1920, 1925, 1991, 2026, 2043, 2050, 2053, 2094, 2105, 2110, 2112, 2118, 2140, 2198, 2205, 2206, 2231, 2239, 2264, 2287, 2294, 2316, 2370, 2373, 2392, 2426, 2438, 2441, 2450, 2459, 2476, 2499, 2540, 2562, 2574, 2586, 2604, 2618, 2643, 2659, 2677, 2700, 2726, 2780, 2825, 2837, 2853, 2875, 2986, 3016, 3033, 3075, 3078, 3089, 3192, 3197, 3202, 3222, 3265, 3284, 3308, 3359, 3377, 3404, 3440, 3446, 3459, 3490, 3630, 3657, 3726, 3778, 3786, 3915, 4005, 4011, 4024, 4161, 4201, 4260, 4343]
    },
    "6": {
        "n_train": 48098,
        "n_features_in": 4443,
        "n_features": 181,
        "n_classes": 33,
        "scale": false,
        "normalize": false,
        "train_accuracy": 0.8999334691671171,
        "train_f1_micro": 0.8999334691671171,
        "train_f1_macro": 0.9355051828926232,
        "train_f1_weighted": 0.8979083299474439,
        "train_ROC": 0.9966392436935602,
        "n_test": 48098,
        "test_accuracy": 0.8765645141170111,
        "test_f1_micro": 0.8765645141170111,
        "test_f1_macro": 0.7981501668313703,
        "test_f1_weighted": 0.8736990118236274,
        "test_ROC": 0.9931299011503971,
        "solution": [50, 62, 67, 72, 115, 130, 134, 136, 141, 190, 234, 297, 316, 322, 378, 389, 470, 472, 498, 505, 522, 528, 574, 575, 633, 648, 663, 686, 715, 748, 764, 773, 780, 806, 834, 856, 919, 923, 966, 987, 1091, 1093, 1114, 1140, 1161, 1164, 1178, 1183, 1185, 1202, 1203, 1205, 1266, 1270, 1275, 1276, 1296, 1299, 1341, 1342, 1367, 1374, 1408, 1410, 1431, 1443, 1445, 1462, 1465, 1466, 1510, 1539, 1565, 1587, 1638, 1651, 1652, 1665, 1684, 1708, 1741, 1780, 1794, 1797, 1812, 1841, 1889, 1893, 1908, 1920, 1925, 1991, 2026, 2043, 2050, 2053, 2094, 2105, 2110, 2112, 2118, 2140, 2190, 2195, 2198, 2205, 2206, 2210, 2214, 2216, 2231, 2239, 2264, 2287, 2294, 2316, 2335, 2370, 2373, 2392, 2426, 2438, 2441, 2450, 2459, 2476, 2499, 2540, 2562, 2574, 2586, 2604, 2610, 2618, 2643, 2659, 2677, 2700, 2726, 2780, 2825, 2837, 2853, 2875, 2902, 2986, 3016, 3033, 3075, 3078, 3089, 3192, 3197, 3202, 3222, 3265, 3284, 3308, 3359, 3377, 3404, 3437, 3440, 3446, 3459, 3490, 3630, 3657, 3726, 3778, 3786, 3915, 3925, 4005, 4011, 4024, 4161, 4201, 4260, 4343, 4436]
    }
}