{
    "1": {
        "n_train": 37884,
        "n_features_in": 2968,
        "n_features": 30,
        "n_classes": 75,
        "scale": false,
        "normalize": false,
        "train_accuracy": 0.6298437335022701,
        "train_f1_micro": 0.6298437335022701,
        "train_f1_macro": 0.4369851212211238,
        "train_f1_weighted": 0.614122029014984,
        "train_ROC": 0.9832975431052281,
        "n_test": 37885,
        "test_accuracy": 0.6189520918569354,
        "test_f1_micro": 0.6189520918569354,
        "test_f1_macro": 0.4052113832898159,
        "test_f1_weighted": 0.6019134051388398,
        "test_ROC": 0.9804803406093046,
        "solution": [49, 170, 234, 412, 682, 780, 872, 979, 981, 1063, 1148, 1264, 1301, 1377, 1449, 1553, 1555, 1597, 1689, 1761, 1765, 1821, 1846, 1939, 2239, 2350, 2423, 2792, 2897, 2961]
    },
    "2": {
        "n_train": 37884,
        "n_features_in": 2968,
        "n_features": 54,
        "n_classes": 75,
        "scale": false,
        "normalize": false,
        "train_accuracy": 0.7243427304402914,
        "train_f1_micro": 0.7243427304402913,
        "train_f1_macro": 0.5877920768539209,
        "train_f1_weighted": 0.7169581771890736,
        "train_ROC": 0.9913387841856565,
        "n_test": 37885,
        "test_accuracy": 0.7027055562887686,
        "test_f1_micro": 0.7027055562887686,
        "test_f1_macro": 0.5344556499292447,
        "test_f1_weighted": 0.6944245098945575,
        "test_ROC": 0.9882687819868221,
        "solution": [37, 49, 56, 167, 170, 234, 412, 682, 775, 780, 849, 872, 960, 973, 979, 980, 981, 992, 1063, 1148, 1264, 1301, 1377, 1449, 1553, 1555, 1597, 1624, 1636, 1689, 1690, 1761, 1765, 1821, 1842, 1846, 1863, 1906, 1939, 1952, 2021, 2031, 2124, 2239, 2288, 2350, 2408, 2423, 2544, 2583, 2737, 2792, 2897, 2961]
    },
    "3": {
        "n_train": 37884,
        "n_features_in": 2968,
        "n_features": 77,
        "n_classes": 75,
        "scale": false,
        "normalize": false,
        "train_accuracy": 0.7674216027874564,
        "train_f1_micro": 0.7674216027874564,
        "train_f1_macro": 0.6567266418246076,
        "train_f1_weighted": 0.7628709962240022,
        "train_ROC": 0.9939422327714029,
        "n_test": 37885,
        "test_accuracy": 0.7320839382341296,
        "test_f1_micro": 0.7320839382341296,
        "test_f1_macro": 0.5751017147122804,
        "test_f1_weighted": 0.7263964945588774,
        "test_ROC": 0.9902404694115485,
        "solution": [37, 49, 56, 83, 167, 170, 171, 234, 334, 412, 682, 775, 776, 780, 849, 872, 960, 973, 979, 980, 981, 983, 992, 993, 1063, 1148, 1159, 1197, 1264, 1301, 1377, 1391, 1449, 1468, 1553, 1555, 1597, 1624, 1636, 1689, 1690, 1761, 1765, 1821, 1842, 1846, 1860, 1863, 1865, 1906, 1907, 1939, 1952, 2019, 2021, 2031, 2124, 2239, 2288, 2302, 2331, 2350, 2408, 2423, 2427, 2507, 2544, 2572, 2583, 2643, 2737, 2792, 2893, 2897, 2929, 2960, 2961]
    },
    "4": {
        "n_train": 37884,
        "n_features_in": 2968,
        "n_features": 102,
        "n_classes": 75,
        "scale": false,
        "normalize": false,
        "train_accuracy": 0.8088639003273149,
        "train_f1_micro": 0.8088639003273149,
        "train_f1_macro": 0.7301457565556746,
        "train_f1_weighted": 0.8061900220223881,
        "train_ROC": 0.9958573450640131,
        "n_test": 37885,
        "test_accuracy": 0.7592186881351458,
        "test_f1_micro": 0.7592186881351458,
        "test_f1_macro": 0.6067389255750814,
        "test_f1_weighted": 0.7551352867549755,
        "test_ROC": 0.991660174577083,
        "solution": [37, 49, 56, 83, 84, 167, 170, 171, 182, 223, 234, 260, 303, 334, 380, 412, 592, 682, 775, 776, 780, 849, 872, 960, 973, 974, 979, 980, 981, 982, 983, 992, 993, 1062, 1063, 1079, 1148, 1159, 1172, 1197, 1264, 1301, 1336, 1358, 1377, 1391, 1449, 1468, 1553, 1555, 1597, 1624, 1636, 1689, 1690, 1761, 1765, 1821, 1842, 1846, 1860, 1863, 1865, 1906, 1907, 1939, 1952, 2019, 2021, 2031, 2056, 2124, 2125, 2138, 2207, 2239, 2288, 2302, 2331, 2350, 2408, 2410, 2423, 2425, 2427, 2497, 2507, 2544, 2563, 2572, 2583, 2594, 2599, 2643, 2737, 2792, 2893, 2897, 2929, 2943, 2960, 2961]
    },
    "5": {
        "n_train": 37884,
        "n_features_in": 2968,
        "n_features": 121,
        "n_classes": 75,
        "scale": false,
        "normalize": false,
        "train_accuracy": 0.8283444198078345,
        "train_f1_micro": 0.8283444198078344,
        "train_f1_macro": 0.7643006650660662,
        "train_f1_weighted": 0.8262978449725594,
        "train_ROC": 0.9966201801175898,
        "n_test": 37885,
        "test_accuracy": 0.7672693678236769,
        "test_f1_micro": 0.7672693678236769,
        "test_f1_macro": 0.6154323613792013,
        "test_f1_weighted": 0.7637824164034472,
        "test_ROC": 0.9919597230575594,
        "solution": [37, 49, 56, 83, 84, 109, 137, 167, 168, 170, 171, 179, 182, 223, 233, 234, 260, 267, 294, 303, 334, 380, 412, 419, 447, 592, 682, 775, 776, 780, 849, 872, 960, 966, 973, 974, 979, 980, 981, 982, 983, 992, 993, 1062, 1063, 1079, 1148, 1159, 1172, 1197, 1264, 1301, 1336, 1358, 1377, 1391, 1449, 1468, 1497, 1553, 1555, 1564, 1597, 1624, 1636, 1689, 1690, 1761, 1765, 1821, 1832, 1842, 1846, 1860, 1863, 1865, 1906, 1907, 1909, 1939, 1952, 1965, 2017, 2019, 2021, 2031, 2056, 2124, 2125, 2138, 2207, 2239, 2288, 2302, 2331, 2350, 2408, 2410, 2423, 2425, 2427, 2497, 2507, 2544, 2555, 2563, 2572, 2583, 2594, 2599, 2643, 2737, 2738, 2792, 2880, 2893, 2897, 2929, 2943, 2960, 2961]
    },
    "6": {
        "n_train": 37884,
        "n_features_in": 2968,
        "n_features": 145,
        "n_classes": 75,
        "scale": false,
        "normalize": false,
        "train_accuracy": 0.8614454651040017,
        "train_f1_micro": 0.8614454651040017,
        "train_f1_macro": 0.8248239309598234,
        "train_f1_weighted": 0.8603023442730722,
        "train_ROC": 0.997942537695959,
        "n_test": 37885,
        "test_accuracy": 0.7909990761515111,
        "test_f1_micro": 0.7909990761515111,
        "test_f1_macro": 0.64928376849124,
        "test_f1_weighted": 0.7886691806860864,
        "test_ROC": 0.9932942009269053,
        "solution": [37, 49, 56, 83, 84, 109, 132, 137, 163, 166, 167, 168, 170, 171, 179, 182, 223, 233, 234, 260, 267, 294, 303, 334, 344, 371, 380, 412, 418, 419, 447, 514, 592, 682, 775, 776, 780, 817, 849, 872, 913, 960, 966, 973, 974, 979, 980, 981, 982, 983, 992, 993, 1058, 1062, 1063, 1079, 1080, 1148, 1159, 1172, 1197, 1253, 1264, 1301, 1336, 1358, 1377, 1391, 1449, 1468, 1497, 1553, 1555, 1564, 1584, 1597, 1624, 1636, 1689, 1690, 1741, 1761, 1765, 1791, 1821, 1832, 1842, 1846, 1860, 1863, 1865, 1906, 1907, 1909, 1920, 1939, 1952, 1965, 2017, 2019, 2021, 2031, 2056, 2124, 2125, 2138, 2178, 2207, 2239, 2288, 2301, 2302, 2331, 2350, 2368, 2408, 2410, 2423, 2425, 2427, 2471, 2497, 2507, 2544, 2555, 2563, 2572, 2583, 2594, 2599, 2643, 2704, 2737, 2738, 2761, 2768, 2792, 2804, 2880, 2893, 2897, 2929, 2943, 2960, 2961]
    },
    "7": {
        "n_train": 37884,
        "n_features_in": 2968,
        "n_features": 180,
        "n_classes": 75,
        "scale": false,
        "normalize": false,
        "train_accuracy": 0.8890296695174744,
        "train_f1_micro": 0.8890296695174744,
        "train_f1_macro": 0.8706074609680362,
        "train_f1_weighted": 0.8883207892838868,
        "train_ROC": 0.9986443746471356,
        "n_test": 37885,
        "test_accuracy": 0.8024020060710043,
        "test_f1_micro": 0.8024020060710044,
        "test_f1_macro": 0.659873368214943,
        "test_f1_weighted": 0.8008128074947226,
        "test_ROC": 0.993697593825088,