{
    "1": {
        "n_features": 33,
        "phenotypes": 33,
        "n_features_in": 4443,
        "JS": 0.2770388151611131,
        "entropy": 0.412027646758657,
        "pearson": 0.9130159064657937,
        "deconvolution": [0.006808281544850931, 0.019563860175156794, 0.02158450246470855, 0.014131661455369026, 0.010845482060197456, 0.017732753446396674, 0.0, 0.0030860321825218924, 0.006948731275963895, 0.008451458016900955, 0.026147764096570835, 0.0, 0.01665810915543944, 0.22719582251010437, 0.20195209960707095, 0.0015203054237430808, 0.07206879141215528, 0.007747710298080043, 0.03153323794064685, 0.0013523709194791507, 0.04402291090841307, 0.01446135831187863, 0.0032235677638634106, 0.0057364486181654675, 0.0034547144670033433, 0.0029251566486620663, 0.0015756999891502574, 0.00780177190833561, 0.02410824372571521, 0.09841614942431101, 0.06305163508655748, 0.027480956584094506, 0.008412412578493867],
        "solution": [316, 505, 856, 1161, 1164, 1183, 1367, 1374, 1539, 1565, 1638, 1651, 1684, 1785, 1812, 2105, 2112, 2206, 2562, 2574, 2853, 3089, 3222, 3265, 3284, 3359, 3446, 3630, 3915, 4024, 4161, 4260, 4343]
    },
    "2": {
        "n_features": 64,
        "phenotypes": 33,
        "n_features_in": 4443,
        "JS": 0.15695014134349897,
        "entropy": 0.1403590956610009,
        "pearson": 0.9797277785392395,
        "deconvolution": [0.0037405672477020427, 0.010802148064845174, 0.013002227933352675, 0.0022136312527320542, 0.001422073154368487, 0.006387568923784326, 0.0018769362013722102, 0.0007585205176881821, 0.005565000931019961, 0.0, 0.0011017062695377483, 0.001028322756335876, 0.008317517665200872, 0.37039145977655974, 0.24376071924982515, 0.0012194812654783488, 0.09059873804647349, 0.002795494219437861, 0.02737760663339782, 0.00018554647236972084, 0.04074438409442199, 0.03669351138221638, 0.0027091273017430333, 0.0034183005268531154, 0.0015742797622599215, 0.0034657858053362815, 0.00033786186981808107, 0.0019963351488624793, 0.00418514154926598, 0.02547050808967749, 0.06568885078232387, 0.020078682840821257, 0.0010919642649184261],
        "solution": [134, 136, 316, 378, 505, 574, 575, 648, 686, 856, 1161, 1164, 1183, 1203, 1205, 1266, 1299, 1341, 1367, 1374, 1431, 1462, 1539, 1565, 1638, 1651, 1652, 1684, 1785, 1812, 2026, 2053, 2105, 2112, 2140, 2206, 2231, 2239, 2287, 2370, 2450, 2459, 2562, 2574, 2643, 2780, 2853, 2875, 2986, 3089, 3222, 3265, 3284, 3359, 3446, 3630, 3657, 3778, 3915, 4011, 4024, 4161, 4260, 4343]
    },
    "3": {
        "n_features": 95,
        "phenotypes": 33,
        "n_features_in": 4443,
        "JS": 0.10959794747858903,
        "entropy": 0.06408363413572556,
        "pearson": 0.9933120808574616,
        "deconvolution": [0.0034904031949015827, 0.01849970774297379, 0.013320212463492626, 0.002020358232934128, 0.000431634649326098, 0.007062495135028099, 0.002029506731229475, 6.476828278819718e-05, 0.007372179846074874, 0.0003459128739069296, 0.0025987494337444852, 0.000575019706514034, 0.009174304502601335, 0.400836219516273, 0.24629117473355247, 0.001296723560462649, 0.059841418501808845, 0.0015859691360268883, 0.02482405093891045, 0.0005157743621618581, 0.04203160444698379, 0.04118512736893998, 0.003371419889974339, 0.002349641344319143, 0.0015320084892911728, 0.0036336835862862808, 0.0011902870505343798, 0.0018301869973817856, 0.0011917674163247705, 0.020100711777686874, 0.06838464596386722, 0.010320873992866398, 0.0007014581308319115],
        "solution": [72, 134, 136, 316, 378, 389, 505, 522, 574, 575, 633, 648, 686, 780, 834, 856, 923, 1161, 1164, 1183, 1203, 1205, 1266, 1270, 1275, 1299, 1341, 1367, 1374, 1410, 1431, 1443, 1462, 1510, 1539, 1565, 1638, 1651, 1652, 1665, 1684, 1780, 1785, 1812, 2026, 2053, 2105, 2110, 2112, 2118, 2140, 2206, 2231, 2239, 2264, 2287, 2370, 2392, 2426, 2438, 2450, 2459, 2476, 2562, 2574, 2604, 2643, 2659, 2780, 2825, 2853, 2875, 2986, 3033, 3078, 3089, 3197, 3222, 3265, 3284, 3308, 3359, 3446, 3630, 3657, 3778, 3786, 3915, 4011, 4024, 4161, 4201, 4260, 4343, 4346]
    },
    "4": {
        "n_features": 123,
        "phenotypes": 33,
        "n_features_in": 4443,
        "JS": 0.08554132912733844,
        "entropy": 0.036077100066607776,
        "pearson": 0.996749898844342,
        "deconvolution": [0.0037226197262985126, 0.02155362668743946, 0.013235596555441997, 0.002043622923756007, 0.00040688359388769323, 0.008281892303373728, 0.0024339827892087677, 0.0003867099610162025, 0.007187469879732158, 0.0005713168056472995, 0.0022632013157436346, 0.0009609272229976397, 0.00957774815824373, 0.4032013323445641, 0.248172602843387, 0.0012050398667765444, 0.04344765881260276, 0.001988495276389526, 0.02645654832965827, 0.00030897258631173166, 0.04323425886533106, 0.041306653923109435, 0.0034091495533961898, 0.002614752869557958, 0.001757947048913197, 0.0037817107785465534, 0.001171742906897489, 0.0018780376486096835, 0.0004988765472736898, 0.020276532246142502, 0.06887786586910868, 0.013700678614925443, 8.554514571132199e-05],
        "solution": [72, 134, 136, 141, 316, 322, 378, 389, 470, 498, 505, 522, 574, 575, 633, 648, 686, 780, 806, 834, 856, 923, 1125, 1140, 1161, 1164, 1183, 1203, 1205, 1266, 1270, 1275, 1299, 1341, 1367, 1374, 1408, 1410, 1431, 1443, 1462, 1510, 1539, 1565, 1638, 1651, 1652, 1665, 1684, 1708, 1741, 1780, 1785, 1794, 1812, 1889, 1893, 2026, 2053, 2105, 2110, 2112, 2118, 2140, 2198, 2205, 2206, 2215, 2231, 2238, 2239, 2264, 2287, 2294, 2316, 2370, 2392, 2426, 2438, 2450, 2459, 2476, 2499, 2562, 2574, 2604, 2618, 2643, 2659, 2780, 2825, 2853, 2875, 2986, 3033, 3078, 3089, 3197, 3202, 3222, 3265, 3284, 3308, 3359, 3377, 3404, 3446, 3459, 3630, 3657, 3726, 3778, 3786, 3915, 4005, 4011, 4024, 4161, 4201, 4260, 4343, 4346, 4436]
    },
    "5": {
        "n_features": 151,
        "phenotypes": 33,
        "n_features_in": 4443,
        "JS": 0.0777360251298201,
        "entropy": 0.029323010189279373,
        "pearson": 0.9975496554471035,
        "deconvolution": [0.0038907301847019697, 0.02201328849464803, 0.012862528481573826, 0.002055584029819995, 0.0005247583077072109, 0.008708778281467055, 0.002460804592631273, 0.00022679002239688043, 0.007476837708717517, 0.000621326061687642, 0.0017901235271625137, 0.001162403803921011, 0.009643370788554049, 0.4082112601658535, 0.2482962001373746, 0.0013099859490498353, 0.03991603002870248, 0.0020702053167108363, 0.026834558255414295, 0.00019378330559190844, 0.04352803807953017, 0.04137110433854652, 0.003407160063146836, 0.002677420685422075, 0.0018872707933849902, 0.0037542879996468976, 0.0003114808002885308, 0.002254472546344952, 0.0016067787177022057, 0.01728355425852783, 0.0684421265659186, 0.013177318475181516, 2.96392326724916e-05],
        "solution": [62, 72, 115, 134, 136, 141, 190, 316, 322, 378, 389, 470, 472, 498, 505, 522, 528, 574, 575, 633, 648, 686, 715, 748, 756, 780, 806, 834, 856, 919, 923, 1125, 1140, 1161, 1164, 1183, 1203, 1205, 1266, 1270, 1275, 1278, 1299, 1301, 1341, 1367, 1374, 1408, 1410, 1431, 1443, 1445, 1462, 1466, 1510, 1539, 1565, 1638, 1651, 1652, 1665, 1684, 1708, 1741, 1780, 1785, 1794, 1812, 1889, 1893, 1920, 2026, 2043, 2053, 2088, 2105, 2110, 2112, 2118, 2140, 2169, 2198, 2205, 2206, 2214, 2215, 2231, 2238, 2239, 2264, 2287, 2294, 2316, 2370, 2392, 2426, 2438, 2442, 2450, 2459, 2476, 2499, 2540, 2562, 2574, 2586, 2604, 2618, 2643, 2659, 2677, 2700, 2726, 2780, 2825, 2837, 2853, 2875, 2986, 3033, 3075, 3078, 3089, 3192, 3197, 3202, 3222, 3265, 3284, 3308, 3359, 3377, 3404, 3440, 3446, 3459, 3630, 3657, 3726, 3778, 3786, 3915, 4005, 4011, 4024, 4161, 4201, 4260, 4343, 4346, 4436]
    },
    "6": {
        "n_features": 180,
        "phenotypes": 33,
        "n_features_in": 4443,
        "JS": 0.03373099132927847,
        "entropy": 0.0044519720106159085,
        "pearson": 0.9997126508063535,