{
    "1": {
        "n_train": 48098,
        "n_features_in": 4443,
        "n_features": 33,
        "n_classes": 33,
        "scale": false,
        "normalize": false,
        "train_accuracy": 0.7823610129319306,
        "train_f1_micro": 0.7823610129319306,
        "train_f1_macro": 0.6466747336225299,
        "train_f1_weighted": 0.7696978656231268,
        "train_ROC": 0.9752340672869553,
        "n_test": 48098,
        "test_accuracy": 0.7744396856418146,
        "test_f1_micro": 0.7744396856418146,
        "test_f1_macro": 0.591152406578012,
        "test_f1_weighted": 0.7608837954862597,
        "test_ROC": 0.9694620942047678,
        "solution": [316, 505, 856, 1161, 1164, 1183, 1367, 1374, 1539, 1565, 1638, 1651, 1684, 1785, 1812, 2105, 2112, 2206, 2562, 2574, 2853, 3089, 3222, 3265, 3284, 3359, 3446, 3630, 3915, 4024, 4161, 4260, 4343]
    },
    "2": {
        "n_train": 48098,
        "n_features_in": 4443,
        "n_features": 64,
        "n_classes": 33,
        "scale": false,
        "normalize": false,
        "train_accuracy": 0.8336729177928396,
        "train_f1_micro": 0.8336729177928396,
        "train_f1_macro": 0.761444608673748,
        "train_f1_weighted": 0.8263137185718659,
        "train_ROC": 0.9880325566760938,
        "n_test": 48098,
        "test_accuracy": 0.8217597405297518,
        "test_f1_micro": 0.8217597405297518,
        "test_f1_macro": 0.7105891444497341,
        "test_f1_weighted": 0.8134392177297953,
        "test_ROC": 0.9847518964593535,
        "solution": [134, 136, 316, 378, 505, 574, 575, 648, 686, 856, 1161, 1164, 1183, 1203, 1205, 1266, 1299, 1341, 1367, 1374, 1431, 1462, 1539, 1565, 1638, 1651, 1652, 1684, 1785, 1812, 2026, 2053, 2105, 2112, 2140, 2206, 2231, 2239, 2287, 2370, 2450, 2459, 2562, 2574, 2643, 2780, 2853, 2875, 2986, 3089, 3222, 3265, 3284, 3359, 3446, 3630, 3657, 3778, 3915, 4011, 4024, 4161, 4260, 4343]
    },
    "3": {
        "n_train": 48098,
        "n_features_in": 4443,
        "n_features": 95,
        "n_classes": 33,
        "scale": false,
        "normalize": false,
        "train_accuracy": 0.8658572081999252,
        "train_f1_micro": 0.8658572081999252,
        "train_f1_macro": 0.8469218526366178,
        "train_f1_weighted": 0.8614653360293565,
        "train_ROC": 0.9929069166434985,
        "n_test": 48098,
        "test_accuracy": 0.8498274356522101,
        "test_f1_micro": 0.8498274356522101,
        "test_f1_macro": 0.7486492155387043,
        "test_f1_weighted": 0.8444986498087639,
        "test_ROC": 0.9899019365486987,
        "solution": [72, 134, 136, 316, 378, 389, 505, 522, 574, 575, 633, 648, 686, 780, 834, 856, 923, 1161, 1164, 1183, 1203, 1205, 1266, 1270, 1275, 1299, 1341, 1367, 1374, 1410, 1431, 1443, 1462, 1510, 1539, 1565, 1638, 1651, 1652, 1665, 1684, 1780, 1785, 1812, 2026, 2053, 2105, 2110, 2112, 2118, 2140, 2206, 2231, 2239, 2264, 2287, 2370, 2392, 2426, 2438, 2450, 2459, 2476, 2562, 2574, 2604, 2643, 2659, 2780, 2825, 2853, 2875, 2986, 3033, 3078, 3089, 3197, 3222, 3265, 3284, 3308, 3359, 3446, 3630, 3657, 3778, 3786, 3915, 4011, 4024, 4161, 4201, 4260, 4343, 4346]
    },
    "4": {
        "n_train": 48098,
        "n_features_in": 4443,
        "n_features": 123,
        "n_classes": 33,
        "scale": false,
        "normalize": false,
        "train_accuracy": 0.8798494739906025,
        "train_f1_micro": 0.8798494739906024,
        "train_f1_macro": 0.8961942375673332,
        "train_f1_weighted": 0.8762934223136293,
        "train_ROC": 0.9943431696456367,
        "n_test": 48098,
        "test_accuracy": 0.8604099962576407,
        "test_f1_micro": 0.8604099962576407,
        "test_f1_macro": 0.7726803894069969,
        "test_f1_weighted": 0.8558748882766328,
        "test_ROC": 0.9910921056289891,
        "solution": [72, 134, 136, 141, 316, 322, 378, 389, 470, 498, 505, 522, 574, 575, 633, 648, 686, 780, 806, 834, 856, 923, 1125, 1140, 1161, 1164, 1183, 1203, 1205, 1266, 1270, 1275, 1299, 1341, 1367, 1374, 1408, 1410, 1431, 1443, 1462, 1510, 1539, 1565, 1638, 1651, 1652, 1665, 1684, 1708, 1741, 1780, 1785, 1794, 1812, 1889, 1893, 2026, 2053, 2105, 2110, 2112, 2118, 2140, 2198, 2205, 2206, 2215, 2231, 2238, 2239, 2264, 2287, 2294, 2316, 2370, 2392, 2426, 2438, 2450, 2459, 2476, 2499, 2562, 2574, 2604, 2618, 2643, 2659, 2780, 2825, 2853, 2875, 2986, 3033, 3078, 3089, 3197, 3202, 3222, 3265, 3284, 3308, 3359, 3377, 3404, 3446, 3459, 3630, 3657, 3726, 3778, 3786, 3915, 4005, 4011, 4024, 4161, 4201, 4260, 4343, 4346, 4436]
    },
    "5": {
        "n_train": 48098,
        "n_features_in": 4443,
        "n_features": 151,
        "n_classes": 33,
        "scale": false,
        "normalize": false,
        "train_accuracy": 0.8897875171524804,
        "train_f1_micro": 0.8897875171524805,
        "train_f1_macro": 0.9179446622327297,
        "train_f1_weighted": 0.8869271154109414,
        "train_ROC": 0.9955301100822612,
        "n_test": 48098,
        "test_accuracy": 0.8677907605305833,
        "test_f1_micro": 0.8677907605305833,
        "test_f1_macro": 0.7813935258424392,
        "test_f1_weighted": 0.8640327809657109,
        "test_ROC": 0.9914395880148864,
        "solution": [62, 72, 115, 134, 136, 141, 190, 316, 322, 378, 389, 470, 472, 498, 505, 522, 528, 574, 575, 633, 648, 686, 715, 748, 756, 780, 806, 834, 856, 919, 923, 1125, 1140, 1161, 1164, 1183, 1203, 1205, 1266, 1270, 1275, 1278, 1299, 1301, 1341, 1367, 1374, 1408, 1410, 1431, 1443, 1445, 1462, 1466, 1510, 1539, 1565, 1638, 1651, 1652, 1665, 1684, 1708, 1741, 1780, 1785, 1794, 1812, 1889, 1893, 1920, 2026, 2043, 2053, 2088, 2105, 2110, 2112, 2118, 2140, 2169, 2198, 2205, 2206, 2214, 2215, 2231, 2238, 2239, 2264, 2287, 2294, 2316, 2370, 2392, 2426, 2438, 2442, 2450, 2459, 2476, 2499, 2540, 2562, 2574, 2586, 2604, 2618, 2643, 2659, 2677, 2700, 2726, 2780, 2825, 2837, 2853, 2875, 2986, 3033, 3075, 3078, 3089, 3192, 3197, 3202, 3222, 3265, 3284, 3308, 3359, 3377, 3404, 3440, 3446, 3459, 3630, 3657, 3726, 3778, 3786, 3915, 4005, 4011, 4024, 4161, 4201, 4260, 4343, 4346, 4436]
    },
    "6": {
        "n_train": 48098,
        "n_features_in": 4443,
        "n_features": 180,
        "n_classes": 33,
        "scale": false,
        "normalize": false,
        "train_accuracy": 0.9003700777579109,
        "train_f1_micro": 0.9003700777579109,
        "train_f1_macro": 0.9360481737149156,
        "train_f1_weighted": 0.898533314922294,
        "train_ROC": 0.9968665243433837,
        "n_test": 48098,
        "test_accuracy": 0.8766476776581147,
        "test_f1_micro": 0.8766476776581147,
        "test_f1_macro": 0.7989641487513237,
        "test_f1_weighted": 0.8739718325397305,
        "test_ROC": 0.9930046567976704,
        "solution": [50, 62, 72, 115, 134, 136, 141, 190, 297, 316, 322, 378, 389, 470, 472, 498, 505, 522, 528, 574, 575, 596, 633, 648, 686, 715, 748, 756, 780, 806, 834, 856, 919, 920, 923, 1114, 1125, 1140, 1161, 1164, 1178, 1183, 1203, 1205, 1242, 1266, 1270, 1275, 1278, 1299, 1301, 1341, 1342, 1367, 1374, 1408, 1410, 1431, 1443, 1445, 1462, 1465, 1466, 1471, 1510, 1539, 1565, 1591, 1638, 1651, 1652, 1665, 1684, 1707, 1708, 1741, 1780, 1785, 1794, 1797, 1812, 1889, 1893, 1908, 1920, 1925, 1978, 2026, 2043, 2053, 2088, 2094, 2105, 2110, 2112, 2118, 2140, 2169, 2198, 2205, 2206, 2214, 2215, 2216, 2231, 2232, 2238, 2239, 2264, 2287, 2294, 2316, 2335, 2370, 2392, 2426, 2438, 2441, 2442, 2450, 2459, 2476, 2499, 2540, 2562, 2574, 2586, 2604, 2618, 2643, 2659, 2677, 2700, 2726, 2780, 2825, 2837, 2853, 2875, 2905, 2986, 3016, 3033, 3075, 3078, 3081, 3089, 3095, 3192, 3197, 3202, 3222, 3265, 3284, 3308, 3359, 3377, 3404, 3439, 3440, 3446, 3459, 3490, 3630, 3657, 3726, 3778, 3786, 3803, 3915, 4005, 4011, 4024, 4161, 4193, 4201, 4260, 4343, 4346, 4436]
    }
}