{
    "4": {
        "n_train": 1502,
        "n_features_in": 16484,
        "n_classes": 7,
        "filter_genes": true,
        "normalize": true,
        "log": true,
        "scale": true,
        "high_var": false,
        "ordered": true,
        "rho": 0.3333333333333333,
        "alpha": 0.0002426595486532395,
        "rs": 1000,
        "min_coverage": 4.014156400226057,
        "solution": [566, 3081, 2500, 1369, 3293, 3395, 560, 2986, 2825, 4186, 1584, 584, 2398, 1329, 10441, 6336, 7171],
        "n_features": 17
    },
    "9": {
        "n_train": 1502,
        "n_features_in": 16484,
        "n_classes": 7,
        "filter_genes": true,
        "normalize": true,
        "log": true,
        "scale": true,
        "high_var": false,
        "ordered": true,
        "rho": 0.25,
        "alpha": 0.0005459839844697889,
        "rs": 1000,
        "min_coverage": 9.16451216978021,
        "solution": [6547, 5086, 1331, 1176, 4355, 21, 3583, 321, 17, 2130, 3899, 2835, 409, 3043, 3579, 3866, 3300, 1111, 3432, 4122, 1586, 14171, 1146, 15708, 3259, 3072, 296, 3302, 2600, 1746, 2562, 12628, 9837],
        "n_features": 33
    },
    "14": {
        "n_train": 1502,
        "n_features_in": 16484,
        "n_classes": 7,
        "filter_genes": true,
        "normalize": true,
        "log": true,
        "scale": true,
        "high_var": false,
        "ordered": true,
        "rho": 0.2222222222222222,
        "alpha": 0.0008493084202863383,
        "rs": 1000,
        "min_coverage": 14.321570412139408,
        "solution": [14429, 10264, 9833, 1178, 20, 1176, 1660, 1868, 4269, 1346, 306, 106, 3395, 188, 1990, 1405, 17, 3284, 21, 4417, 575, 2884, 3001, 3237, 3704, 2525, 3146, 2719, 1586, 1968, 3114, 409, 2819, 3989, 4563, 3590, 1893, 4276, 278, 14171, 3091, 1580, 2583, 32, 584, 12206, 2625, 1269, 3472],
        "n_features": 49
    },
    "19": {
        "n_train": 1502,
        "n_features_in": 16484,
        "n_classes": 7,
        "filter_genes": true,
        "normalize": true,
        "log": true,
        "scale": true,
        "high_var": false,
        "ordered": true,
        "rho": 0.18181818181818182,
        "alpha": 0.0011526328561028876,
        "rs": 1000,
        "min_coverage": 19.00746490084566,
        "solution": [13318, 11979, 4190, 6552, 1701, 8816, 7081, 5676, 4494, 409, 2678, 1223, 1202, 102, 2956, 601, 2825, 3808, 2550, 1180, 4484, 1297, 116, 4159, 3646, 1025, 1163, 3572, 1411, 11276, 2551, 1581, 2522, 1029, 4257, 1280, 16462, 2889, 13855, 2204, 2357, 1275, 9813, 11518, 3384, 3585, 3226, 29, 1216, 1406, 3935, 1591, 89, 1676, 1880, 4252, 3024, 2497, 12101, 12199, 2212, 14, 2068, 2, 3422, 3159, 15708, 3118, 1706],
        "n_features": 69
    },
    "24": {
        "n_train": 1502,
        "n_features_in": 16484,
        "n_classes": 7,
        "filter_genes": true,
        "normalize": true,
        "log": true,
        "scale": true,
        "high_var": false,
        "ordered": true,
        "rho": 0.15384615384615385,
        "alpha": 0.001455957291919437,
        "rs": 1000,
        "min_coverage": 24.057336416095495,
        "solution": [5687, 736, 2065, 16087, 6214, 12729, 14901, 2588, 10521, 7627, 7817, 11001, 3662, 3608, 9204, 11005, 7331, 104, 4143, 1173, 3081, 3632, 3950, 3709, 3646, 659, 2668, 3278, 2719, 1223, 3428, 3284, 1353, 3690, 1302, 1216, 1181, 1586, 11518, 3020, 1823, 4506, 763, 4481, 2678, 1248, 3274, 3001, 4588, 2033, 603, 4368, 879, 2825, 3023, 3413, 1355, 1656, 3724, 2045, 4526, 3585, 4277, 3884, 2556, 1776, 1291, 2039, 2059, 3590, 320, 3442, 4385, 2075, 3292, 3116, 3382, 86, 1596, 4179, 3370, 1182, 1200, 2, 549, 2758, 1111, 2573, 342, 16459, 3971, 708],
        "n_features": 92
    },
    "29": {
        "n_train": 1502,
        "n_features_in": 16484,
        "n_classes": 7,
        "filter_genes": true,
        "normalize": true,
        "log": true,
        "scale": true,
        "high_var": false,
        "ordered": true,
        "rho": 0.14285714285714285,
        "alpha": 0.0017592817277359864,
        "rs": 1000,
        "min_coverage": 29.433125874958932,
        "solution": [1220, 5934, 13217, 16429, 2782, 12989, 1284, 15934, 6419, 1162, 13903, 4691, 13527, 7165, 6451, 11515, 16265, 397, 6279, 15331, 15604, 9725, 12093, 8421, 1355, 11874, 1223, 4173, 1368, 1405, 877, 1837, 14927, 3579, 1827, 86, 1814, 1224, 4371, 29, 2678, 3869, 12944, 4517, 3278, 4252, 1269, 3006, 1240, 2529, 2884, 1656, 89, 2986, 1200, 2639, 1029, 3370, 4419, 4390, 1308, 3818, 3891, 509, 21, 1132, 13134, 1016, 3290, 7675, 3339, 3296, 3382, 4566, 3072, 4130, 2935, 7498, 4169, 1597, 3557, 2983, 9161, 7171, 1393, 1968, 3438, 1585, 1183, 3043, 3653, 4394, 3117, 2653, 4597, 10189, 6022, 813, 3442, 2045, 321, 619, 668, 5858, 4444, 74, 12035, 1586, 1409, 1468, 2479, 2771, 2389, 3300, 1286, 4495, 4013, 950],
        "n_features": 118
    },
    "34": {
        "n_train": 1502,
        "n_features_in": 16484,
        "n_classes": 7,
        "filter_genes": true,
        "normalize": true,
        "log": true,
        "scale": true,
        "high_var": false,
        "ordered": true,
        "rho": 0.125,
        "alpha": 0.002062606163552536,
        "rs": 1000,
        "min_coverage": 34.248301898362115,
        "solution": [11242, 808, 11575, 4200, 6300, 7087, 13014, 8859, 14523, 10852, 3844, 9513, 12188, 10286, 12550, 802, 3111, 14897, 15907, 15978, 4596, 794, 4537, 3998, 1877, 16218, 15554, 6748, 10648, 1009, 12033, 1369, 1837, 3369, 1180, 330, 5215, 2583, 64, 2410, 3583, 1481, 1132, 1868, 1181, 12206, 2052, 4277, 1175, 3293, 3001, 1253, 1374, 1368, 1618, 3871, 2889, 1179, 2825, 66, 2884, 1582, 8513, 1814, 11150, 4390, 4959, 3850, 1893, 1405, 3323, 3247, 306, 991, 4578, 215, 4130, 7513, 3011, 4393, 12199, 2203, 1964, 3576, 10805, 1379, 3307, 730, 2943, 1359, 3226, 2075, 54, 4546, 7498, 387, 1431, 1867, 3076, 3272, 590, 1240, 12944, 4582, 3635, 3237, 4508, 4413, 1409, 14875, 8363, 2551, 373, 4194, 1649, 86, 207, 2006, 13739, 952, 27, 3396, 8753, 4344, 995, 1968, 4501, 1805, 9813, 2636, 1190, 2601, 7143, 2509, 2615, 14505, 3372, 13585],
        "n_features": 138
    },
    "39": {
        "n_train": 1502,
        "n_features_in": 16484,
        "n_classes": 7,
        "filter_genes": true,
        "normalize": true,
        "log": true,
        "scale": true,
        "high_var": false,
        "ordered": true,
        "rho": 0.1111111111111111,
        "alpha": 0.002365930599369085,
        "rs": 1000,
        "min_coverage": 39.134022067533806,
        "solution": [2763, 5416, 9521, 14697, 9929, 6255, 14175, 3175, 2680, 2098, 15577, 3545, 14772, 2800, 7612, 4254, 9155, 13456, 9745, 10209, 14041, 10761, 12297, 15081, 4160, 13638, 5936, 4505, 7488, 2375, 2550, 11878, 2887, 7405, 5785, 1132, 9175, 7792, 7572, 9941, 6594, 7709, 9039, 10871, 16393, 14195, 12192, 10051, 3857, 6377, 15462, 325, 5315, 5099, 15142, 2818, 9124, 2366, 7363, 15624, 13250, 6328, 12764, 1369, 15778, 4578, 2551, 110, 743, 1216, 1998, 4252, 51, 12031, 1827, 4154, 2678, 1374, 15702, 7143, 601, 1287, 1990, 4931, 306, 1289, 15952, 1893, 628, 4296, 7675, 3646, 689, 2650, 1399, 3656, 1894, 1368, 1985, 4567, 14927, 4547, 33, 4375, 1331, 1146, 3027, 216, 1265, 2037, 4393, 1433, 2413, 87, 105, 3734, 1405, 2838, 16480, 3724, 3653, 106, 1964, 45, 2994, 3573, 4566, 631, 1393, 4165, 1163, 3279, 485, 54, 3039, 64, 11517, 1636, 3397, 3592, 2449, 4531, 3091, 1881, 3810, 1177, 1242, 1239, 4403, 855, 7309, 15663, 749, 1366, 11518, 4344, 2425, 4291, 15708, 16471, 2584, 3881, 16472, 1133, 1082, 3114, 2172, 3276, 14892, 3093, 7136, 1436, 3222, 3984, 3559, 3307, 13739, 374, 5305, 15851, 4388, 3223, 15548],
        "n_features": 183
    }
}