{
    "astrocytes_ependymal": 0.0390452761211588,
    "microglia": 0.0334591510970788,
    "oligodendrocytes": 0.0416286945782245
}