{
    "8": 0.8798668885191347,
    "12": 0.9028286189683861,
    "13": 0.8785357737104825,
    "17": 0.919134775374376,
    "19": 0.9201331114808652,
    "24": 0.9391014975041597,
    "25": 0.9410981697171381,
    "29": 0.9477537437603993,
    "33": 0.9507487520798669,
    "37": 0.9467554076539102,
    "41": 0.9494176372712146,
    "46": 0.9470881863560732,
    "51": 0.9484193011647255
}