{
    "astrocytes_ependymal": 0.0011814608062809,
    "endothelial-mural": 0.0080833402543292,
    "microglia": 5.480667970800055e-07,
    "oligodendrocytes": 0.00010848396809989448
}