{
    "5": 0.5410981697171381,
    "10": 0.7138103161397671,
    "15": 0.7883527454242929,
    "20": 0.8289517470881863,
    "25": 0.8389351081530783,
    "30": 0.8778702163061564,
    "35": 0.8735440931780366,
    "40": 0.9004991680532446,
    "45": 0.9041597337770383,
    "50": 0.9118136439267887
}