{
    "5": 0.6499168053244593,
    "10": 0.83261231281198,
    "15": 0.8655574043261232,
    "20": 0.8778702163061564,
    "25": 0.8888519134775374,
    "30": 0.9038269550748752,
    "35": 0.9071547420965058,
    "40": 0.9198003327787022,
    "45": 0.9161397670549085,
    "50": 0.924459234608985
}