{
    "5": 0.7154742096505824,
    "10": 0.8242928452579035,
    "15": 0.8875207986688852,
    "20": 0.8861896838602329,
    "25": 0.9164725457570716,
    "30": 0.9261231281198004,
    "35": 0.9341098169717138,
    "40": 0.9384359400998337,
    "45": 0.940099833610649,
    "50": 0.9417637271214643
}