{
    "Bladder:Endothelial_cell": 0.2215032084841251,
    "Bladder:Epithelial_cells": 0.1883601649430975,
    "Blood:B_and_plasma": 0.0148908992088826,
    "Blood:CD4": 1.511457924874221e-06,
    "Blood:CD8": 4.310197938645087e-11,
    "Blood:Myeloid": 4.351194603213934e-09,
    "Esophagus:B_and_plasma": 0.0358337586352011,
    "Esophagus:Endothelial_cell": 0.2395070100651672,
    "Esophagus:Epithelial_cells": 0.1938160713288324,
    "Esophagus:FibSmo": 0.2388186572810017,
    "Esophagus:Myeloid": 2.9607590904851457e-10,
    "Heart:Endothelial_cell": 0.0014616859572261,
    "Liver:CD4": 7.8823418569348e-09,
    "Liver:CD8": 2.1084479187458687e-15,
    "Liver:Endothelial_cell": 0.0767017018062366,
    "Liver:Epithelial_cells": 0.2444780349397027,
    "Liver:Myeloid": 0.000661001441006031,
    "Lymph.node:B_and_plasma": 1.0303549395975135e-08,
    "Lymph.node:CD4": 4.9390318144122336e-14,
    "Lymph.node:CD8": 1.4954149549169646e-14,
    "Marrow:B_and_plasma": 0.0103663967122475,
    "Marrow:CD4": 2.34182992787626e-06,
    "Marrow:CD8": 2.38462816305151e-17,
    "Marrow:Myeloid": 0.2132878120222728,
    "Skin:Endothelial_cell": 0.0510821485062233,
    "Skin:Epithelial_cells": 0.0779761714607894,
    "Skin:FibSmo": 0.2331138129083169,
    "Small.intestine:B_and_plasma": 0.2282375549060699,
    "Small.intestine:CD4": 1.6892131122092116e-15,
    "Small.intestine:CD8": 1.1828426511598948e-15,
    "Spleen:B_and_plasma": 0.0246501537437964,
    "Spleen:CD4": 7.106303788842714e-07,
    "Spleen:CD8": 8.370123361097905e-13,
    "Spleen:Myeloid": 3.6682650797576405e-05,
    "Trachea:B_and_plasma": 7.795434526744408e-07,
    "Trachea:CD4": 2.5684062032795544e-12,
    "Trachea:CD8": 2.6152575976867218e-21,
    "Trachea:Endothelial_cell": 0.2647480830514715,
    "Trachea:Epithelial_cells": 0.101983596951217,
    "Trachea:FibSmo": 0.2700701115370106,
    "Trachea:Myeloid": 5.396262567696242e-07
}