{
    "B_and_plasma": 5.7646054345404735e-11,
    "CD4": 3.781606712833269e-20,
    "CD8": 1.2256238878221511e-26,
    "Endothelial_cell": 3.158945287715123e-08,
    "Epithelial_cells": 0.0085357945571593,
    "FibSmo": 6.293494089929395e-05,
    "Myeloid": 1.6881991587104918e-10
}