{
    "Bladder": 0.135201919805295,
    "Blood": 7.266562612530312e-07,
    "Common.bile.duct": 1,
    "Esophagus": 0.1370077992106231,
    "Heart": 0.0008254989826369415,
    "Liver": 0.0184604217740216,
    "Lymph.node": 1.0902559606053857e-10,
    "Marrow": 1.0902559606053857e-10,
    "Muscle": 1,
    "Rectum": 1,
    "Skin": 4.507263679417619e-05,
    "Small.intestine": 0.0020293625894778,
    "Spleen": 1.914495185872696e-09,
    "Stomach": 1,
    "Trachea": 0.1288683209334415
}