{
    "B_and_plasma": 6.343258e-18,
    "CD4": 7.660131e-17,
    "CD8": 2.373894e-22,
    "Endothelial_cell": 1.701258e-08,
    "Epithelial_cells": 0.016298,
    "FibSmo": 0.0211332764876326,
    "Myeloid": 6.859054e-22
}