{
    "Bladder": 0.0961809050976451,
    "Blood": 4.676498e-17,
    "Common.bile.duct": 1,
    "Esophagus": 0.0878742890417649,
    "Heart": 0.1346487182619567,
    "Liver": 1.758536867099325e-05,
    "Lymph.node": 1.984647e-06,
    "Marrow": 2.233919e-12,
    "Muscle": 1,
    "Rectum": 1,
    "Skin": 0.0025843087577139,
    "Small.intestine": 0.0056349460455328,
    "Spleen": 6.334919485576725e-07,
    "Stomach": 1,
    "Trachea": 0.0910484140975736
}