{
    "Bladder:Epithelial_cells": 0.056543157770876,
    "Bladder:FibSmo": 0.1598866918284124,
    "Blood:B_and_plasma": 6.318447679110528e-07,
    "Blood:CD4": 9.454998374634473e-23,
    "Blood:CD8": 1.1189932710679528e-20,
    "Blood:Myeloid": 6.749097495040508e-21,
    "Esophagus:B_and_plasma": 0.1162276389263449,
    "Esophagus:Endothelial_cell": 0.0060482253700346,
    "Esophagus:FibSmo": 0.1499762443087275,
    "Esophagus:Myeloid": 7.071003281270995e-16,
    "Heart:Endothelial_cell": 0.0493432392701697,
    "Liver:CD4": 7.527827102936751e-11,
    "Liver:CD8": 5.514727514129559e-16,
    "Liver:Endothelial_cell": 0.0004067730628673866,
    "Liver:Myeloid": 5.81515388646663e-07,
    "Lymph.node:B_and_plasma": 3.9857334758760036e-10,
    "Lymph.node:CD4": 3.0752545948188655e-14,
    "Lymph.node:CD8": 5.598298266817376e-12,
    "Marrow:B_and_plasma": 2.2568442946268962e-07,
    "Marrow:CD4": 4.955798281710274e-13,
    "Marrow:CD8": 3.442258423021272e-18,
    "Marrow:Myeloid": 8.755151035942442e-06,
    "Skin:Endothelial_cell": 0.00039923058720199366,
    "Skin:FibSmo": 0.0373011690518872,
    "Small.intestine:B_and_plasma": 0.2097365152558073,
    "Small.intestine:CD4": 2.767794867495509e-12,
    "Small.intestine:CD8": 2.617835528774034e-10,
    "Spleen:B_and_plasma": 0.0035153474764484,
    "Spleen:CD4": 5.384901329564097e-07,
    "Spleen:CD8": 1.8993936227901722e-10,
    "Spleen:Myeloid": 1.0187208294682333e-08,
    "Trachea:B_and_plasma": 4.967534007590973e-12,
    "Trachea:CD4": 1.4343917145340778e-11,
    "Trachea:CD8": 2.088801520622076e-17,
    "Trachea:Endothelial_cell": 0.0382956185838539,
    "Trachea:Epithelial_cells": 0.0625552640685764,
    "Trachea:FibSmo": 0.1917531680639367,
    "Trachea:Myeloid": 2.498332403924381e-13
}