{
    "4": {
        "n_train": 1502,
        "n_features_in": 16484,
        "n_classes": 7,
        "filter_genes": true,
        "normalize": true,
        "log": true,
        "scale": true,
        "high_var": false,
        "ordered": true,
        "rho": 0.3333333333333333,
        "alpha": 0.0002426595486532395,
        "rs": 1000,
        "min_coverage": 4.18088436871767,
        "solution": [3290, 1176, 4172, 1985, 601, 116, 1857, 1381, 1082, 2074, 3072, 3384, 12903, 1893, 899],
        "n_features": 15
    },
    "9": {
        "n_train": 1502,
        "n_features_in": 16484,
        "n_classes": 7,
        "filter_genes": true,
        "normalize": true,
        "log": true,
        "scale": true,
        "high_var": false,
        "ordered": true,
        "rho": 0.25,
        "alpha": 0.0005459839844697889,
        "rs": 1000,
        "min_coverage": 9.111562184989452,
        "solution": [13917, 15602, 11062, 1176, 1823, 3385, 2524, 106, 4563, 1837, 714, 2825, 1179, 4143, 1216, 4319, 1889, 1586, 3428, 16456, 3318, 4517, 1706, 3640, 401, 1868, 1308, 15564, 524, 1857, 10173],
        "n_features": 31
    },
    "14": {
        "n_train": 1502,
        "n_features_in": 16484,
        "n_classes": 7,
        "filter_genes": true,
        "normalize": true,
        "log": true,
        "scale": true,
        "high_var": false,
        "ordered": true,
        "rho": 0.2222222222222222,
        "alpha": 0.0008493084202863383,
        "rs": 1000,
        "min_coverage": 14.032925524748862,
        "solution": [4234, 1176, 1308, 3840, 1223, 2529, 1368, 3395, 3385, 3043, 4400, 4592, 16478, 2685, 1837, 4276, 882, 570, 181, 3081, 4109, 3020, 3588, 16254, 7, 3325, 2410, 3379, 4385, 4549, 2625, 15663, 45, 4567, 1299, 21, 15548, 1990, 6336, 14171, 4517, 6621, 2563, 3093, 63, 2008],
        "n_features": 46
    },
    "19": {
        "n_train": 1502,
        "n_features_in": 16484,
        "n_classes": 7,
        "filter_genes": true,
        "normalize": true,
        "log": true,
        "scale": true,
        "high_var": false,
        "ordered": true,
        "rho": 0.18181818181818182,
        "alpha": 0.0011526328561028876,
        "rs": 1000,
        "min_coverage": 19.32198453322053,
        "solution": [7260, 13789, 1336, 1431, 12056, 5499, 15312, 3027, 1368, 1998, 4172, 1656, 3081, 199, 1837, 1366, 3633, 3020, 1606, 4526, 4388, 66, 685, 3156, 387, 743, 2983, 45, 409, 3325, 9434, 3590, 2835, 1237, 1696, 3115, 3028, 2551, 1585, 2678, 11276, 13392, 15778, 3803, 2583, 4280, 1361, 14468, 5439, 1253, 1028, 701, 889, 4921, 1299, 1242, 16459, 3334, 1393, 7143, 745, 3589, 2346, 1102, 3399, 1148, 1198, 3114, 2206],
        "n_features": 69
    },
    "24": {
        "n_train": 1502,
        "n_features_in": 16484,
        "n_classes": 7,
        "filter_genes": true,
        "normalize": true,
        "log": true,
        "scale": true,
        "high_var": false,
        "ordered": true,
        "rho": 0.15384615384615385,
        "alpha": 0.001455957291919437,
        "rs": 1000,
        "min_coverage": 24.025704015395604,
        "solution": [6906, 2899, 7132, 14204, 432, 16097, 92, 3134, 351, 16100, 5308, 14076, 2777, 2366, 5038, 11583, 1122, 7899, 10547, 976, 1955, 659, 3428, 3969, 3274, 575, 1167, 1696, 2889, 1176, 296, 1197, 1343, 66, 1357, 4279, 3633, 4563, 2524, 1223, 1240, 14355, 3424, 1596, 15778, 2563, 97, 3810, 3292, 1588, 1876, 3454, 2576, 3020, 3848, 1814, 4107, 224, 3444, 7933, 4175, 2935, 3299, 1333, 3576, 745, 4154, 1190, 1419, 4596, 1174, 3577, 3967, 1991, 857, 3057, 1346, 1893, 2983, 1152, 2172, 9159, 2496, 1857, 4401, 2204, 3586, 14468, 4195, 1481, 2018, 2357, 4172],
        "n_features": 93
    },
    "29": {
        "n_train": 1502,
        "n_features_in": 16484,
        "n_classes": 7,
        "filter_genes": true,
        "normalize": true,
        "log": true,
        "scale": true,
        "high_var": false,
        "ordered": true,
        "rho": 0.14285714285714285,
        "alpha": 0.0017592817277359864,
        "rs": 1000,
        "min_coverage": 29.099938111379743,
        "solution": [11814, 14014, 8625, 4961, 11537, 13969, 14610, 9512, 14343, 1219, 3554, 8779, 2192, 6641, 6538, 1371, 215, 3579, 877, 1343, 1837, 3139, 708, 2983, 2456, 4539, 1893, 1990, 4390, 1029, 2825, 3442, 1180, 1025, 4445, 2551, 2033, 4517, 743, 3395, 1475, 15708, 2819, 575, 2716, 3559, 1585, 1355, 3653, 681, 4277, 3008, 3854, 4391, 4203, 1880, 1614, 1246, 2508, 4344, 3128, 3330, 3849, 4165, 4005, 4566, 4195, 2828, 3428, 3043, 1580, 748, 3372, 710, 1604, 2943, 1571, 1028, 1280, 13739, 3028, 16477, 387, 1828, 3861, 3222, 2075, 3057, 1216, 3626, 3560, 3020, 3184, 1393, 2653, 5660, 7136, 15564, 4110, 12175, 1346, 1357, 16480, 12153, 5327, 4130],
        "n_features": 106
    },
    "34": {
        "n_train": 1502,
        "n_features_in": 16484,
        "n_classes": 7,
        "filter_genes": true,
        "normalize": true,
        "log": true,
        "scale": true,
        "high_var": false,
        "ordered": true,
        "rho": 0.125,
        "alpha": 0.002062606163552536,
        "rs": 1000,
        "min_coverage": 34.02176404884085,
        "solution": [10011, 13562, 12594, 6620, 1525, 7699, 11836, 14965, 6836, 5055, 10421, 15605, 7141, 9710, 12783, 2826, 4948, 10688, 5937, 13932, 5240, 3067, 3008, 14728, 12570, 10828, 13566, 12269, 15998, 15403, 13194, 1571, 3391, 11589, 7130, 14459, 16287, 1355, 1297, 1629, 749, 16478, 1588, 1329, 2999, 2550, 1823, 3587, 3006, 1876, 3871, 1361, 4252, 3385, 714, 4563, 4483, 2819, 4481, 1333, 330, 3291, 1374, 4489, 12124, 3633, 8183, 1381, 15778, 3646, 3417, 1586, 4390, 3865, 11257, 3406, 296, 2529, 3426, 1580, 2583, 3433, 7115, 3583, 2732, 15990, 105, 2639, 1801, 2581, 2641, 3571, 86, 1212, 4441, 1134, 558, 3128, 2425, 2524, 2563, 570, 2794, 1805, 2551, 1146, 3588, 1704, 1723, 10178, 4536, 89, 4388, 2668, 3850, 93, 15564, 560, 5439, 4528, 1433, 3653, 1393, 1800, 4144, 3330, 356, 813, 1581, 1183, 108, 6061, 575, 1776, 1228, 12856, 1379, 1111, 3093, 4169],
        "n_features": 140
    },
    "39": {
        "n_train": 1502,
        "n_features_in": 16484,
        "n_classes": 7,
        "filter_genes": true,
        "normalize": true,
        "log": true,
        "scale": true,
        "high_var": false,
        "ordered": true,
        "rho": 0.1111111111111111,
        "alpha": 0.002365930599369085,
        "rs": 1000,
        "min_coverage": 39.020342519681435,
        "solution": [8585, 367, 12431, 4956, 15525, 11115, 7345, 14186, 15049, 4091, 8101, 11480, 4396, 13211, 13446, 6879, 3820, 5278, 12992, 9374, 15625, 51, 4263, 4702, 3718, 15748, 13719, 10919, 7812, 8574, 10479, 5660, 1333, 5262, 4484, 481, 12148, 5959, 11976, 7984, 3452, 12241, 11677, 10607, 1299, 774, 6345, 14329, 269, 2706, 12875, 1181, 10762, 14648, 3072, 1267, 4619, 3334, 757, 3385, 1201, 2636, 3590, 3008, 106, 4568, 3001, 2524, 2496, 689, 103, 2600, 3295, 1146, 3278, 14457, 2082, 21, 1584, 379, 4182, 2525, 1202, 558, 3849, 1803, 3183, 3024, 2594, 3130, 3572, 2615, 1223, 1233, 2981, 1175, 3442, 7, 4177, 5083, 11054, 1900, 1169, 1179, 3627, 3807, 1861, 3424, 7675, 1253, 1290, 1183, 33, 2476, 16480, 474, 3651, 3107, 2645, 4406, 3395, 1297, 4566, 4256, 3386, 4549, 2401, 1082, 2382, 3463, 1433, 4154, 879, 1186, 19, 3325, 1967, 27, 4252, 438, 4188, 315, 1308, 4603, 485, 3308, 8968, 869, 2499, 4349, 745, 2006, 2746, 108, 3296, 12153, 3091, 7019, 1877, 10441, 2762, 10829, 14005, 3640, 2998, 7825, 2621, 3459, 8447, 11437, 1351, 3454],
        "n_features": 172
    }
}