{
    "1": {
        "n_train": 37884,
        "n_features_in": 2968,
        "n_features": 32,
        "n_classes": 75,
        "scale": false,
        "normalize": false,
        "train_accuracy": 0.5930735930735931,
        "train_f1_micro": 0.5930735930735931,
        "train_f1_macro": 0.4405641555381464,
        "train_f1_weighted": 0.5779724984396659,
        "train_ROC": 0.9822414393323199,
        "n_test": 37885,
        "test_accuracy": 0.5819189652896924,
        "test_f1_micro": 0.5819189652896924,
        "test_f1_macro": 0.4009773166241472,
        "test_f1_weighted": 0.5652803273861833,
        "test_ROC": 0.9778195567576381,
        "solution": [1761, 849, 966, 1079, 1264, 2804, 1791, 334, 973, 1223, 2139, 231, 698, 1468, 2689, 1632, 294, 1197, 559, 2014, 1041, 2300, 979, 224, 969, 2507, 2019, 2714, 2583, 1597, 251, 1845]
    },
    "2": {
        "n_train": 37884,
        "n_features_in": 2968,
        "n_features": 56,
        "n_classes": 75,
        "scale": false,
        "normalize": false,
        "train_accuracy": 0.6886812374617253,
        "train_f1_micro": 0.6886812374617253,
        "train_f1_macro": 0.5871964602413705,
        "train_f1_weighted": 0.6819378479567395,
        "train_ROC": 0.991114579367305,
        "n_test": 37885,
        "test_accuracy": 0.6638775240860499,
        "test_f1_micro": 0.6638775240860499,
        "test_f1_macro": 0.5184801991550335,
        "test_f1_weighted": 0.6559466034122674,
        "test_ROC": 0.986763712765536,
        "solution": [234, 1555, 979, 2239, 2031, 231, 2897, 966, 2689, 182, 1224, 974, 334, 1264, 371, 592, 1826, 493, 2152, 698, 1197, 2139, 755, 412, 723, 917, 418, 791, 1632, 2014, 559, 849, 2035, 294, 128, 1062, 639, 717, 1377, 2576, 1846, 2714, 2507, 1223, 2583, 1041, 1603, 209, 2300, 868, 37, 850, 509, 1845, 2875, 702]
    },
    "3": {
        "n_train": 37884,
        "n_features_in": 2968,
        "n_features": 82,
        "n_classes": 75,
        "scale": false,
        "normalize": false,
        "train_accuracy": 0.7978830112976455,
        "train_f1_micro": 0.7978830112976455,
        "train_f1_macro": 0.7303362119764917,
        "train_f1_weighted": 0.7956405422642789,
        "train_ROC": 0.9958602145219911,
        "n_test": 37885,
        "test_accuracy": 0.7581892569618582,
        "test_f1_micro": 0.7581892569618582,
        "test_f1_macro": 0.6173500569805616,
        "test_f1_weighted": 0.7546266950955505,
        "test_ROC": 0.9917966241299679,
        "solution": [1939, 1689, 1555, 2792, 1791, 334, 973, 493, 182, 1224, 780, 1079, 2301, 966, 170, 371, 1062, 2704, 2689, 698, 1264, 1391, 1826, 1223, 418, 2152, 2139, 2643, 2583, 231, 917, 723, 717, 2425, 128, 682, 791, 34, 1400, 2410, 1229, 775, 86, 1377, 212, 2035, 2597, 755, 979, 2507, 1651, 1408, 868, 849, 850, 83, 209, 376, 412, 1846, 2714, 1197, 974, 1540, 1080, 1743, 278, 224, 185, 2408, 2019, 776, 167, 380, 2138, 2014, 1023, 2300, 1845, 2875, 702, 1953]
    },
    "4": {
        "n_train": 37884,
        "n_features_in": 2968,
        "n_features": 102,
        "n_classes": 75,
        "scale": false,
        "normalize": false,
        "train_accuracy": 0.817231548938866,
        "train_f1_micro": 0.8172315489388661,
        "train_f1_macro": 0.7538287010605917,
        "train_f1_weighted": 0.8154961986963172,
        "train_ROC": 0.9967708219233119,
        "n_test": 37885,
        "test_accuracy": 0.7689850864458229,
        "test_f1_micro": 0.7689850864458228,
        "test_f1_macro": 0.622145954284649,
        "test_f1_weighted": 0.7655373354649985,
        "test_ROC": 0.9923770721346151,
        "solution": [2738, 1689, 2239, 1555, 682, 1603, 1906, 850, 973, 1062, 2583, 2301, 212, 371, 182, 966, 2897, 334, 1224, 2689, 231, 1264, 592, 2704, 1826, 170, 1939, 993, 2754, 2152, 2139, 46, 2714, 791, 493, 2041, 1151, 294, 717, 755, 2014, 723, 1197, 1651, 780, 224, 128, 1630, 965, 2056, 1400, 412, 2425, 1846, 514, 1223, 698, 2466, 1100, 325, 376, 1327, 2035, 1631, 775, 1540, 2174, 209, 86, 1408, 404, 34, 1743, 2300, 1377, 868, 1691, 559, 2576, 1042, 83, 1230, 41, 1894, 520, 2408, 2019, 2804, 380, 2138, 1378, 418, 1080, 84, 1023, 208, 509, 1845, 2875, 702, 1953, 1103]
    },
    "5": {
        "n_train": 37884,
        "n_features_in": 2968,
        "n_features": 129,
        "n_classes": 75,
        "scale": false,
        "normalize": false,
        "train_accuracy": 0.8589378101573224,
        "train_f1_micro": 0.8589378101573223,
        "train_f1_macro": 0.8264423358041398,
        "train_f1_weighted": 0.8580410139823349,
        "train_ROC": 0.9980472098994408,
        "n_test": 37885,
        "test_accuracy": 0.7908407021248515,
        "test_f1_micro": 0.7908407021248515,
        "test_f1_macro": 0.6459852542701688,
        "test_f1_weighted": 0.7887901362200366,
        "test_ROC": 0.9935419897086236,
        "solution": [2738, 1689, 2239, 1555, 981, 412, 682, 1906, 1603, 973, 493, 182, 966, 231, 2031, 2897, 1224, 2301, 371, 2704, 1062, 2689, 1264, 212, 334, 1826, 1939, 2139, 2965, 2152, 1223, 974, 2714, 46, 885, 791, 1391, 2041, 780, 743, 2583, 2466, 2754, 965, 2014, 723, 2410, 755, 717, 487, 2425, 698, 1743, 1651, 294, 2056, 982, 325, 1100, 473, 514, 170, 2035, 372, 850, 224, 1846, 83, 2174, 1408, 376, 1197, 404, 2498, 608, 1952, 1540, 2082, 1065, 128, 1377, 559, 209, 1672, 86, 1327, 775, 2288, 168, 868, 1058, 1416, 2300, 1480, 1400, 380, 2579, 37, 2576, 2230, 1145, 2299, 1042, 2763, 41, 1259, 1894, 520, 1710, 979, 2408, 2019, 2804, 2138, 33, 35, 1378, 418, 1111, 1080, 251, 1023, 208, 509, 1845, 2875, 702, 1953, 1103]
    },
    "6": {
        "n_train": 37884,
        "n_features_in": 2968,
        "n_features": 154,
        "n_classes": 75,
        "scale": false,
        "normalize": false,
        "train_accuracy": 0.8857037271671419,
        "train_f1_micro": 0.885703727167142,
        "train_f1_macro": 0.8706593000557037,
        "train_f1_weighted": 0.8852583910551163,
        "train_ROC": 0.9986667111418018,
        "n_test": 37885,
        "test_accuracy": 0.8048831991553386,
        "test_f1_micro": 0.8048831991553387,
        "test_f1_macro": 0.6669954575983892,
        "test_f1_weighted": 0.803145322483467,
        "test_ROC": 0.9939147668394988,
        "solution": [2738, 234, 1689, 2239, 1555, 981, 682, 973, 1603, 1906, 1301, 182, 850, 2583, 775, 2031, 2897, 371, 966, 2301, 1224, 1062, 2689, 212, 2961, 1939, 231, 46, 2704, 170, 2965, 1826, 791, 2152, 974, 2714, 2754, 1391, 1264, 2041, 334, 2139, 717, 2056, 2410, 592, 1042, 493, 965, 1945, 2014, 1197, 698, 1223, 780, 294, 723, 885, 325, 982, 1651, 1400, 514, 2035, 473, 372, 755, 2466, 1743, 224, 2734, 128, 559, 472, 83, 209, 2883, 2174, 1100, 376, 1846, 86, 1853, 206, 1631, 1408, 412, 2300, 298, 1041, 1540, 1415, 1672, 1750, 1683, 1327, 404, 260, 2700, 2082, 2927, 380, 37, 2576, 418, 232, 1080, 509, 1065, 730, 979, 1377, 868, 2579, 1952, 2230, 1145, 2299, 1230, 1338, 2763, 41, 318, 1416, 843, 331, 1236, 1894, 448, 1480, 784, 2875, 2636, 1710, 2408, 2019, 2804, 792, 2138, 33, 35, 1378, 34, 1860, 84, 251, 988, 1023, 208, 1290, 1845, 702, 1953, 1103]
    },
    "7": {
        "n_train": 37884,
        "n_features_in": 2968,
        "n_features": 188,
        "n_classes": 75,
        "scale": false,
        "normalize": false,
        "train_accuracy": 0.90777109069792,
        "train_f1_micro": 0.90777109069792,
        "train_f1_macro": 0.9015687337666746,
        "train_f1_weighted": 0.9074485736172979,
        "train_ROC": 0.9990942644378183,
        "n_test": 37885,
        "test_accuracy": 0.8143592450838063,
        "test_f1_micro": 0.8143592450838063,
        "test_f1_macro": 0.6744930313632348,
        "test_f1_weighted": 0.8128365201950627,
        "test_ROC": 0.9942291317716445,