{
    "1": {
        "n_train": 37884,
        "n_features_in": 2968,
        "n_features": 30,
        "n_classes": 75,
        "scale": false,
        "normalize": false,
        "train_accuracy": 0.5985376412205681,
        "train_f1_micro": 0.5985376412205681,
        "train_f1_macro": 0.39725070833431825,
        "train_f1_weighted": 0.575819783477175,
        "train_ROC": 0.9807005256201407,
        "n_test": 37885,
        "test_accuracy": 0.5823676916985614,
        "test_f1_micro": 0.5823676916985614,
        "test_f1_macro": 0.3636989164814445,
        "test_f1_weighted": 0.5589791418847807,
        "test_ROC": 0.9773087655323652,
        "solution": [49, 194, 234, 412, 682, 775, 969, 979, 981, 1063, 1449, 1540, 1555, 1597, 1685, 1689, 1761, 1906, 1907, 1939, 2031, 2125, 2239, 2350, 2408, 2423, 2734, 2738, 2751, 2961]
    },
    "2": {
        "n_train": 37884,
        "n_features_in": 2968,
        "n_features": 54,
        "n_classes": 75,
        "scale": false,
        "normalize": false,
        "train_accuracy": 0.6694910780276634,
        "train_f1_micro": 0.6694910780276634,
        "train_f1_macro": 0.5218344488374872,
        "train_f1_weighted": 0.657197371542795,
        "train_ROC": 0.9882881157491505,
        "n_test": 37885,
        "test_accuracy": 0.6392767586115877,
        "test_f1_micro": 0.6392767586115877,
        "test_f1_macro": 0.4545047985497024,
        "test_f1_weighted": 0.6254414417312203,
        "test_ROC": 0.9840935038110202,
        "solution": [49, 194, 234, 371, 412, 682, 775, 872, 967, 969, 979, 980, 981, 1063, 1256, 1264, 1377, 1449, 1537, 1540, 1555, 1597, 1600, 1603, 1685, 1689, 1690, 1761, 1842, 1846, 1906, 1907, 1939, 2031, 2056, 2066, 2124, 2125, 2239, 2350, 2408, 2423, 2471, 2507, 2734, 2738, 2751, 2768, 2792, 2804, 2896, 2897, 2960, 2961]
    },
    "3": {
        "n_train": 37884,
        "n_features_in": 2968,
        "n_features": 77,
        "n_classes": 75,
        "scale": false,
        "normalize": false,
        "train_accuracy": 0.7213335445042762,
        "train_f1_micro": 0.7213335445042762,
        "train_f1_macro": 0.597347181230927,
        "train_f1_weighted": 0.7135212280235902,
        "train_ROC": 0.9914696898720192,
        "n_test": 37885,
        "test_accuracy": 0.6833839250362941,
        "test_f1_micro": 0.6833839250362941,
        "test_f1_macro": 0.5074494417771817,
        "test_f1_weighted": 0.6739484399114173,
        "test_ROC": 0.9866089884332784,
        "solution": [33, 35, 49, 56, 168, 170, 194, 234, 371, 404, 412, 592, 682, 775, 792, 872, 967, 969, 979, 980, 981, 992, 1063, 1148, 1159, 1172, 1256, 1264, 1377, 1391, 1449, 1537, 1540, 1553, 1555, 1595, 1597, 1600, 1602, 1603, 1636, 1685, 1689, 1690, 1761, 1821, 1842, 1846, 1906, 1907, 1939, 2031, 2056, 2066, 2124, 2125, 2207, 2239, 2288, 2350, 2368, 2408, 2423, 2471, 2507, 2734, 2737, 2738, 2751, 2768, 2781, 2792, 2804, 2896, 2897, 2960, 2961]
    },
    "4": {
        "n_train": 37884,
        "n_features_in": 2968,
        "n_features": 102,
        "n_classes": 75,
        "scale": false,
        "normalize": false,
        "train_accuracy": 0.7688206102840249,
        "train_f1_micro": 0.7688206102840249,
        "train_f1_macro": 0.6771760705976594,
        "train_f1_weighted": 0.7645715764694511,
        "train_ROC": 0.9942384384845163,
        "n_test": 37885,
        "test_accuracy": 0.7192820377458097,
        "test_f1_micro": 0.7192820377458097,
        "test_f1_macro": 0.5556388083148049,
        "test_f1_weighted": 0.7132957498682719,
        "test_ROC": 0.9887868618404239,
        "solution": [33, 34, 35, 37, 49, 56, 83, 137, 163, 168, 169, 170, 185, 194, 234, 314, 371, 404, 412, 592, 662, 682, 683, 775, 792, 859, 872, 966, 967, 969, 979, 980, 981, 982, 992, 1063, 1148, 1159, 1164, 1172, 1177, 1256, 1264, 1301, 1377, 1391, 1430, 1449, 1537, 1540, 1553, 1555, 1595, 1597, 1600, 1602, 1603, 1630, 1636, 1685, 1689, 1690, 1761, 1821, 1842, 1846, 1906, 1907, 1939, 2031, 2056, 2066, 2124, 2125, 2138, 2207, 2230, 2239, 2288, 2350, 2368, 2408, 2410, 2413, 2423, 2471, 2507, 2579, 2640, 2714, 2734, 2737, 2738, 2751, 2768, 2781, 2792, 2804, 2896, 2897, 2960, 2961]
    },
    "5": {
        "n_train": 37884,
        "n_features_in": 2968,
        "n_features": 121,
        "n_classes": 75,
        "scale": false,
        "normalize": false,
        "train_accuracy": 0.8148822721993454,
        "train_f1_micro": 0.8148822721993454,
        "train_f1_macro": 0.7504774758178013,
        "train_f1_weighted": 0.8121208341670485,
        "train_ROC": 0.9962251296959962,
        "n_test": 37885,
        "test_accuracy": 0.7526197703576614,
        "test_f1_micro": 0.7526197703576615,
        "test_f1_macro": 0.6003765356969731,
        "test_f1_weighted": 0.7480260353380732,
        "test_ROC": 0.9910829347368819,
        "solution": [33, 34, 35, 37, 49, 56, 83, 137, 163, 167, 168, 169, 170, 185, 194, 234, 314, 371, 372, 404, 412, 514, 592, 662, 682, 683, 775, 776, 792, 859, 872, 913, 960, 966, 967, 969, 973, 979, 980, 981, 982, 983, 992, 993, 1063, 1148, 1159, 1164, 1172, 1177, 1197, 1256, 1264, 1301, 1377, 1391, 1430, 1449, 1537, 1540, 1553, 1555, 1595, 1597, 1600, 1602, 1603, 1630, 1636, 1685, 1689, 1690, 1761, 1821, 1832, 1842, 1843, 1846, 1850, 1853, 1863, 1906, 1907, 1909, 1939, 2019, 2031, 2056, 2066, 2124, 2125, 2138, 2207, 2230, 2239, 2288, 2350, 2368, 2408, 2410, 2413, 2423, 2471, 2507, 2579, 2583, 2594, 2640, 2714, 2734, 2737, 2738, 2751, 2768, 2781, 2792, 2804, 2896, 2897, 2960, 2961]
    },
    "6": {
        "n_train": 37884,
        "n_features_in": 2968,
        "n_features": 145,
        "n_classes": 75,
        "scale": false,
        "normalize": false,
        "train_accuracy": 0.8381902650195333,
        "train_f1_micro": 0.8381902650195334,
        "train_f1_macro": 0.7887531483933239,
        "train_f1_weighted": 0.8363360382813457,
        "train_ROC": 0.997139003712504,
        "n_test": 37885,
        "test_accuracy": 0.7671901808103471,
        "test_f1_micro": 0.7671901808103471,
        "test_f1_macro": 0.6181019152852726,
        "test_f1_weighted": 0.763596789902278,
        "test_ROC": 0.9918847474313369,
        "solution": [33, 34, 35, 37, 49, 56, 83, 137, 163, 164, 167, 168, 169, 170, 185, 194, 231, 234, 314, 320, 371, 372, 404, 412, 514, 559, 592, 662, 682, 683, 686, 775, 776, 780, 792, 849, 859, 868, 872, 913, 960, 966, 967, 969, 973, 979, 980, 981, 982, 983, 992, 993, 1063, 1148, 1159, 1164, 1172, 1177, 1197, 1256, 1264, 1301, 1358, 1377, 1391, 1415, 1430, 1449, 1487, 1517, 1537, 1540, 1544, 1553, 1555, 1595, 1597, 1599, 1600, 1602, 1603, 1630, 1636, 1685, 1689, 1690, 1691, 1761, 1765, 1821, 1832, 1842, 1843, 1846, 1850, 1853, 1863, 1865, 1906, 1907, 1909, 1939, 2019, 2031, 2056, 2066, 2124, 2125, 2138, 2207, 2230, 2239, 2288, 2331, 2332, 2350, 2368, 2408, 2410, 2413, 2423, 2471, 2497, 2507, 2544, 2577, 2579, 2583, 2594, 2640, 2714, 2734, 2737, 2738, 2751, 2768, 2781, 2792, 2804, 2893, 2896, 2897, 2929, 2960, 2961]
    },
    "7": {
        "n_train": 37884,
        "n_features_in": 2968,
        "n_features": 180,
        "n_classes": 75,
        "scale": false,
        "normalize": false,
        "train_accuracy": 0.8636627600042234,
        "train_f1_micro": 0.8636627600042234,
        "train_f1_macro": 0.8341204626647793,
        "train_f1_weighted": 0.8624059762987399,
        "train_ROC": 0.997940237002433,
        "n_test": 37885,
        "test_accuracy": 0.7760855219743962,
        "test_f1_micro": 0.7760855219743962,
        "test_f1_macro": 0.6286085121531813,
        "test_f1_weighted": 0.7735840491586206,
        "test_ROC": 0.9922366899330148,